solid OpenSCAD_Model
  facet normal -0.999465 0.0326957 0
    outer loop
      vertex 18.1454 -0.140616 29
      vertex 18.15 0 34.5
      vertex 18.15 0 29
    endloop
  endfacet
  facet normal -0.999465 0.0326957 0
    outer loop
      vertex 18.15 0 34.5
      vertex 18.1454 -0.140616 29
      vertex 18.1454 -0.140616 34.5
    endloop
  endfacet
  facet normal -0.995178 -0.0980856 0
    outer loop
      vertex 18.1454 0.140616 29
      vertex 18.1316 0.280631 34.5
      vertex 18.1316 0.280631 29
    endloop
  endfacet
  facet normal -0.995178 -0.0980856 0
    outer loop
      vertex 18.1316 0.280631 34.5
      vertex 18.1454 0.140616 29
      vertex 18.1454 0.140616 34.5
    endloop
  endfacet
  facet normal -0.999465 -0.0326957 0
    outer loop
      vertex 18.15 0 29
      vertex 18.1454 0.140616 34.5
      vertex 18.1454 0.140616 29
    endloop
  endfacet
  facet normal -0.999465 -0.0326957 0
    outer loop
      vertex 18.1454 0.140616 34.5
      vertex 18.15 0 29
      vertex 18.15 0 34.5
    endloop
  endfacet
  facet normal 0.634224 0.773149 -0
    outer loop
      vertex 14.6912 -1.70571 30
      vertex 14.5824 -1.61646 34.5
      vertex 14.6912 -1.70571 34.5
    endloop
  endfacet
  facet normal 0.634224 0.773149 0
    outer loop
      vertex 14.5824 -1.61646 34.5
      vertex 14.6912 -1.70571 30
      vertex 14.5824 -1.61646 30
    endloop
  endfacet
  facet normal 0.290347 -0.956922 0
    outer loop
      vertex 15.3089 2.0359 30
      vertex 15.4435 2.07674 34.5
      vertex 15.3089 2.0359 34.5
    endloop
  endfacet
  facet normal 0.290347 -0.956922 0
    outer loop
      vertex 15.4435 2.07674 34.5
      vertex 15.3089 2.0359 30
      vertex 15.4435 2.07674 30
    endloop
  endfacet
  facet normal -0.22696 0.973904 0
    outer loop
      vertex 16.5565 -2.07674 29
      vertex 16.4194 -2.10869 34.5
      vertex 16.5565 -2.07674 34.5
    endloop
  endfacet
  facet normal -0.22696 0.973904 0
    outer loop
      vertex 16.4194 -2.10869 34.5
      vertex 16.5565 -2.07674 29
      vertex 16.4194 -2.10869 29
    endloop
  endfacet
  facet normal 0.773181 -0.634186 0
    outer loop
      vertex 14.2943 1.30884 34.5
      vertex 14.3835 1.41759 30
      vertex 14.3835 1.41759 34.5
    endloop
  endfacet
  facet normal 0.773181 -0.634186 0
    outer loop
      vertex 14.3835 1.41759 30
      vertex 14.2943 1.30884 34.5
      vertex 14.2943 1.30884 30
    endloop
  endfacet
  facet normal 0.812676 0.582716 0
    outer loop
      vertex 14.2943 -1.30884 34.5
      vertex 14.2123 -1.19448 30
      vertex 14.2123 -1.19448 34.5
    endloop
  endfacet
  facet normal 0.812676 0.582716 0
    outer loop
      vertex 14.2123 -1.19448 30
      vertex 14.2943 -1.30884 34.5
      vertex 14.2943 -1.30884 30
    endloop
  endfacet
  facet normal -0.973795 0.227429 0
    outer loop
      vertex 18.0767 -0.55646 29
      vertex 18.1087 -0.419444 34.5
      vertex 18.1087 -0.419444 29
    endloop
  endfacet
  facet normal -0.973795 0.227429 0
    outer loop
      vertex 18.1087 -0.419444 34.5
      vertex 18.0767 -0.55646 29
      vertex 18.0767 -0.55646 34.5
    endloop
  endfacet
  facet normal 0.352198 -0.935926 0
    outer loop
      vertex 15.1772 1.98634 30
      vertex 15.3089 2.0359 34.5
      vertex 15.1772 1.98634 34.5
    endloop
  endfacet
  facet normal 0.352198 -0.935926 0
    outer loop
      vertex 15.3089 2.0359 34.5
      vertex 15.1772 1.98634 30
      vertex 15.3089 2.0359 30
    endloop
  endfacet
  facet normal 0.849194 0.528081 0
    outer loop
      vertex 14.2123 -1.19448 34.5
      vertex 14.138 -1.075 30
      vertex 14.138 -1.075 34.5
    endloop
  endfacet
  facet normal 0.849194 0.528081 0
    outer loop
      vertex 14.138 -1.075 30
      vertex 14.2123 -1.19448 34.5
      vertex 14.2123 -1.19448 30
    endloop
  endfacet
  facet normal -0.0326994 0.999465 2.4959e-07
    outer loop
      vertex 16.1406 -2.1454 34.5
      vertex 16.0559 -2.14817 30
      vertex 16 -2.15 34.5
    endloop
  endfacet
  facet normal -0.0326862 0.999466 0
    outer loop
      vertex 16.1406 -2.1454 29
      vertex 16.0559 -2.14817 30
      vertex 16.1406 -2.1454 34.5
    endloop
  endfacet
  facet normal -0.0326862 0.999466 0
    outer loop
      vertex 16.0559 -2.14817 30
      vertex 16.1406 -2.1454 29
      vertex 16.0559 -2.14817 29
    endloop
  endfacet
  facet normal -0.0327195 0.999465 0
    outer loop
      vertex 16 -2.15 34.5
      vertex 16.0559 -2.14817 30
      vertex 16 -2.15 30
    endloop
  endfacet
  facet normal 0.412817 -0.910814 0
    outer loop
      vertex 15.0491 1.92828 30
      vertex 15.1772 1.98634 34.5
      vertex 15.0491 1.92828 34.5
    endloop
  endfacet
  facet normal 0.412817 -0.910814 0
    outer loop
      vertex 15.1772 1.98634 34.5
      vertex 15.0491 1.92828 30
      vertex 15.1772 1.98634 30
    endloop
  endfacet
  facet normal 0.22696 0.973904 -0
    outer loop
      vertex 15.5806 -2.10869 30
      vertex 15.4435 -2.07674 34.5
      vertex 15.5806 -2.10869 34.5
    endloop
  endfacet
  facet normal 0.22696 0.973904 0
    outer loop
      vertex 15.4435 -2.07674 34.5
      vertex 15.5806 -2.10869 30
      vertex 15.4435 -2.07674 30
    endloop
  endfacet
  facet normal -0.582683 0.812699 0
    outer loop
      vertex 17.3088 -1.70571 29
      vertex 17.1945 -1.78766 34.5
      vertex 17.3088 -1.70571 34.5
    endloop
  endfacet
  facet normal -0.582683 0.812699 0
    outer loop
      vertex 17.1945 -1.78766 34.5
      vertex 17.3088 -1.70571 29
      vertex 17.1945 -1.78766 29
    endloop
  endfacet
  facet normal -0.527966 -0.849266 0
    outer loop
      vertex 17.075 1.86195 29
      vertex 17.1945 1.78766 34.5
      vertex 17.075 1.86195 34.5
    endloop
  endfacet
  facet normal -0.527966 -0.849266 -0
    outer loop
      vertex 17.1945 1.78766 34.5
      vertex 17.075 1.86195 29
      vertex 17.1945 1.78766 29
    endloop
  endfacet
  facet normal 0.22696 -0.973904 0
    outer loop
      vertex 15.4435 2.07674 30
      vertex 15.5806 2.10869 34.5
      vertex 15.4435 2.07674 34.5
    endloop
  endfacet
  facet normal 0.22696 -0.973904 0
    outer loop
      vertex 15.5806 2.10869 34.5
      vertex 15.4435 2.07674 30
      vertex 15.5806 2.10869 30
    endloop
  endfacet
  facet normal 0.773181 0.634186 0
    outer loop
      vertex 14.3835 -1.41759 34.5
      vertex 14.2943 -1.30884 30
      vertex 14.2943 -1.30884 34.5
    endloop
  endfacet
  facet normal 0.773181 0.634186 0
    outer loop
      vertex 14.2943 -1.30884 30
      vertex 14.3835 -1.41759 34.5
      vertex 14.3835 -1.41759 30
    endloop
  endfacet
  facet normal -0.773181 0.634186 0
    outer loop
      vertex 17.6165 -1.41759 29
      vertex 17.7057 -1.30884 34.5
      vertex 17.7057 -1.30884 29
    endloop
  endfacet
  facet normal -0.773181 0.634186 0
    outer loop
      vertex 17.7057 -1.30884 34.5
      vertex 17.6165 -1.41759 29
      vertex 17.6165 -1.41759 34.5
    endloop
  endfacet
  facet normal 0.162923 -0.986639 0
    outer loop
      vertex 15.5806 2.10869 30
      vertex 15.7194 2.13161 34.5
      vertex 15.5806 2.10869 34.5
    endloop
  endfacet
  facet normal 0.162923 -0.986639 0
    outer loop
      vertex 15.7194 2.13161 34.5
      vertex 15.5806 2.10869 30
      vertex 15.7194 2.13161 30
    endloop
  endfacet
  facet normal -0.729792 -0.683669 0
    outer loop
      vertex 17.6165 1.41759 29
      vertex 17.5203 1.52028 34.5
      vertex 17.5203 1.52028 29
    endloop
  endfacet
  facet normal -0.729792 -0.683669 0
    outer loop
      vertex 17.5203 1.52028 34.5
      vertex 17.6165 1.41759 29
      vertex 17.6165 1.41759 34.5
    endloop
  endfacet
  facet normal -0.352198 0.935926 0
    outer loop
      vertex 16.8228 -1.98634 29
      vertex 16.6911 -2.0359 34.5
      vertex 16.8228 -1.98634 34.5
    endloop
  endfacet
  facet normal -0.352198 0.935926 0
    outer loop
      vertex 16.6911 -2.0359 34.5
      vertex 16.8228 -1.98634 29
      vertex 16.6911 -2.0359 29
    endloop
  endfacet
  facet normal 0.911036 -0.412327 0
    outer loop
      vertex 14.0137 0.822769 34.5
      vertex 14.0717 0.95092 30
      vertex 14.0717 0.95092 34.5
    endloop
  endfacet
  facet normal 0.911036 -0.412327 0
    outer loop
      vertex 14.0717 0.95092 30
      vertex 14.0137 0.822769 34.5
      vertex 14.0137 0.822769 30
    endloop
  endfacet
  facet normal 0.290347 0.956922 -0
    outer loop
      vertex 15.4435 -2.07674 30
      vertex 15.3089 -2.0359 34.5
      vertex 15.4435 -2.07674 34.5
    endloop
  endfacet
  facet normal 0.290347 0.956922 0
    outer loop
      vertex 15.3089 -2.0359 34.5
      vertex 15.4435 -2.07674 30
      vertex 15.3089 -2.0359 30
    endloop
  endfacet
  facet normal -0.881987 -0.471274 0
    outer loop
      vertex 17.9283 0.95092 29
      vertex 17.862 1.075 34.5
      vertex 17.862 1.075 29
    endloop
  endfacet
  facet normal -0.881987 -0.471274 0
    outer loop
      vertex 17.862 1.075 34.5
      vertex 17.9283 0.95092 29
      vertex 17.9283 0.95092 34.5
    endloop
  endfacet
  facet normal 0.352198 0.935926 -0
    outer loop
      vertex 15.3089 -2.0359 30
      vertex 15.1772 -1.98634 34.5
      vertex 15.3089 -2.0359 34.5
    endloop
  endfacet
  facet normal 0.352198 0.935926 0
    outer loop
      vertex 15.1772 -1.98634 34.5
      vertex 15.3089 -2.0359 30
      vertex 15.1772 -1.98634 30
    endloop
  endfacet
  facet normal -0.412817 -0.910814 0
    outer loop
      vertex 16.8228 1.98634 29
      vertex 16.9509 1.92828 34.5
      vertex 16.8228 1.98634 34.5
    endloop
  endfacet
  facet normal -0.412817 -0.910814 -0
    outer loop
      vertex 16.9509 1.92828 34.5
      vertex 16.8228 1.98634 29
      vertex 16.9509 1.92828 29
    endloop
  endfacet
  facet normal 0.973795 0.227429 0
    outer loop
      vertex 13.9233 -0.55646 34.5
      vertex 13.8913 -0.419444 30
      vertex 13.8913 -0.419444 34.5
    endloop
  endfacet
  facet normal 0.973795 0.227429 0
    outer loop
      vertex 13.8913 -0.419444 30
      vertex 13.9233 -0.55646 34.5
      vertex 13.9233 -0.55646 30
    endloop
  endfacet
  facet normal 0.582683 -0.812699 0
    outer loop
      vertex 14.6912 1.70571 30
      vertex 14.8055 1.78766 34.5
      vertex 14.6912 1.70571 34.5
    endloop
  endfacet
  facet normal 0.582683 -0.812699 0
    outer loop
      vertex 14.8055 1.78766 34.5
      vertex 14.6912 1.70571 30
      vertex 14.8055 1.78766 30
    endloop
  endfacet
  facet normal 0.634224 -0.773149 0
    outer loop
      vertex 14.5824 1.61646 30
      vertex 14.6912 1.70571 34.5
      vertex 14.5824 1.61646 34.5
    endloop
  endfacet
  facet normal 0.634224 -0.773149 0
    outer loop
      vertex 14.6912 1.70571 34.5
      vertex 14.5824 1.61646 30
      vertex 14.6912 1.70571 30
    endloop
  endfacet
  facet normal 0.93581 0.352506 0
    outer loop
      vertex 14.0137 -0.822769 34.5
      vertex 13.9641 -0.691094 30
      vertex 13.9641 -0.691094 34.5
    endloop
  endfacet
  facet normal 0.93581 0.352506 0
    outer loop
      vertex 13.9641 -0.691094 30
      vertex 14.0137 -0.822769 34.5
      vertex 14.0137 -0.822769 30
    endloop
  endfacet
  facet normal -0.582683 -0.812699 0
    outer loop
      vertex 17.1945 1.78766 29
      vertex 17.3088 1.70571 34.5
      vertex 17.1945 1.78766 34.5
    endloop
  endfacet
  facet normal -0.582683 -0.812699 -0
    outer loop
      vertex 17.3088 1.70571 34.5
      vertex 17.1945 1.78766 29
      vertex 17.3088 1.70571 29
    endloop
  endfacet
  facet normal -0.471381 0.88193 0
    outer loop
      vertex 17.075 -1.86195 29
      vertex 16.9509 -1.92828 34.5
      vertex 17.075 -1.86195 34.5
    endloop
  endfacet
  facet normal -0.471381 0.88193 0
    outer loop
      vertex 16.9509 -1.92828 34.5
      vertex 17.075 -1.86195 29
      vertex 16.9509 -1.92828 29
    endloop
  endfacet
  facet normal -0.812676 -0.582716 0
    outer loop
      vertex 17.7877 1.19448 29
      vertex 17.7057 1.30884 34.5
      vertex 17.7057 1.30884 29
    endloop
  endfacet
  facet normal -0.812676 -0.582716 0
    outer loop
      vertex 17.7057 1.30884 34.5
      vertex 17.7877 1.19448 29
      vertex 17.7877 1.19448 34.5
    endloop
  endfacet
  facet normal -0.957021 -0.290019 0
    outer loop
      vertex 18.0767 0.55646 29
      vertex 18.0359 0.691094 34.5
      vertex 18.0359 0.691094 29
    endloop
  endfacet
  facet normal -0.957021 -0.290019 0
    outer loop
      vertex 18.0359 0.691094 34.5
      vertex 18.0767 0.55646 29
      vertex 18.0767 0.55646 34.5
    endloop
  endfacet
  facet normal -0.986664 -0.16277 0
    outer loop
      vertex 18.1316 0.280631 29
      vertex 18.1087 0.419444 34.5
      vertex 18.1087 0.419444 29
    endloop
  endfacet
  facet normal -0.986664 -0.16277 0
    outer loop
      vertex 18.1087 0.419444 34.5
      vertex 18.1316 0.280631 29
      vertex 18.1316 0.280631 34.5
    endloop
  endfacet
  facet normal 0.995178 0.0980856 0
    outer loop
      vertex 13.8684 -0.280631 34.5
      vertex 13.8546 -0.140616 30
      vertex 13.8546 -0.140616 34.5
    endloop
  endfacet
  facet normal 0.995178 0.0980856 0
    outer loop
      vertex 13.8546 -0.140616 30
      vertex 13.8684 -0.280631 34.5
      vertex 13.8684 -0.280631 30
    endloop
  endfacet
  facet normal 0.0980256 0.995184 -0
    outer loop
      vertex 15.8594 -2.1454 30
      vertex 15.7194 -2.13161 34.5
      vertex 15.8594 -2.1454 34.5
    endloop
  endfacet
  facet normal 0.0980256 0.995184 0
    outer loop
      vertex 15.7194 -2.13161 34.5
      vertex 15.8594 -2.1454 30
      vertex 15.7194 -2.13161 30
    endloop
  endfacet
  facet normal 0.582683 0.812699 -0
    outer loop
      vertex 14.8055 -1.78766 30
      vertex 14.6912 -1.70571 34.5
      vertex 14.8055 -1.78766 34.5
    endloop
  endfacet
  facet normal 0.582683 0.812699 0
    outer loop
      vertex 14.6912 -1.70571 34.5
      vertex 14.8055 -1.78766 30
      vertex 14.6912 -1.70571 30
    endloop
  endfacet
  facet normal 0.0326994 -0.999465 0
    outer loop
      vertex 15.8594 2.1454 30
      vertex 16 2.15 34.5
      vertex 15.8594 2.1454 34.5
    endloop
  endfacet
  facet normal 0.0326994 -0.999465 0
    outer loop
      vertex 16 2.15 34.5
      vertex 15.8594 2.1454 30
      vertex 16 2.15 30
    endloop
  endfacet
  facet normal 0.683558 -0.729896 0
    outer loop
      vertex 14.4797 1.52028 30
      vertex 14.5824 1.61646 34.5
      vertex 14.4797 1.52028 34.5
    endloop
  endfacet
  facet normal 0.683558 -0.729896 0
    outer loop
      vertex 14.5824 1.61646 34.5
      vertex 14.4797 1.52028 30
      vertex 14.5824 1.61646 30
    endloop
  endfacet
  facet normal -0.957021 0.290019 0
    outer loop
      vertex 18.0359 -0.691094 29
      vertex 18.0767 -0.55646 34.5
      vertex 18.0767 -0.55646 29
    endloop
  endfacet
  facet normal -0.957021 0.290019 0
    outer loop
      vertex 18.0767 -0.55646 34.5
      vertex 18.0359 -0.691094 29
      vertex 18.0359 -0.691094 34.5
    endloop
  endfacet
  facet normal -0.881987 0.471274 0
    outer loop
      vertex 17.862 -1.075 29
      vertex 17.9283 -0.95092 34.5
      vertex 17.9283 -0.95092 29
    endloop
  endfacet
  facet normal -0.881987 0.471274 0
    outer loop
      vertex 17.9283 -0.95092 34.5
      vertex 17.862 -1.075 29
      vertex 17.862 -1.075 34.5
    endloop
  endfacet
  facet normal -0.995178 0.0980856 0
    outer loop
      vertex 18.1316 -0.280631 29
      vertex 18.1454 -0.140616 34.5
      vertex 18.1454 -0.140616 29
    endloop
  endfacet
  facet normal -0.995178 0.0980856 0
    outer loop
      vertex 18.1454 -0.140616 34.5
      vertex 18.1316 -0.280631 29
      vertex 18.1316 -0.280631 34.5
    endloop
  endfacet
  facet normal -0.634224 -0.773149 0
    outer loop
      vertex 17.3088 1.70571 29
      vertex 17.4176 1.61646 34.5
      vertex 17.3088 1.70571 34.5
    endloop
  endfacet
  facet normal -0.634224 -0.773149 -0
    outer loop
      vertex 17.4176 1.61646 34.5
      vertex 17.3088 1.70571 29
      vertex 17.4176 1.61646 29
    endloop
  endfacet
  facet normal 0.957021 -0.290019 0
    outer loop
      vertex 13.9233 0.55646 34.5
      vertex 13.9641 0.691094 30
      vertex 13.9641 0.691094 34.5
    endloop
  endfacet
  facet normal 0.957021 -0.290019 0
    outer loop
      vertex 13.9641 0.691094 30
      vertex 13.9233 0.55646 34.5
      vertex 13.9233 0.55646 30
    endloop
  endfacet
  facet normal 0.986664 -0.16277 0
    outer loop
      vertex 13.8684 0.280631 34.5
      vertex 13.8913 0.419444 30
      vertex 13.8913 0.419444 34.5
    endloop
  endfacet
  facet normal 0.986664 -0.16277 0
    outer loop
      vertex 13.8913 0.419444 30
      vertex 13.8684 0.280631 34.5
      vertex 13.8684 0.280631 30
    endloop
  endfacet
  facet normal -0.527966 0.849266 0
    outer loop
      vertex 17.1945 -1.78766 29
      vertex 17.075 -1.86195 34.5
      vertex 17.1945 -1.78766 34.5
    endloop
  endfacet
  facet normal -0.527966 0.849266 0
    outer loop
      vertex 17.075 -1.86195 34.5
      vertex 17.1945 -1.78766 29
      vertex 17.075 -1.86195 29
    endloop
  endfacet
  facet normal -0.911036 -0.412327 0
    outer loop
      vertex 17.9863 0.822769 29
      vertex 17.9283 0.95092 34.5
      vertex 17.9283 0.95092 29
    endloop
  endfacet
  facet normal -0.911036 -0.412327 0
    outer loop
      vertex 17.9283 0.95092 34.5
      vertex 17.9863 0.822769 29
      vertex 17.9863 0.822769 34.5
    endloop
  endfacet
  facet normal -0.412817 0.910814 0
    outer loop
      vertex 16.9509 -1.92828 29
      vertex 16.8228 -1.98634 34.5
      vertex 16.9509 -1.92828 34.5
    endloop
  endfacet
  facet normal -0.412817 0.910814 0
    outer loop
      vertex 16.8228 -1.98634 34.5
      vertex 16.9509 -1.92828 29
      vertex 16.8228 -1.98634 29
    endloop
  endfacet
  facet normal -0.0980256 0.995184 0
    outer loop
      vertex 16.2806 -2.13161 29
      vertex 16.1406 -2.1454 34.5
      vertex 16.2806 -2.13161 34.5
    endloop
  endfacet
  facet normal -0.0980256 0.995184 0
    outer loop
      vertex 16.1406 -2.1454 34.5
      vertex 16.2806 -2.13161 29
      vertex 16.1406 -2.1454 29
    endloop
  endfacet
  facet normal -0.290347 0.956922 0
    outer loop
      vertex 16.6911 -2.0359 29
      vertex 16.5565 -2.07674 34.5
      vertex 16.6911 -2.0359 34.5
    endloop
  endfacet
  facet normal -0.290347 0.956922 0
    outer loop
      vertex 16.5565 -2.07674 34.5
      vertex 16.6911 -2.0359 29
      vertex 16.5565 -2.07674 29
    endloop
  endfacet
  facet normal 0.995178 -0.0980856 0
    outer loop
      vertex 13.8546 0.140616 34.5
      vertex 13.8684 0.280631 30
      vertex 13.8684 0.280631 34.5
    endloop
  endfacet
  facet normal 0.995178 -0.0980856 0
    outer loop
      vertex 13.8684 0.280631 30
      vertex 13.8546 0.140616 34.5
      vertex 13.8546 0.140616 30
    endloop
  endfacet
  facet normal 0.0326994 0.999465 -0
    outer loop
      vertex 16 -2.15 30
      vertex 15.8594 -2.1454 34.5
      vertex 16 -2.15 34.5
    endloop
  endfacet
  facet normal 0.0326994 0.999465 0
    outer loop
      vertex 15.8594 -2.1454 34.5
      vertex 16 -2.15 30
      vertex 15.8594 -2.1454 30
    endloop
  endfacet
  facet normal 0.0980256 -0.995184 0
    outer loop
      vertex 15.7194 2.13161 30
      vertex 15.8594 2.1454 34.5
      vertex 15.7194 2.13161 34.5
    endloop
  endfacet
  facet normal 0.0980256 -0.995184 0
    outer loop
      vertex 15.8594 2.1454 34.5
      vertex 15.7194 2.13161 30
      vertex 15.8594 2.1454 30
    endloop
  endfacet
  facet normal -0.290347 -0.956922 0
    outer loop
      vertex 16.5565 2.07674 29
      vertex 16.6911 2.0359 34.5
      vertex 16.5565 2.07674 34.5
    endloop
  endfacet
  facet normal -0.290347 -0.956922 -0
    outer loop
      vertex 16.6911 2.0359 34.5
      vertex 16.5565 2.07674 29
      vertex 16.6911 2.0359 29
    endloop
  endfacet
  facet normal -0.162923 -0.986639 0
    outer loop
      vertex 16.2806 2.13161 29
      vertex 16.4194 2.10869 34.5
      vertex 16.2806 2.13161 34.5
    endloop
  endfacet
  facet normal -0.162923 -0.986639 -0
    outer loop
      vertex 16.4194 2.10869 34.5
      vertex 16.2806 2.13161 29
      vertex 16.4194 2.10869 29
    endloop
  endfacet
  facet normal 0.999465 -0.0326957 0
    outer loop
      vertex 13.85 0 34.5
      vertex 13.8546 0.140616 30
      vertex 13.8546 0.140616 34.5
    endloop
  endfacet
  facet normal 0.999465 -0.0326957 0
    outer loop
      vertex 13.8546 0.140616 30
      vertex 13.85 0 34.5
      vertex 13.85 0 30
    endloop
  endfacet
  facet normal 0.527966 0.849266 -0
    outer loop
      vertex 14.925 -1.86195 30
      vertex 14.8055 -1.78766 34.5
      vertex 14.925 -1.86195 34.5
    endloop
  endfacet
  facet normal 0.527966 0.849266 0
    outer loop
      vertex 14.8055 -1.78766 34.5
      vertex 14.925 -1.86195 30
      vertex 14.8055 -1.78766 30
    endloop
  endfacet
  facet normal -0.0327195 -0.999465 0
    outer loop
      vertex 16.0559 2.14817 30
      vertex 16 2.15 34.5
      vertex 16 2.15 30
    endloop
  endfacet
  facet normal -0.0326994 -0.999465 2.4959e-07
    outer loop
      vertex 16 2.15 34.5
      vertex 16.0559 2.14817 30
      vertex 16.1406 2.1454 34.5
    endloop
  endfacet
  facet normal -0.0326862 -0.999466 0
    outer loop
      vertex 16.1406 2.1454 29
      vertex 16.0559 2.14817 30
      vertex 16.0559 2.14817 29
    endloop
  endfacet
  facet normal -0.0326862 -0.999466 0
    outer loop
      vertex 16.0559 2.14817 30
      vertex 16.1406 2.1454 29
      vertex 16.1406 2.1454 34.5
    endloop
  endfacet
  facet normal -0.352198 -0.935926 0
    outer loop
      vertex 16.6911 2.0359 29
      vertex 16.8228 1.98634 34.5
      vertex 16.6911 2.0359 34.5
    endloop
  endfacet
  facet normal -0.352198 -0.935926 -0
    outer loop
      vertex 16.8228 1.98634 34.5
      vertex 16.6911 2.0359 29
      vertex 16.8228 1.98634 29
    endloop
  endfacet
  facet normal 0.683558 0.729896 -0
    outer loop
      vertex 14.5824 -1.61646 30
      vertex 14.4797 -1.52028 34.5
      vertex 14.5824 -1.61646 34.5
    endloop
  endfacet
  facet normal 0.683558 0.729896 0
    outer loop
      vertex 14.4797 -1.52028 34.5
      vertex 14.5824 -1.61646 30
      vertex 14.4797 -1.52028 30
    endloop
  endfacet
  facet normal -0.773181 -0.634186 0
    outer loop
      vertex 17.7057 1.30884 29
      vertex 17.6165 1.41759 34.5
      vertex 17.6165 1.41759 29
    endloop
  endfacet
  facet normal -0.773181 -0.634186 0
    outer loop
      vertex 17.6165 1.41759 34.5
      vertex 17.7057 1.30884 29
      vertex 17.7057 1.30884 34.5
    endloop
  endfacet
  facet normal 0.986664 0.16277 0
    outer loop
      vertex 13.8913 -0.419444 34.5
      vertex 13.8684 -0.280631 30
      vertex 13.8684 -0.280631 34.5
    endloop
  endfacet
  facet normal 0.986664 0.16277 0
    outer loop
      vertex 13.8684 -0.280631 30
      vertex 13.8913 -0.419444 34.5
      vertex 13.8913 -0.419444 30
    endloop
  endfacet
  facet normal -0.683558 -0.729896 0
    outer loop
      vertex 17.4176 1.61646 29
      vertex 17.5203 1.52028 34.5
      vertex 17.4176 1.61646 34.5
    endloop
  endfacet
  facet normal -0.683558 -0.729896 -0
    outer loop
      vertex 17.5203 1.52028 34.5
      vertex 17.4176 1.61646 29
      vertex 17.5203 1.52028 29
    endloop
  endfacet
  facet normal 0.527966 -0.849266 0
    outer loop
      vertex 14.8055 1.78766 30
      vertex 14.925 1.86195 34.5
      vertex 14.8055 1.78766 34.5
    endloop
  endfacet
  facet normal 0.527966 -0.849266 0
    outer loop
      vertex 14.925 1.86195 34.5
      vertex 14.8055 1.78766 30
      vertex 14.925 1.86195 30
    endloop
  endfacet
  facet normal -0.849194 -0.528081 0
    outer loop
      vertex 17.862 1.075 29
      vertex 17.7877 1.19448 34.5
      vertex 17.7877 1.19448 29
    endloop
  endfacet
  facet normal -0.849194 -0.528081 0
    outer loop
      vertex 17.7877 1.19448 34.5
      vertex 17.862 1.075 29
      vertex 17.862 1.075 34.5
    endloop
  endfacet
  facet normal -0.22696 -0.973904 0
    outer loop
      vertex 16.4194 2.10869 29
      vertex 16.5565 2.07674 34.5
      vertex 16.4194 2.10869 34.5
    endloop
  endfacet
  facet normal -0.22696 -0.973904 -0
    outer loop
      vertex 16.5565 2.07674 34.5
      vertex 16.4194 2.10869 29
      vertex 16.5565 2.07674 29
    endloop
  endfacet
  facet normal 0.973795 -0.227429 0
    outer loop
      vertex 13.8913 0.419444 34.5
      vertex 13.9233 0.55646 30
      vertex 13.9233 0.55646 34.5
    endloop
  endfacet
  facet normal 0.973795 -0.227429 0
    outer loop
      vertex 13.9233 0.55646 30
      vertex 13.8913 0.419444 34.5
      vertex 13.8913 0.419444 30
    endloop
  endfacet
  facet normal 0.729792 -0.683669 0
    outer loop
      vertex 14.3835 1.41759 34.5
      vertex 14.4797 1.52028 30
      vertex 14.4797 1.52028 34.5
    endloop
  endfacet
  facet normal 0.729792 -0.683669 0
    outer loop
      vertex 14.4797 1.52028 30
      vertex 14.3835 1.41759 34.5
      vertex 14.3835 1.41759 30
    endloop
  endfacet
  facet normal 0.849194 -0.528081 0
    outer loop
      vertex 14.138 1.075 34.5
      vertex 14.2123 1.19448 30
      vertex 14.2123 1.19448 34.5
    endloop
  endfacet
  facet normal 0.849194 -0.528081 0
    outer loop
      vertex 14.2123 1.19448 30
      vertex 14.138 1.075 34.5
      vertex 14.138 1.075 30
    endloop
  endfacet
  facet normal -0.0980256 -0.995184 0
    outer loop
      vertex 16.1406 2.1454 29
      vertex 16.2806 2.13161 34.5
      vertex 16.1406 2.1454 34.5
    endloop
  endfacet
  facet normal -0.0980256 -0.995184 -0
    outer loop
      vertex 16.2806 2.13161 34.5
      vertex 16.1406 2.1454 29
      vertex 16.2806 2.13161 29
    endloop
  endfacet
  facet normal -0.973795 -0.227429 0
    outer loop
      vertex 18.1087 0.419444 29
      vertex 18.0767 0.55646 34.5
      vertex 18.0767 0.55646 29
    endloop
  endfacet
  facet normal -0.973795 -0.227429 0
    outer loop
      vertex 18.0767 0.55646 34.5
      vertex 18.1087 0.419444 29
      vertex 18.1087 0.419444 34.5
    endloop
  endfacet
  facet normal -0.93581 -0.352506 0
    outer loop
      vertex 18.0359 0.691094 29
      vertex 17.9863 0.822769 34.5
      vertex 17.9863 0.822769 29
    endloop
  endfacet
  facet normal -0.93581 -0.352506 0
    outer loop
      vertex 17.9863 0.822769 34.5
      vertex 18.0359 0.691094 29
      vertex 18.0359 0.691094 34.5
    endloop
  endfacet
  facet normal 0.471381 -0.88193 0
    outer loop
      vertex 14.925 1.86195 30
      vertex 15.0491 1.92828 34.5
      vertex 14.925 1.86195 34.5
    endloop
  endfacet
  facet normal 0.471381 -0.88193 0
    outer loop
      vertex 15.0491 1.92828 34.5
      vertex 14.925 1.86195 30
      vertex 15.0491 1.92828 30
    endloop
  endfacet
  facet normal 0.957021 0.290019 0
    outer loop
      vertex 13.9641 -0.691094 34.5
      vertex 13.9233 -0.55646 30
      vertex 13.9233 -0.55646 34.5
    endloop
  endfacet
  facet normal 0.957021 0.290019 0
    outer loop
      vertex 13.9233 -0.55646 30
      vertex 13.9641 -0.691094 34.5
      vertex 13.9641 -0.691094 30
    endloop
  endfacet
  facet normal -0.471381 -0.88193 0
    outer loop
      vertex 16.9509 1.92828 29
      vertex 17.075 1.86195 34.5
      vertex 16.9509 1.92828 34.5
    endloop
  endfacet
  facet normal -0.471381 -0.88193 -0
    outer loop
      vertex 17.075 1.86195 34.5
      vertex 16.9509 1.92828 29
      vertex 17.075 1.86195 29
    endloop
  endfacet
  facet normal 0.911036 0.412327 0
    outer loop
      vertex 14.0717 -0.95092 34.5
      vertex 14.0137 -0.822769 30
      vertex 14.0137 -0.822769 34.5
    endloop
  endfacet
  facet normal 0.911036 0.412327 0
    outer loop
      vertex 14.0137 -0.822769 30
      vertex 14.0717 -0.95092 34.5
      vertex 14.0717 -0.95092 30
    endloop
  endfacet
  facet normal -0.162923 0.986639 0
    outer loop
      vertex 16.4194 -2.10869 29
      vertex 16.2806 -2.13161 34.5
      vertex 16.4194 -2.10869 34.5
    endloop
  endfacet
  facet normal -0.162923 0.986639 0
    outer loop
      vertex 16.2806 -2.13161 34.5
      vertex 16.4194 -2.10869 29
      vertex 16.2806 -2.13161 29
    endloop
  endfacet
  facet normal 0.93581 -0.352506 0
    outer loop
      vertex 13.9641 0.691094 34.5
      vertex 14.0137 0.822769 30
      vertex 14.0137 0.822769 34.5
    endloop
  endfacet
  facet normal 0.93581 -0.352506 0
    outer loop
      vertex 14.0137 0.822769 30
      vertex 13.9641 0.691094 34.5
      vertex 13.9641 0.691094 30
    endloop
  endfacet
  facet normal -0.812676 0.582716 0
    outer loop
      vertex 17.7057 -1.30884 29
      vertex 17.7877 -1.19448 34.5
      vertex 17.7877 -1.19448 29
    endloop
  endfacet
  facet normal -0.812676 0.582716 0
    outer loop
      vertex 17.7877 -1.19448 34.5
      vertex 17.7057 -1.30884 29
      vertex 17.7057 -1.30884 34.5
    endloop
  endfacet
  facet normal -0.849194 0.528081 0
    outer loop
      vertex 17.7877 -1.19448 29
      vertex 17.862 -1.075 34.5
      vertex 17.862 -1.075 29
    endloop
  endfacet
  facet normal -0.849194 0.528081 0
    outer loop
      vertex 17.862 -1.075 34.5
      vertex 17.7877 -1.19448 29
      vertex 17.7877 -1.19448 34.5
    endloop
  endfacet
  facet normal 0.881987 0.471274 0
    outer loop
      vertex 14.138 -1.075 34.5
      vertex 14.0717 -0.95092 30
      vertex 14.0717 -0.95092 34.5
    endloop
  endfacet
  facet normal 0.881987 0.471274 0
    outer loop
      vertex 14.0717 -0.95092 30
      vertex 14.138 -1.075 34.5
      vertex 14.138 -1.075 30
    endloop
  endfacet
  facet normal 0.729792 0.683669 0
    outer loop
      vertex 14.4797 -1.52028 34.5
      vertex 14.3835 -1.41759 30
      vertex 14.3835 -1.41759 34.5
    endloop
  endfacet
  facet normal 0.729792 0.683669 0
    outer loop
      vertex 14.3835 -1.41759 30
      vertex 14.4797 -1.52028 34.5
      vertex 14.4797 -1.52028 30
    endloop
  endfacet
  facet normal 0.162923 0.986639 -0
    outer loop
      vertex 15.7194 -2.13161 30
      vertex 15.5806 -2.10869 34.5
      vertex 15.7194 -2.13161 34.5
    endloop
  endfacet
  facet normal 0.162923 0.986639 0
    outer loop
      vertex 15.5806 -2.10869 34.5
      vertex 15.7194 -2.13161 30
      vertex 15.5806 -2.10869 30
    endloop
  endfacet
  facet normal 0.999465 0.0326957 0
    outer loop
      vertex 13.8546 -0.140616 34.5
      vertex 13.85 0 30
      vertex 13.85 0 34.5
    endloop
  endfacet
  facet normal 0.999465 0.0326957 0
    outer loop
      vertex 13.85 0 30
      vertex 13.8546 -0.140616 34.5
      vertex 13.8546 -0.140616 30
    endloop
  endfacet
  facet normal -0.634224 0.773149 0
    outer loop
      vertex 17.4176 -1.61646 29
      vertex 17.3088 -1.70571 34.5
      vertex 17.4176 -1.61646 34.5
    endloop
  endfacet
  facet normal -0.634224 0.773149 0
    outer loop
      vertex 17.3088 -1.70571 34.5
      vertex 17.4176 -1.61646 29
      vertex 17.3088 -1.70571 29
    endloop
  endfacet
  facet normal 0.812676 -0.582716 0
    outer loop
      vertex 14.2123 1.19448 34.5
      vertex 14.2943 1.30884 30
      vertex 14.2943 1.30884 34.5
    endloop
  endfacet
  facet normal 0.812676 -0.582716 0
    outer loop
      vertex 14.2943 1.30884 30
      vertex 14.2123 1.19448 34.5
      vertex 14.2123 1.19448 30
    endloop
  endfacet
  facet normal 0.471381 0.88193 -0
    outer loop
      vertex 15.0491 -1.92828 30
      vertex 14.925 -1.86195 34.5
      vertex 15.0491 -1.92828 34.5
    endloop
  endfacet
  facet normal 0.471381 0.88193 0
    outer loop
      vertex 14.925 -1.86195 34.5
      vertex 15.0491 -1.92828 30
      vertex 14.925 -1.86195 30
    endloop
  endfacet
  facet normal -0.986664 0.16277 0
    outer loop
      vertex 18.1087 -0.419444 29
      vertex 18.1316 -0.280631 34.5
      vertex 18.1316 -0.280631 29
    endloop
  endfacet
  facet normal -0.986664 0.16277 0
    outer loop
      vertex 18.1316 -0.280631 34.5
      vertex 18.1087 -0.419444 29
      vertex 18.1087 -0.419444 34.5
    endloop
  endfacet
  facet normal -0.93581 0.352506 0
    outer loop
      vertex 17.9863 -0.822769 29
      vertex 18.0359 -0.691094 34.5
      vertex 18.0359 -0.691094 29
    endloop
  endfacet
  facet normal -0.93581 0.352506 0
    outer loop
      vertex 18.0359 -0.691094 34.5
      vertex 17.9863 -0.822769 29
      vertex 17.9863 -0.822769 34.5
    endloop
  endfacet
  facet normal -0.911036 0.412327 0
    outer loop
      vertex 17.9283 -0.95092 29
      vertex 17.9863 -0.822769 34.5
      vertex 17.9863 -0.822769 29
    endloop
  endfacet
  facet normal -0.911036 0.412327 0
    outer loop
      vertex 17.9863 -0.822769 34.5
      vertex 17.9283 -0.95092 29
      vertex 17.9283 -0.95092 34.5
    endloop
  endfacet
  facet normal 0.881987 -0.471274 0
    outer loop
      vertex 14.0717 0.95092 34.5
      vertex 14.138 1.075 30
      vertex 14.138 1.075 34.5
    endloop
  endfacet
  facet normal 0.881987 -0.471274 0
    outer loop
      vertex 14.138 1.075 30
      vertex 14.0717 0.95092 34.5
      vertex 14.0717 0.95092 30
    endloop
  endfacet
  facet normal 0 0 1
    outer loop
      vertex 16.2 0 29
      vertex 18.15 0 29
      vertex 18.1454 0.140616 29
    endloop
  endfacet
  facet normal 0 0 1
    outer loop
      vertex 16.2 0 29
      vertex 18.1454 0.140616 29
      vertex 18.1316 0.280631 29
    endloop
  endfacet
  facet normal 0 0 1
    outer loop
      vertex 18.15 0 29
      vertex 16.2 0 29
      vertex 18.1454 -0.140616 29
    endloop
  endfacet
  facet normal 0 0 1
    outer loop
      vertex 16.2 0 29
      vertex 18.1316 0.280631 29
      vertex 18.1087 0.419444 29
    endloop
  endfacet
  facet normal 0 0 1
    outer loop
      vertex 18.1454 -0.140616 29
      vertex 16.2 0 29
      vertex 18.1316 -0.280631 29
    endloop
  endfacet
  facet normal 0 0 1
    outer loop
      vertex 16.2 0 29
      vertex 18.1087 0.419444 29
      vertex 18.0767 0.55646 29
    endloop
  endfacet
  facet normal 0 0 1
    outer loop
      vertex 18.1316 -0.280631 29
      vertex 16.2 0 29
      vertex 18.1087 -0.419444 29
    endloop
  endfacet
  facet normal 0 0 1
    outer loop
      vertex 16.2 0 29
      vertex 18.0767 0.55646 29
      vertex 18.0359 0.691094 29
    endloop
  endfacet
  facet normal 0 0 1
    outer loop
      vertex 18.1087 -0.419444 29
      vertex 16.2 0 29
      vertex 18.0767 -0.55646 29
    endloop
  endfacet
  facet normal 0 0 1
    outer loop
      vertex 16.2 0 29
      vertex 18.0359 0.691094 29
      vertex 17.9863 0.822769 29
    endloop
  endfacet
  facet normal 0 0 1
    outer loop
      vertex 18.0767 -0.55646 29
      vertex 16.2 0 29
      vertex 18.0359 -0.691094 29
    endloop
  endfacet
  facet normal 0 0 1
    outer loop
      vertex 16.2 0 29
      vertex 17.9863 0.822769 29
      vertex 17.9283 0.95092 29
    endloop
  endfacet
  facet normal 0 0 1
    outer loop
      vertex 18.0359 -0.691094 29
      vertex 16.2 0 29
      vertex 17.9863 -0.822769 29
    endloop
  endfacet
  facet normal 0 0 1
    outer loop
      vertex 16.2 0 29
      vertex 17.9283 0.95092 29
      vertex 17.862 1.075 29
    endloop
  endfacet
  facet normal 0 0 1
    outer loop
      vertex 17.9863 -0.822769 29
      vertex 16.2 0 29
      vertex 17.9283 -0.95092 29
    endloop
  endfacet
  facet normal 0 0 1
    outer loop
      vertex 16.1653 1.05953 29
      vertex 17.862 1.075 29
      vertex 17.7877 1.19448 29
    endloop
  endfacet
  facet normal 0 0 1
    outer loop
      vertex 17.9283 -0.95092 29
      vertex 16.2 0 29
      vertex 17.862 -1.075 29
    endloop
  endfacet
  facet normal 0 0 1
    outer loop
      vertex 16.1653 1.05953 29
      vertex 17.7877 1.19448 29
      vertex 17.7057 1.30884 29
    endloop
  endfacet
  facet normal -0 0 1
    outer loop
      vertex 16.1653 -1.05953 29
      vertex 17.862 -1.075 29
      vertex 16.2 0 29
    endloop
  endfacet
  facet normal 0 0 1
    outer loop
      vertex 16.1653 1.05953 29
      vertex 17.7057 1.30884 29
      vertex 17.6165 1.41759 29
    endloop
  endfacet
  facet normal 0 0 1
    outer loop
      vertex 17.862 -1.075 29
      vertex 16.1653 -1.05953 29
      vertex 17.7877 -1.19448 29
    endloop
  endfacet
  facet normal 0 0 1
    outer loop
      vertex 16.1653 1.05953 29
      vertex 17.6165 1.41759 29
      vertex 17.5203 1.52028 29
    endloop
  endfacet
  facet normal 0 0 1
    outer loop
      vertex 17.7877 -1.19448 29
      vertex 16.1653 -1.05953 29
      vertex 17.7057 -1.30884 29
    endloop
  endfacet
  facet normal 0 0 1
    outer loop
      vertex 16.1653 1.05953 29
      vertex 17.5203 1.52028 29
      vertex 17.4176 1.61646 29
    endloop
  endfacet
  facet normal 0 0 1
    outer loop
      vertex 17.7057 -1.30884 29
      vertex 16.1653 -1.05953 29
      vertex 17.6165 -1.41759 29
    endloop
  endfacet
  facet normal 0 0 1
    outer loop
      vertex 16.1653 1.05953 29
      vertex 17.4176 1.61646 29
      vertex 17.3088 1.70571 29
    endloop
  endfacet
  facet normal 0 0 1
    outer loop
      vertex 17.6165 -1.41759 29
      vertex 16.1653 -1.05953 29
      vertex 17.5203 -1.52028 29
    endloop
  endfacet
  facet normal 0 0 1
    outer loop
      vertex 16.1653 1.05953 29
      vertex 17.3088 1.70571 29
      vertex 17.1945 1.78766 29
    endloop
  endfacet
  facet normal 0 0 1
    outer loop
      vertex 17.5203 -1.52028 29
      vertex 16.1653 -1.05953 29
      vertex 17.4176 -1.61646 29
    endloop
  endfacet
  facet normal 0 0 1
    outer loop
      vertex 16.1653 1.05953 29
      vertex 17.1945 1.78766 29
      vertex 17.075 1.86195 29
    endloop
  endfacet
  facet normal 0 0 1
    outer loop
      vertex 17.4176 -1.61646 29
      vertex 16.1653 -1.05953 29
      vertex 17.3088 -1.70571 29
    endloop
  endfacet
  facet normal 0 0 1
    outer loop
      vertex 16.1653 1.05953 29
      vertex 17.075 1.86195 29
      vertex 16.9509 1.92828 29
    endloop
  endfacet
  facet normal 0 0 1
    outer loop
      vertex 17.3088 -1.70571 29
      vertex 16.1653 -1.05953 29
      vertex 17.1945 -1.78766 29
    endloop
  endfacet
  facet normal 0 0 1
    outer loop
      vertex 16.1653 1.05953 29
      vertex 16.9509 1.92828 29
      vertex 16.8228 1.98634 29
    endloop
  endfacet
  facet normal 0 0 1
    outer loop
      vertex 17.1945 -1.78766 29
      vertex 16.1653 -1.05953 29
      vertex 17.075 -1.86195 29
    endloop
  endfacet
  facet normal 0 0 1
    outer loop
      vertex 16.1653 1.05953 29
      vertex 16.8228 1.98634 29
      vertex 16.6911 2.0359 29
    endloop
  endfacet
  facet normal 0 0 1
    outer loop
      vertex 17.075 -1.86195 29
      vertex 16.1653 -1.05953 29
      vertex 16.9509 -1.92828 29
    endloop
  endfacet
  facet normal 0 0 1
    outer loop
      vertex 16.1653 1.05953 29
      vertex 16.6911 2.0359 29
      vertex 16.5565 2.07674 29
    endloop
  endfacet
  facet normal 0 0 1
    outer loop
      vertex 16.9509 -1.92828 29
      vertex 16.1653 -1.05953 29
      vertex 16.8228 -1.98634 29
    endloop
  endfacet
  facet normal 0 0 1
    outer loop
      vertex 16.1653 1.05953 29
      vertex 16.5565 2.07674 29
      vertex 16.4194 2.10869 29
    endloop
  endfacet
  facet normal 0 0 1
    outer loop
      vertex 16.8228 -1.98634 29
      vertex 16.1653 -1.05953 29
      vertex 16.6911 -2.0359 29
    endloop
  endfacet
  facet normal 0 0 1
    outer loop
      vertex 16.1653 1.05953 29
      vertex 16.4194 2.10869 29
      vertex 16.2806 2.13161 29
    endloop
  endfacet
  facet normal 0 0 1
    outer loop
      vertex 16.6911 -2.0359 29
      vertex 16.1653 -1.05953 29
      vertex 16.5565 -2.07674 29
    endloop
  endfacet
  facet normal 0 0 1
    outer loop
      vertex 16.5565 -2.07674 29
      vertex 16.1653 -1.05953 29
      vertex 16.4194 -2.10869 29
    endloop
  endfacet
  facet normal 0 0 1
    outer loop
      vertex 17.862 1.075 29
      vertex 16.1653 1.05953 29
      vertex 16.2 0 29
    endloop
  endfacet
  facet normal 0 0 1
    outer loop
      vertex 16.0614 2.11452 29
      vertex 16.2806 2.13161 29
      vertex 16.1406 2.1454 29
    endloop
  endfacet
  facet normal 0 0 1
    outer loop
      vertex 16.2806 2.13161 29
      vertex 16.0614 2.11452 29
      vertex 16.1653 1.05953 29
    endloop
  endfacet
  facet normal 0 -0 1
    outer loop
      vertex 16.0614 2.11452 29
      vertex 16.1406 2.1454 29
      vertex 16.0559 2.14817 29
    endloop
  endfacet
  facet normal 0 0 1
    outer loop
      vertex 16.4194 -2.10869 29
      vertex 16.1653 -1.05953 29
      vertex 16.2806 -2.13161 29
    endloop
  endfacet
  facet normal -0 0 1
    outer loop
      vertex 16.0614 -2.11452 29
      vertex 16.2806 -2.13161 29
      vertex 16.1653 -1.05953 29
    endloop
  endfacet
  facet normal 0 0 1
    outer loop
      vertex 16.2806 -2.13161 29
      vertex 16.0614 -2.11452 29
      vertex 16.1406 -2.1454 29
    endloop
  endfacet
  facet normal 0 0 1
    outer loop
      vertex 16.1406 -2.1454 29
      vertex 16.0614 -2.11452 29
      vertex 16.0559 -2.14817 29
    endloop
  endfacet
  facet normal -0.729792 0.683669 0
    outer loop
      vertex 17.5203 -1.52028 29
      vertex 17.6165 -1.41759 34.5
      vertex 17.6165 -1.41759 29
    endloop
  endfacet
  facet normal -0.729792 0.683669 0
    outer loop
      vertex 17.6165 -1.41759 34.5
      vertex 17.5203 -1.52028 29
      vertex 17.5203 -1.52028 34.5
    endloop
  endfacet
  facet normal -0.683558 0.729896 0
    outer loop
      vertex 17.5203 -1.52028 29
      vertex 17.4176 -1.61646 34.5
      vertex 17.5203 -1.52028 34.5
    endloop
  endfacet
  facet normal -0.683558 0.729896 0
    outer loop
      vertex 17.4176 -1.61646 34.5
      vertex 17.5203 -1.52028 29
      vertex 17.4176 -1.61646 29
    endloop
  endfacet
  facet normal 0.412817 0.910814 -0
    outer loop
      vertex 15.1772 -1.98634 30
      vertex 15.0491 -1.92828 34.5
      vertex 15.1772 -1.98634 34.5
    endloop
  endfacet
  facet normal 0.412817 0.910814 0
    outer loop
      vertex 15.0491 -1.92828 34.5
      vertex 15.1772 -1.98634 30
      vertex 15.0491 -1.92828 30
    endloop
  endfacet
  facet normal -0.290347 0.956922 0
    outer loop
      vertex -15.3089 -2.0359 30
      vertex -15.4435 -2.07674 34.5
      vertex -15.3089 -2.0359 34.5
    endloop
  endfacet
  facet normal -0.290347 0.956922 0
    outer loop
      vertex -15.4435 -2.07674 34.5
      vertex -15.3089 -2.0359 30
      vertex -15.4435 -2.07674 30
    endloop
  endfacet
  facet normal 0.22696 -0.973904 0
    outer loop
      vertex -16.5565 2.07674 29
      vertex -16.4194 2.10869 34.5
      vertex -16.5565 2.07674 34.5
    endloop
  endfacet
  facet normal 0.22696 -0.973904 0
    outer loop
      vertex -16.4194 2.10869 34.5
      vertex -16.5565 2.07674 29
      vertex -16.4194 2.10869 29
    endloop
  endfacet
  facet normal 0.812676 0.582716 0
    outer loop
      vertex -17.7057 -1.30884 34.5
      vertex -17.7877 -1.19448 29
      vertex -17.7877 -1.19448 34.5
    endloop
  endfacet
  facet normal 0.812676 0.582716 0
    outer loop
      vertex -17.7877 -1.19448 29
      vertex -17.7057 -1.30884 34.5
      vertex -17.7057 -1.30884 29
    endloop
  endfacet
  facet normal 0.999465 0.0326957 0
    outer loop
      vertex -18.1454 -0.140616 34.5
      vertex -18.15 0 29
      vertex -18.15 0 34.5
    endloop
  endfacet
  facet normal 0.999465 0.0326957 0
    outer loop
      vertex -18.15 0 29
      vertex -18.1454 -0.140616 34.5
      vertex -18.1454 -0.140616 29
    endloop
  endfacet
  facet normal -0.986664 0.16277 0
    outer loop
      vertex -13.8913 -0.419444 30
      vertex -13.8684 -0.280631 34.5
      vertex -13.8684 -0.280631 30
    endloop
  endfacet
  facet normal -0.986664 0.16277 0
    outer loop
      vertex -13.8684 -0.280631 34.5
      vertex -13.8913 -0.419444 30
      vertex -13.8913 -0.419444 34.5
    endloop
  endfacet
  facet normal -0.812676 -0.582716 0
    outer loop
      vertex -14.2123 1.19448 30
      vertex -14.2943 1.30884 34.5
      vertex -14.2943 1.30884 30
    endloop
  endfacet
  facet normal -0.812676 -0.582716 0
    outer loop
      vertex -14.2943 1.30884 34.5
      vertex -14.2123 1.19448 30
      vertex -14.2123 1.19448 34.5
    endloop
  endfacet
  facet normal 0.973795 -0.227429 0
    outer loop
      vertex -18.1087 0.419444 34.5
      vertex -18.0767 0.55646 29
      vertex -18.0767 0.55646 34.5
    endloop
  endfacet
  facet normal 0.973795 -0.227429 0
    outer loop
      vertex -18.0767 0.55646 29
      vertex -18.1087 0.419444 34.5
      vertex -18.1087 0.419444 29
    endloop
  endfacet
  facet normal -0.93581 -0.352506 0
    outer loop
      vertex -13.9641 0.691094 30
      vertex -14.0137 0.822769 34.5
      vertex -14.0137 0.822769 30
    endloop
  endfacet
  facet normal -0.93581 -0.352506 0
    outer loop
      vertex -14.0137 0.822769 34.5
      vertex -13.9641 0.691094 30
      vertex -13.9641 0.691094 34.5
    endloop
  endfacet
  facet normal 0.986664 -0.16277 0
    outer loop
      vertex -18.1316 0.280631 34.5
      vertex -18.1087 0.419444 29
      vertex -18.1087 0.419444 34.5
    endloop
  endfacet
  facet normal 0.986664 -0.16277 0
    outer loop
      vertex -18.1087 0.419444 29
      vertex -18.1316 0.280631 34.5
      vertex -18.1316 0.280631 29
    endloop
  endfacet
  facet normal -0.849194 -0.528081 0
    outer loop
      vertex -14.138 1.075 30
      vertex -14.2123 1.19448 34.5
      vertex -14.2123 1.19448 30
    endloop
  endfacet
  facet normal -0.849194 -0.528081 0
    outer loop
      vertex -14.2123 1.19448 34.5
      vertex -14.138 1.075 30
      vertex -14.138 1.075 34.5
    endloop
  endfacet
  facet normal -0.22696 -0.973904 0
    outer loop
      vertex -15.5806 2.10869 30
      vertex -15.4435 2.07674 34.5
      vertex -15.5806 2.10869 34.5
    endloop
  endfacet
  facet normal -0.22696 -0.973904 -0
    outer loop
      vertex -15.4435 2.07674 34.5
      vertex -15.5806 2.10869 30
      vertex -15.4435 2.07674 30
    endloop
  endfacet
  facet normal 0.729792 0.683669 0
    outer loop
      vertex -17.5203 -1.52028 34.5
      vertex -17.6165 -1.41759 29
      vertex -17.6165 -1.41759 34.5
    endloop
  endfacet
  facet normal 0.729792 0.683669 0
    outer loop
      vertex -17.6165 -1.41759 29
      vertex -17.5203 -1.52028 34.5
      vertex -17.5203 -1.52028 29
    endloop
  endfacet
  facet normal -0.22696 0.973904 0
    outer loop
      vertex -15.4435 -2.07674 30
      vertex -15.5806 -2.10869 34.5
      vertex -15.4435 -2.07674 34.5
    endloop
  endfacet
  facet normal -0.22696 0.973904 0
    outer loop
      vertex -15.5806 -2.10869 34.5
      vertex -15.4435 -2.07674 30
      vertex -15.5806 -2.10869 30
    endloop
  endfacet
  facet normal 0.582683 0.812699 -0
    outer loop
      vertex -17.1945 -1.78766 29
      vertex -17.3088 -1.70571 34.5
      vertex -17.1945 -1.78766 34.5
    endloop
  endfacet
  facet normal 0.582683 0.812699 0
    outer loop
      vertex -17.3088 -1.70571 34.5
      vertex -17.1945 -1.78766 29
      vertex -17.3088 -1.70571 29
    endloop
  endfacet
  facet normal -0.773181 -0.634186 0
    outer loop
      vertex -14.2943 1.30884 30
      vertex -14.3835 1.41759 34.5
      vertex -14.3835 1.41759 30
    endloop
  endfacet
  facet normal -0.773181 -0.634186 0
    outer loop
      vertex -14.3835 1.41759 34.5
      vertex -14.2943 1.30884 30
      vertex -14.2943 1.30884 34.5
    endloop
  endfacet
  facet normal 0.957021 -0.290019 0
    outer loop
      vertex -18.0767 0.55646 34.5
      vertex -18.0359 0.691094 29
      vertex -18.0359 0.691094 34.5
    endloop
  endfacet
  facet normal 0.957021 -0.290019 0
    outer loop
      vertex -18.0359 0.691094 29
      vertex -18.0767 0.55646 34.5
      vertex -18.0767 0.55646 29
    endloop
  endfacet
  facet normal 0.93581 0.352506 0
    outer loop
      vertex -17.9863 -0.822769 34.5
      vertex -18.0359 -0.691094 29
      vertex -18.0359 -0.691094 34.5
    endloop
  endfacet
  facet normal 0.93581 0.352506 0
    outer loop
      vertex -18.0359 -0.691094 29
      vertex -17.9863 -0.822769 34.5
      vertex -17.9863 -0.822769 29
    endloop
  endfacet
  facet normal 0.412817 0.910814 -0
    outer loop
      vertex -16.8228 -1.98634 29
      vertex -16.9509 -1.92828 34.5
      vertex -16.8228 -1.98634 34.5
    endloop
  endfacet
  facet normal 0.412817 0.910814 0
    outer loop
      vertex -16.9509 -1.92828 34.5
      vertex -16.8228 -1.98634 29
      vertex -16.9509 -1.92828 29
    endloop
  endfacet
  facet normal -0.412817 0.910814 0
    outer loop
      vertex -15.0491 -1.92828 30
      vertex -15.1772 -1.98634 34.5
      vertex -15.0491 -1.92828 34.5
    endloop
  endfacet
  facet normal -0.412817 0.910814 0
    outer loop
      vertex -15.1772 -1.98634 34.5
      vertex -15.0491 -1.92828 30
      vertex -15.1772 -1.98634 30
    endloop
  endfacet
  facet normal -0.911036 0.412327 0
    outer loop
      vertex -14.0717 -0.95092 30
      vertex -14.0137 -0.822769 34.5
      vertex -14.0137 -0.822769 30
    endloop
  endfacet
  facet normal -0.911036 0.412327 0
    outer loop
      vertex -14.0137 -0.822769 34.5
      vertex -14.0717 -0.95092 30
      vertex -14.0717 -0.95092 34.5
    endloop
  endfacet
  facet normal -0.812676 0.582716 0
    outer loop
      vertex -14.2943 -1.30884 30
      vertex -14.2123 -1.19448 34.5
      vertex -14.2123 -1.19448 30
    endloop
  endfacet
  facet normal -0.812676 0.582716 0
    outer loop
      vertex -14.2123 -1.19448 34.5
      vertex -14.2943 -1.30884 30
      vertex -14.2943 -1.30884 34.5
    endloop
  endfacet
  facet normal -0.290347 -0.956922 0
    outer loop
      vertex -15.4435 2.07674 30
      vertex -15.3089 2.0359 34.5
      vertex -15.4435 2.07674 34.5
    endloop
  endfacet
  facet normal -0.290347 -0.956922 -0
    outer loop
      vertex -15.3089 2.0359 34.5
      vertex -15.4435 2.07674 30
      vertex -15.3089 2.0359 30
    endloop
  endfacet
  facet normal 0.0326994 -0.999465 2.4959e-07
    outer loop
      vertex -16.1406 2.1454 34.5
      vertex -16.0559 2.14817 30
      vertex -16 2.15 34.5
    endloop
  endfacet
  facet normal 0.0326862 -0.999466 0
    outer loop
      vertex -16.1406 2.1454 29
      vertex -16.0559 2.14817 30
      vertex -16.1406 2.1454 34.5
    endloop
  endfacet
  facet normal 0.0326862 -0.999466 0
    outer loop
      vertex -16.0559 2.14817 30
      vertex -16.1406 2.1454 29
      vertex -16.0559 2.14817 29
    endloop
  endfacet
  facet normal 0.0327195 -0.999465 0
    outer loop
      vertex -16 2.15 34.5
      vertex -16.0559 2.14817 30
      vertex -16 2.15 30
    endloop
  endfacet
  facet normal 0.881987 0.471274 0
    outer loop
      vertex -17.862 -1.075 34.5
      vertex -17.9283 -0.95092 29
      vertex -17.9283 -0.95092 34.5
    endloop
  endfacet
  facet normal 0.881987 0.471274 0
    outer loop
      vertex -17.9283 -0.95092 29
      vertex -17.862 -1.075 34.5
      vertex -17.862 -1.075 29
    endloop
  endfacet
  facet normal -0.973795 -0.227429 0
    outer loop
      vertex -13.8913 0.419444 30
      vertex -13.9233 0.55646 34.5
      vertex -13.9233 0.55646 30
    endloop
  endfacet
  facet normal -0.973795 -0.227429 0
    outer loop
      vertex -13.9233 0.55646 34.5
      vertex -13.8913 0.419444 30
      vertex -13.8913 0.419444 34.5
    endloop
  endfacet
  facet normal -0.582683 0.812699 0
    outer loop
      vertex -14.6912 -1.70571 30
      vertex -14.8055 -1.78766 34.5
      vertex -14.6912 -1.70571 34.5
    endloop
  endfacet
  facet normal -0.582683 0.812699 0
    outer loop
      vertex -14.8055 -1.78766 34.5
      vertex -14.6912 -1.70571 30
      vertex -14.8055 -1.78766 30
    endloop
  endfacet
  facet normal -0.634224 0.773149 0
    outer loop
      vertex -14.5824 -1.61646 30
      vertex -14.6912 -1.70571 34.5
      vertex -14.5824 -1.61646 34.5
    endloop
  endfacet
  facet normal -0.634224 0.773149 0
    outer loop
      vertex -14.6912 -1.70571 34.5
      vertex -14.5824 -1.61646 30
      vertex -14.6912 -1.70571 30
    endloop
  endfacet
  facet normal 0.471381 -0.88193 0
    outer loop
      vertex -17.075 1.86195 29
      vertex -16.9509 1.92828 34.5
      vertex -17.075 1.86195 34.5
    endloop
  endfacet
  facet normal 0.471381 -0.88193 0
    outer loop
      vertex -16.9509 1.92828 34.5
      vertex -17.075 1.86195 29
      vertex -16.9509 1.92828 29
    endloop
  endfacet
  facet normal -0.881987 0.471274 0
    outer loop
      vertex -14.138 -1.075 30
      vertex -14.0717 -0.95092 34.5
      vertex -14.0717 -0.95092 30
    endloop
  endfacet
  facet normal -0.881987 0.471274 0
    outer loop
      vertex -14.0717 -0.95092 34.5
      vertex -14.138 -1.075 30
      vertex -14.138 -1.075 34.5
    endloop
  endfacet
  facet normal 0.22696 0.973904 -0
    outer loop
      vertex -16.4194 -2.10869 29
      vertex -16.5565 -2.07674 34.5
      vertex -16.4194 -2.10869 34.5
    endloop
  endfacet
  facet normal 0.22696 0.973904 0
    outer loop
      vertex -16.5565 -2.07674 34.5
      vertex -16.4194 -2.10869 29
      vertex -16.5565 -2.07674 29
    endloop
  endfacet
  facet normal 0.957021 0.290019 0
    outer loop
      vertex -18.0359 -0.691094 34.5
      vertex -18.0767 -0.55646 29
      vertex -18.0767 -0.55646 34.5
    endloop
  endfacet
  facet normal 0.957021 0.290019 0
    outer loop
      vertex -18.0767 -0.55646 29
      vertex -18.0359 -0.691094 34.5
      vertex -18.0359 -0.691094 29
    endloop
  endfacet
  facet normal 0.995178 0.0980856 0
    outer loop
      vertex -18.1316 -0.280631 34.5
      vertex -18.1454 -0.140616 29
      vertex -18.1454 -0.140616 34.5
    endloop
  endfacet
  facet normal 0.995178 0.0980856 0
    outer loop
      vertex -18.1454 -0.140616 29
      vertex -18.1316 -0.280631 34.5
      vertex -18.1316 -0.280631 29
    endloop
  endfacet
  facet normal -0.582683 -0.812699 0
    outer loop
      vertex -14.8055 1.78766 30
      vertex -14.6912 1.70571 34.5
      vertex -14.8055 1.78766 34.5
    endloop
  endfacet
  facet normal -0.582683 -0.812699 -0
    outer loop
      vertex -14.6912 1.70571 34.5
      vertex -14.8055 1.78766 30
      vertex -14.6912 1.70571 30
    endloop
  endfacet
  facet normal -0.0326994 0.999465 0
    outer loop
      vertex -15.8594 -2.1454 30
      vertex -16 -2.15 34.5
      vertex -15.8594 -2.1454 34.5
    endloop
  endfacet
  facet normal -0.0326994 0.999465 0
    outer loop
      vertex -16 -2.15 34.5
      vertex -15.8594 -2.1454 30
      vertex -16 -2.15 30
    endloop
  endfacet
  facet normal 0.881987 -0.471274 0
    outer loop
      vertex -17.9283 0.95092 34.5
      vertex -17.862 1.075 29
      vertex -17.862 1.075 34.5
    endloop
  endfacet
  facet normal 0.881987 -0.471274 0
    outer loop
      vertex -17.862 1.075 29
      vertex -17.9283 0.95092 34.5
      vertex -17.9283 0.95092 29
    endloop
  endfacet
  facet normal 0.995178 -0.0980856 0
    outer loop
      vertex -18.1454 0.140616 34.5
      vertex -18.1316 0.280631 29
      vertex -18.1316 0.280631 34.5
    endloop
  endfacet
  facet normal 0.995178 -0.0980856 0
    outer loop
      vertex -18.1316 0.280631 29
      vertex -18.1454 0.140616 34.5
      vertex -18.1454 0.140616 29
    endloop
  endfacet
  facet normal 0.634224 0.773149 -0
    outer loop
      vertex -17.3088 -1.70571 29
      vertex -17.4176 -1.61646 34.5
      vertex -17.3088 -1.70571 34.5
    endloop
  endfacet
  facet normal 0.634224 0.773149 0
    outer loop
      vertex -17.4176 -1.61646 34.5
      vertex -17.3088 -1.70571 29
      vertex -17.4176 -1.61646 29
    endloop
  endfacet
  facet normal -0.352198 -0.935926 0
    outer loop
      vertex -15.3089 2.0359 30
      vertex -15.1772 1.98634 34.5
      vertex -15.3089 2.0359 34.5
    endloop
  endfacet
  facet normal -0.352198 -0.935926 -0
    outer loop
      vertex -15.1772 1.98634 34.5
      vertex -15.3089 2.0359 30
      vertex -15.1772 1.98634 30
    endloop
  endfacet
  facet normal 0.773181 0.634186 0
    outer loop
      vertex -17.6165 -1.41759 34.5
      vertex -17.7057 -1.30884 29
      vertex -17.7057 -1.30884 34.5
    endloop
  endfacet
  facet normal 0.773181 0.634186 0
    outer loop
      vertex -17.7057 -1.30884 29
      vertex -17.6165 -1.41759 34.5
      vertex -17.6165 -1.41759 29
    endloop
  endfacet
  facet normal -0.957021 0.290019 0
    outer loop
      vertex -13.9641 -0.691094 30
      vertex -13.9233 -0.55646 34.5
      vertex -13.9233 -0.55646 30
    endloop
  endfacet
  facet normal -0.957021 0.290019 0
    outer loop
      vertex -13.9233 -0.55646 34.5
      vertex -13.9641 -0.691094 30
      vertex -13.9641 -0.691094 34.5
    endloop
  endfacet
  facet normal -0.881987 -0.471274 0
    outer loop
      vertex -14.0717 0.95092 30
      vertex -14.138 1.075 34.5
      vertex -14.138 1.075 30
    endloop
  endfacet
  facet normal -0.881987 -0.471274 0
    outer loop
      vertex -14.138 1.075 34.5
      vertex -14.0717 0.95092 30
      vertex -14.0717 0.95092 34.5
    endloop
  endfacet
  facet normal 0.773181 -0.634186 0
    outer loop
      vertex -17.7057 1.30884 34.5
      vertex -17.6165 1.41759 29
      vertex -17.6165 1.41759 34.5
    endloop
  endfacet
  facet normal 0.773181 -0.634186 0
    outer loop
      vertex -17.6165 1.41759 29
      vertex -17.7057 1.30884 34.5
      vertex -17.7057 1.30884 29
    endloop
  endfacet
  facet normal 0.911036 0.412327 0
    outer loop
      vertex -17.9283 -0.95092 34.5
      vertex -17.9863 -0.822769 29
      vertex -17.9863 -0.822769 34.5
    endloop
  endfacet
  facet normal 0.911036 0.412327 0
    outer loop
      vertex -17.9863 -0.822769 29
      vertex -17.9283 -0.95092 34.5
      vertex -17.9283 -0.95092 29
    endloop
  endfacet
  facet normal -0.93581 0.352506 0
    outer loop
      vertex -14.0137 -0.822769 30
      vertex -13.9641 -0.691094 34.5
      vertex -13.9641 -0.691094 30
    endloop
  endfacet
  facet normal -0.93581 0.352506 0
    outer loop
      vertex -13.9641 -0.691094 34.5
      vertex -14.0137 -0.822769 30
      vertex -14.0137 -0.822769 34.5
    endloop
  endfacet
  facet normal -0.773181 0.634186 0
    outer loop
      vertex -14.3835 -1.41759 30
      vertex -14.2943 -1.30884 34.5
      vertex -14.2943 -1.30884 30
    endloop
  endfacet
  facet normal -0.773181 0.634186 0
    outer loop
      vertex -14.2943 -1.30884 34.5
      vertex -14.3835 -1.41759 30
      vertex -14.3835 -1.41759 34.5
    endloop
  endfacet
  facet normal 0.0980256 -0.995184 0
    outer loop
      vertex -16.2806 2.13161 29
      vertex -16.1406 2.1454 34.5
      vertex -16.2806 2.13161 34.5
    endloop
  endfacet
  facet normal 0.0980256 -0.995184 0
    outer loop
      vertex -16.1406 2.1454 34.5
      vertex -16.2806 2.13161 29
      vertex -16.1406 2.1454 29
    endloop
  endfacet
  facet normal 0.290347 -0.956922 0
    outer loop
      vertex -16.6911 2.0359 29
      vertex -16.5565 2.07674 34.5
      vertex -16.6911 2.0359 34.5
    endloop
  endfacet
  facet normal 0.290347 -0.956922 0
    outer loop
      vertex -16.5565 2.07674 34.5
      vertex -16.6911 2.0359 29
      vertex -16.5565 2.07674 29
    endloop
  endfacet
  facet normal 0.162923 0.986639 -0
    outer loop
      vertex -16.2806 -2.13161 29
      vertex -16.4194 -2.10869 34.5
      vertex -16.2806 -2.13161 34.5
    endloop
  endfacet
  facet normal 0.162923 0.986639 0
    outer loop
      vertex -16.4194 -2.10869 34.5
      vertex -16.2806 -2.13161 29
      vertex -16.4194 -2.10869 29
    endloop
  endfacet
  facet normal 0.999465 -0.0326957 0
    outer loop
      vertex -18.15 0 34.5
      vertex -18.1454 0.140616 29
      vertex -18.1454 0.140616 34.5
    endloop
  endfacet
  facet normal 0.999465 -0.0326957 0
    outer loop
      vertex -18.1454 0.140616 29
      vertex -18.15 0 34.5
      vertex -18.15 0 29
    endloop
  endfacet
  facet normal -0.0326994 -0.999465 0
    outer loop
      vertex -16 2.15 30
      vertex -15.8594 2.1454 34.5
      vertex -16 2.15 34.5
    endloop
  endfacet
  facet normal -0.0326994 -0.999465 -0
    outer loop
      vertex -15.8594 2.1454 34.5
      vertex -16 2.15 30
      vertex -15.8594 2.1454 30
    endloop
  endfacet
  facet normal -0.471381 -0.88193 0
    outer loop
      vertex -15.0491 1.92828 30
      vertex -14.925 1.86195 34.5
      vertex -15.0491 1.92828 34.5
    endloop
  endfacet
  facet normal -0.471381 -0.88193 -0
    outer loop
      vertex -14.925 1.86195 34.5
      vertex -15.0491 1.92828 30
      vertex -14.925 1.86195 30
    endloop
  endfacet
  facet normal 0.527966 -0.849266 0
    outer loop
      vertex -17.1945 1.78766 29
      vertex -17.075 1.86195 34.5
      vertex -17.1945 1.78766 34.5
    endloop
  endfacet
  facet normal 0.527966 -0.849266 0
    outer loop
      vertex -17.075 1.86195 34.5
      vertex -17.1945 1.78766 29
      vertex -17.075 1.86195 29
    endloop
  endfacet
  facet normal -0.999465 0.0326957 0
    outer loop
      vertex -13.8546 -0.140616 30
      vertex -13.85 0 34.5
      vertex -13.85 0 30
    endloop
  endfacet
  facet normal -0.999465 0.0326957 0
    outer loop
      vertex -13.85 0 34.5
      vertex -13.8546 -0.140616 30
      vertex -13.8546 -0.140616 34.5
    endloop
  endfacet
  facet normal -0.162923 0.986639 0
    outer loop
      vertex -15.5806 -2.10869 30
      vertex -15.7194 -2.13161 34.5
      vertex -15.5806 -2.10869 34.5
    endloop
  endfacet
  facet normal -0.162923 0.986639 0
    outer loop
      vertex -15.7194 -2.13161 34.5
      vertex -15.5806 -2.10869 30
      vertex -15.7194 -2.13161 30
    endloop
  endfacet
  facet normal -0.527966 -0.849266 0
    outer loop
      vertex -14.925 1.86195 30
      vertex -14.8055 1.78766 34.5
      vertex -14.925 1.86195 34.5
    endloop
  endfacet
  facet normal -0.527966 -0.849266 -0
    outer loop
      vertex -14.8055 1.78766 34.5
      vertex -14.925 1.86195 30
      vertex -14.8055 1.78766 30
    endloop
  endfacet
  facet normal 0.0327195 0.999465 0
    outer loop
      vertex -16.0559 -2.14817 30
      vertex -16 -2.15 34.5
      vertex -16 -2.15 30
    endloop
  endfacet
  facet normal 0.0326994 0.999465 2.4959e-07
    outer loop
      vertex -16 -2.15 34.5
      vertex -16.0559 -2.14817 30
      vertex -16.1406 -2.1454 34.5
    endloop
  endfacet
  facet normal 0.0326862 0.999466 0
    outer loop
      vertex -16.1406 -2.1454 29
      vertex -16.0559 -2.14817 30
      vertex -16.0559 -2.14817 29
    endloop
  endfacet
  facet normal 0.0326862 0.999466 0
    outer loop
      vertex -16.0559 -2.14817 30
      vertex -16.1406 -2.1454 29
      vertex -16.1406 -2.1454 34.5
    endloop
  endfacet
  facet normal 0.352198 0.935926 -0
    outer loop
      vertex -16.6911 -2.0359 29
      vertex -16.8228 -1.98634 34.5
      vertex -16.6911 -2.0359 34.5
    endloop
  endfacet
  facet normal 0.352198 0.935926 0
    outer loop
      vertex -16.8228 -1.98634 34.5
      vertex -16.6911 -2.0359 29
      vertex -16.8228 -1.98634 29
    endloop
  endfacet
  facet normal -0 0 1
    outer loop
      vertex -16.1406 2.1454 29
      vertex -16.0614 2.11452 29
      vertex -16.0559 2.14817 29
    endloop
  endfacet
  facet normal -0 0 1
    outer loop
      vertex -16.2806 2.13161 29
      vertex -16.0614 2.11452 29
      vertex -16.1406 2.1454 29
    endloop
  endfacet
  facet normal 0 0 1
    outer loop
      vertex -16.0614 2.11452 29
      vertex -16.2806 2.13161 29
      vertex -16.1653 1.05953 29
    endloop
  endfacet
  facet normal -0 0 1
    outer loop
      vertex -16.4194 2.10869 29
      vertex -16.1653 1.05953 29
      vertex -16.2806 2.13161 29
    endloop
  endfacet
  facet normal 0 0 1
    outer loop
      vertex -16.0614 -2.11452 29
      vertex -16.1406 -2.1454 29
      vertex -16.0559 -2.14817 29
    endloop
  endfacet
  facet normal 0 0 1
    outer loop
      vertex -16.2806 -2.13161 29
      vertex -16.0614 -2.11452 29
      vertex -16.1653 -1.05953 29
    endloop
  endfacet
  facet normal 0 0 1
    outer loop
      vertex -17.862 -1.075 29
      vertex -16.1653 -1.05953 29
      vertex -16.2 0 29
    endloop
  endfacet
  facet normal -0 0 1
    outer loop
      vertex -16.5565 2.07674 29
      vertex -16.1653 1.05953 29
      vertex -16.4194 2.10869 29
    endloop
  endfacet
  facet normal 0 0 1
    outer loop
      vertex -16.0614 -2.11452 29
      vertex -16.2806 -2.13161 29
      vertex -16.1406 -2.1454 29
    endloop
  endfacet
  facet normal -0 0 1
    outer loop
      vertex -16.6911 2.0359 29
      vertex -16.1653 1.05953 29
      vertex -16.5565 2.07674 29
    endloop
  endfacet
  facet normal 0 0 1
    outer loop
      vertex -16.1653 -1.05953 29
      vertex -16.4194 -2.10869 29
      vertex -16.2806 -2.13161 29
    endloop
  endfacet
  facet normal -0 0 1
    outer loop
      vertex -16.8228 1.98634 29
      vertex -16.1653 1.05953 29
      vertex -16.6911 2.0359 29
    endloop
  endfacet
  facet normal 0 0 1
    outer loop
      vertex -16.1653 -1.05953 29
      vertex -16.5565 -2.07674 29
      vertex -16.4194 -2.10869 29
    endloop
  endfacet
  facet normal -0 0 1
    outer loop
      vertex -16.9509 1.92828 29
      vertex -16.1653 1.05953 29
      vertex -16.8228 1.98634 29
    endloop
  endfacet
  facet normal 0 0 1
    outer loop
      vertex -16.1653 -1.05953 29
      vertex -16.6911 -2.0359 29
      vertex -16.5565 -2.07674 29
    endloop
  endfacet
  facet normal -0 0 1
    outer loop
      vertex -17.075 1.86195 29
      vertex -16.1653 1.05953 29
      vertex -16.9509 1.92828 29
    endloop
  endfacet
  facet normal 0 0 1
    outer loop
      vertex -16.1653 -1.05953 29
      vertex -16.8228 -1.98634 29
      vertex -16.6911 -2.0359 29
    endloop
  endfacet
  facet normal -0 0 1
    outer loop
      vertex -17.1945 1.78766 29
      vertex -16.1653 1.05953 29
      vertex -17.075 1.86195 29
    endloop
  endfacet
  facet normal 0 0 1
    outer loop
      vertex -16.1653 -1.05953 29
      vertex -16.9509 -1.92828 29
      vertex -16.8228 -1.98634 29
    endloop
  endfacet
  facet normal -0 0 1
    outer loop
      vertex -17.3088 1.70571 29
      vertex -16.1653 1.05953 29
      vertex -17.1945 1.78766 29
    endloop
  endfacet
  facet normal 0 0 1
    outer loop
      vertex -16.1653 -1.05953 29
      vertex -17.075 -1.86195 29
      vertex -16.9509 -1.92828 29
    endloop
  endfacet
  facet normal -0 0 1
    outer loop
      vertex -17.4176 1.61646 29
      vertex -16.1653 1.05953 29
      vertex -17.3088 1.70571 29
    endloop
  endfacet
  facet normal 0 0 1
    outer loop
      vertex -16.1653 -1.05953 29
      vertex -17.1945 -1.78766 29
      vertex -17.075 -1.86195 29
    endloop
  endfacet
  facet normal -0 0 1
    outer loop
      vertex -17.5203 1.52028 29
      vertex -16.1653 1.05953 29
      vertex -17.4176 1.61646 29
    endloop
  endfacet
  facet normal 0 0 1
    outer loop
      vertex -16.1653 -1.05953 29
      vertex -17.3088 -1.70571 29
      vertex -17.1945 -1.78766 29
    endloop
  endfacet
  facet normal -0 0 1
    outer loop
      vertex -17.6165 1.41759 29
      vertex -16.1653 1.05953 29
      vertex -17.5203 1.52028 29
    endloop
  endfacet
  facet normal 0 0 1
    outer loop
      vertex -16.1653 -1.05953 29
      vertex -17.4176 -1.61646 29
      vertex -17.3088 -1.70571 29
    endloop
  endfacet
  facet normal -0 0 1
    outer loop
      vertex -17.7057 1.30884 29
      vertex -16.1653 1.05953 29
      vertex -17.6165 1.41759 29
    endloop
  endfacet
  facet normal 0 0 1
    outer loop
      vertex -16.1653 -1.05953 29
      vertex -17.5203 -1.52028 29
      vertex -17.4176 -1.61646 29
    endloop
  endfacet
  facet normal -0 0 1
    outer loop
      vertex -17.7877 1.19448 29
      vertex -16.1653 1.05953 29
      vertex -17.7057 1.30884 29
    endloop
  endfacet
  facet normal 0 0 1
    outer loop
      vertex -16.1653 -1.05953 29
      vertex -17.6165 -1.41759 29
      vertex -17.5203 -1.52028 29
    endloop
  endfacet
  facet normal -0 0 1
    outer loop
      vertex -17.862 1.075 29
      vertex -16.1653 1.05953 29
      vertex -17.7877 1.19448 29
    endloop
  endfacet
  facet normal 0 0 1
    outer loop
      vertex -16.1653 -1.05953 29
      vertex -17.7057 -1.30884 29
      vertex -17.6165 -1.41759 29
    endloop
  endfacet
  facet normal 0 0 1
    outer loop
      vertex -16.1653 1.05953 29
      vertex -17.862 1.075 29
      vertex -16.2 0 29
    endloop
  endfacet
  facet normal 0 0 1
    outer loop
      vertex -16.1653 -1.05953 29
      vertex -17.7877 -1.19448 29
      vertex -17.7057 -1.30884 29
    endloop
  endfacet
  facet normal -0 0 1
    outer loop
      vertex -17.9283 0.95092 29
      vertex -16.2 0 29
      vertex -17.862 1.075 29
    endloop
  endfacet
  facet normal 0 0 1
    outer loop
      vertex -16.1653 -1.05953 29
      vertex -17.862 -1.075 29
      vertex -17.7877 -1.19448 29
    endloop
  endfacet
  facet normal -0 0 1
    outer loop
      vertex -17.9863 0.822769 29
      vertex -16.2 0 29
      vertex -17.9283 0.95092 29
    endloop
  endfacet
  facet normal 0 0 1
    outer loop
      vertex -16.2 0 29
      vertex -17.9283 -0.95092 29
      vertex -17.862 -1.075 29
    endloop
  endfacet
  facet normal -0 0 1
    outer loop
      vertex -18.0359 0.691094 29
      vertex -16.2 0 29
      vertex -17.9863 0.822769 29
    endloop
  endfacet
  facet normal 0 0 1
    outer loop
      vertex -16.2 0 29
      vertex -17.9863 -0.822769 29
      vertex -17.9283 -0.95092 29
    endloop
  endfacet
  facet normal -0 0 1
    outer loop
      vertex -18.0767 0.55646 29
      vertex -16.2 0 29
      vertex -18.0359 0.691094 29
    endloop
  endfacet
  facet normal 0 0 1
    outer loop
      vertex -16.2 0 29
      vertex -18.0359 -0.691094 29
      vertex -17.9863 -0.822769 29
    endloop
  endfacet
  facet normal -0 0 1
    outer loop
      vertex -18.1087 0.419444 29
      vertex -16.2 0 29
      vertex -18.0767 0.55646 29
    endloop
  endfacet
  facet normal 0 0 1
    outer loop
      vertex -16.2 0 29
      vertex -18.0767 -0.55646 29
      vertex -18.0359 -0.691094 29
    endloop
  endfacet
  facet normal -0 0 1
    outer loop
      vertex -18.1316 0.280631 29
      vertex -16.2 0 29
      vertex -18.1087 0.419444 29
    endloop
  endfacet
  facet normal 0 0 1
    outer loop
      vertex -16.2 0 29
      vertex -18.1087 -0.419444 29
      vertex -18.0767 -0.55646 29
    endloop
  endfacet
  facet normal -0 0 1
    outer loop
      vertex -18.1454 0.140616 29
      vertex -16.2 0 29
      vertex -18.1316 0.280631 29
    endloop
  endfacet
  facet normal 0 0 1
    outer loop
      vertex -16.2 0 29
      vertex -18.1316 -0.280631 29
      vertex -18.1087 -0.419444 29
    endloop
  endfacet
  facet normal 0 0 1
    outer loop
      vertex -18.15 0 29
      vertex -16.2 0 29
      vertex -18.1454 0.140616 29
    endloop
  endfacet
  facet normal 0 0 1
    outer loop
      vertex -16.2 0 29
      vertex -18.1454 -0.140616 29
      vertex -18.1316 -0.280631 29
    endloop
  endfacet
  facet normal 0 0 1
    outer loop
      vertex -16.2 0 29
      vertex -18.15 0 29
      vertex -18.1454 -0.140616 29
    endloop
  endfacet
  facet normal -0.995178 -0.0980856 0
    outer loop
      vertex -13.8546 0.140616 30
      vertex -13.8684 0.280631 34.5
      vertex -13.8684 0.280631 30
    endloop
  endfacet
  facet normal -0.995178 -0.0980856 0
    outer loop
      vertex -13.8684 0.280631 34.5
      vertex -13.8546 0.140616 30
      vertex -13.8546 0.140616 34.5
    endloop
  endfacet
  facet normal 0.412817 -0.910814 0
    outer loop
      vertex -16.9509 1.92828 29
      vertex -16.8228 1.98634 34.5
      vertex -16.9509 1.92828 34.5
    endloop
  endfacet
  facet normal 0.412817 -0.910814 0
    outer loop
      vertex -16.8228 1.98634 34.5
      vertex -16.9509 1.92828 29
      vertex -16.8228 1.98634 29
    endloop
  endfacet
  facet normal 0.849194 -0.528081 0
    outer loop
      vertex -17.862 1.075 34.5
      vertex -17.7877 1.19448 29
      vertex -17.7877 1.19448 34.5
    endloop
  endfacet
  facet normal 0.849194 -0.528081 0
    outer loop
      vertex -17.7877 1.19448 29
      vertex -17.862 1.075 34.5
      vertex -17.862 1.075 29
    endloop
  endfacet
  facet normal -0.683558 -0.729896 0
    outer loop
      vertex -14.5824 1.61646 30
      vertex -14.4797 1.52028 34.5
      vertex -14.5824 1.61646 34.5
    endloop
  endfacet
  facet normal -0.683558 -0.729896 -0
    outer loop
      vertex -14.4797 1.52028 34.5
      vertex -14.5824 1.61646 30
      vertex -14.4797 1.52028 30
    endloop
  endfacet
  facet normal 0.0980256 0.995184 -0
    outer loop
      vertex -16.1406 -2.1454 29
      vertex -16.2806 -2.13161 34.5
      vertex -16.1406 -2.1454 34.5
    endloop
  endfacet
  facet normal 0.0980256 0.995184 0
    outer loop
      vertex -16.2806 -2.13161 34.5
      vertex -16.1406 -2.1454 29
      vertex -16.2806 -2.13161 29
    endloop
  endfacet
  facet normal -0.0980256 -0.995184 0
    outer loop
      vertex -15.8594 2.1454 30
      vertex -15.7194 2.13161 34.5
      vertex -15.8594 2.1454 34.5
    endloop
  endfacet
  facet normal -0.0980256 -0.995184 -0
    outer loop
      vertex -15.7194 2.13161 34.5
      vertex -15.8594 2.1454 30
      vertex -15.7194 2.13161 30
    endloop
  endfacet
  facet normal -0.986664 -0.16277 0
    outer loop
      vertex -13.8684 0.280631 30
      vertex -13.8913 0.419444 34.5
      vertex -13.8913 0.419444 30
    endloop
  endfacet
  facet normal -0.986664 -0.16277 0
    outer loop
      vertex -13.8913 0.419444 34.5
      vertex -13.8684 0.280631 30
      vertex -13.8684 0.280631 34.5
    endloop
  endfacet
  facet normal 0.683558 0.729896 -0
    outer loop
      vertex -17.4176 -1.61646 29
      vertex -17.5203 -1.52028 34.5
      vertex -17.4176 -1.61646 34.5
    endloop
  endfacet
  facet normal 0.683558 0.729896 0
    outer loop
      vertex -17.5203 -1.52028 34.5
      vertex -17.4176 -1.61646 29
      vertex -17.5203 -1.52028 29
    endloop
  endfacet
  facet normal -0.527966 0.849266 0
    outer loop
      vertex -14.8055 -1.78766 30
      vertex -14.925 -1.86195 34.5
      vertex -14.8055 -1.78766 34.5
    endloop
  endfacet
  facet normal -0.527966 0.849266 0
    outer loop
      vertex -14.925 -1.86195 34.5
      vertex -14.8055 -1.78766 30
      vertex -14.925 -1.86195 30
    endloop
  endfacet
  facet normal 0.849194 0.528081 0
    outer loop
      vertex -17.7877 -1.19448 34.5
      vertex -17.862 -1.075 29
      vertex -17.862 -1.075 34.5
    endloop
  endfacet
  facet normal 0.849194 0.528081 0
    outer loop
      vertex -17.862 -1.075 29
      vertex -17.7877 -1.19448 34.5
      vertex -17.7877 -1.19448 29
    endloop
  endfacet
  facet normal -0.973795 0.227429 0
    outer loop
      vertex -13.9233 -0.55646 30
      vertex -13.8913 -0.419444 34.5
      vertex -13.8913 -0.419444 30
    endloop
  endfacet
  facet normal -0.973795 0.227429 0
    outer loop
      vertex -13.8913 -0.419444 34.5
      vertex -13.9233 -0.55646 30
      vertex -13.9233 -0.55646 34.5
    endloop
  endfacet
  facet normal 0.582683 -0.812699 0
    outer loop
      vertex -17.3088 1.70571 29
      vertex -17.1945 1.78766 34.5
      vertex -17.3088 1.70571 34.5
    endloop
  endfacet
  facet normal 0.582683 -0.812699 0
    outer loop
      vertex -17.1945 1.78766 34.5
      vertex -17.3088 1.70571 29
      vertex -17.1945 1.78766 29
    endloop
  endfacet
  facet normal -0.995178 0.0980856 0
    outer loop
      vertex -13.8684 -0.280631 30
      vertex -13.8546 -0.140616 34.5
      vertex -13.8546 -0.140616 30
    endloop
  endfacet
  facet normal -0.995178 0.0980856 0
    outer loop
      vertex -13.8546 -0.140616 34.5
      vertex -13.8684 -0.280631 30
      vertex -13.8684 -0.280631 34.5
    endloop
  endfacet
  facet normal -0.729792 0.683669 0
    outer loop
      vertex -14.4797 -1.52028 30
      vertex -14.3835 -1.41759 34.5
      vertex -14.3835 -1.41759 30
    endloop
  endfacet
  facet normal -0.729792 0.683669 0
    outer loop
      vertex -14.3835 -1.41759 34.5
      vertex -14.4797 -1.52028 30
      vertex -14.4797 -1.52028 34.5
    endloop
  endfacet
  facet normal 0.973795 0.227429 0
    outer loop
      vertex -18.0767 -0.55646 34.5
      vertex -18.1087 -0.419444 29
      vertex -18.1087 -0.419444 34.5
    endloop
  endfacet
  facet normal 0.973795 0.227429 0
    outer loop
      vertex -18.1087 -0.419444 29
      vertex -18.0767 -0.55646 34.5
      vertex -18.0767 -0.55646 29
    endloop
  endfacet
  facet normal -0.911036 -0.412327 0
    outer loop
      vertex -14.0137 0.822769 30
      vertex -14.0717 0.95092 34.5
      vertex -14.0717 0.95092 30
    endloop
  endfacet
  facet normal -0.911036 -0.412327 0
    outer loop
      vertex -14.0717 0.95092 34.5
      vertex -14.0137 0.822769 30
      vertex -14.0137 0.822769 34.5
    endloop
  endfacet
  facet normal -0.849194 0.528081 0
    outer loop
      vertex -14.2123 -1.19448 30
      vertex -14.138 -1.075 34.5
      vertex -14.138 -1.075 30
    endloop
  endfacet
  facet normal -0.849194 0.528081 0
    outer loop
      vertex -14.138 -1.075 34.5
      vertex -14.2123 -1.19448 30
      vertex -14.2123 -1.19448 34.5
    endloop
  endfacet
  facet normal 0.911036 -0.412327 0
    outer loop
      vertex -17.9863 0.822769 34.5
      vertex -17.9283 0.95092 29
      vertex -17.9283 0.95092 34.5
    endloop
  endfacet
  facet normal 0.911036 -0.412327 0
    outer loop
      vertex -17.9283 0.95092 29
      vertex -17.9863 0.822769 34.5
      vertex -17.9863 0.822769 29
    endloop
  endfacet
  facet normal -0.683558 0.729896 0
    outer loop
      vertex -14.4797 -1.52028 30
      vertex -14.5824 -1.61646 34.5
      vertex -14.4797 -1.52028 34.5
    endloop
  endfacet
  facet normal -0.683558 0.729896 0
    outer loop
      vertex -14.5824 -1.61646 34.5
      vertex -14.4797 -1.52028 30
      vertex -14.5824 -1.61646 30
    endloop
  endfacet
  facet normal 0.986664 0.16277 0
    outer loop
      vertex -18.1087 -0.419444 34.5
      vertex -18.1316 -0.280631 29
      vertex -18.1316 -0.280631 34.5
    endloop
  endfacet
  facet normal 0.986664 0.16277 0
    outer loop
      vertex -18.1316 -0.280631 29
      vertex -18.1087 -0.419444 34.5
      vertex -18.1087 -0.419444 29
    endloop
  endfacet
  facet normal -0.352198 0.935926 0
    outer loop
      vertex -15.1772 -1.98634 30
      vertex -15.3089 -2.0359 34.5
      vertex -15.1772 -1.98634 34.5
    endloop
  endfacet
  facet normal -0.352198 0.935926 0
    outer loop
      vertex -15.3089 -2.0359 34.5
      vertex -15.1772 -1.98634 30
      vertex -15.3089 -2.0359 30
    endloop
  endfacet
  facet normal -0.471381 0.88193 0
    outer loop
      vertex -14.925 -1.86195 30
      vertex -15.0491 -1.92828 34.5
      vertex -14.925 -1.86195 34.5
    endloop
  endfacet
  facet normal -0.471381 0.88193 0
    outer loop
      vertex -15.0491 -1.92828 34.5
      vertex -14.925 -1.86195 30
      vertex -15.0491 -1.92828 30
    endloop
  endfacet
  facet normal -0.957021 -0.290019 0
    outer loop
      vertex -13.9233 0.55646 30
      vertex -13.9641 0.691094 34.5
      vertex -13.9641 0.691094 30
    endloop
  endfacet
  facet normal -0.957021 -0.290019 0
    outer loop
      vertex -13.9641 0.691094 34.5
      vertex -13.9233 0.55646 30
      vertex -13.9233 0.55646 34.5
    endloop
  endfacet
  facet normal 0.471381 0.88193 -0
    outer loop
      vertex -16.9509 -1.92828 29
      vertex -17.075 -1.86195 34.5
      vertex -16.9509 -1.92828 34.5
    endloop
  endfacet
  facet normal 0.471381 0.88193 0
    outer loop
      vertex -17.075 -1.86195 34.5
      vertex -16.9509 -1.92828 29
      vertex -17.075 -1.86195 29
    endloop
  endfacet
  facet normal 0.162923 -0.986639 0
    outer loop
      vertex -16.4194 2.10869 29
      vertex -16.2806 2.13161 34.5
      vertex -16.4194 2.10869 34.5
    endloop
  endfacet
  facet normal 0.162923 -0.986639 0
    outer loop
      vertex -16.2806 2.13161 34.5
      vertex -16.4194 2.10869 29
      vertex -16.2806 2.13161 29
    endloop
  endfacet
  facet normal -0.0980256 0.995184 0
    outer loop
      vertex -15.7194 -2.13161 30
      vertex -15.8594 -2.1454 34.5
      vertex -15.7194 -2.13161 34.5
    endloop
  endfacet
  facet normal -0.0980256 0.995184 0
    outer loop
      vertex -15.8594 -2.1454 34.5
      vertex -15.7194 -2.13161 30
      vertex -15.8594 -2.1454 30
    endloop
  endfacet
  facet normal 0.683558 -0.729896 0
    outer loop
      vertex -17.5203 1.52028 29
      vertex -17.4176 1.61646 34.5
      vertex -17.5203 1.52028 34.5
    endloop
  endfacet
  facet normal 0.683558 -0.729896 0
    outer loop
      vertex -17.4176 1.61646 34.5
      vertex -17.5203 1.52028 29
      vertex -17.4176 1.61646 29
    endloop
  endfacet
  facet normal 0.812676 -0.582716 0
    outer loop
      vertex -17.7877 1.19448 34.5
      vertex -17.7057 1.30884 29
      vertex -17.7057 1.30884 34.5
    endloop
  endfacet
  facet normal 0.812676 -0.582716 0
    outer loop
      vertex -17.7057 1.30884 29
      vertex -17.7877 1.19448 34.5
      vertex -17.7877 1.19448 29
    endloop
  endfacet
  facet normal -0.729792 -0.683669 0
    outer loop
      vertex -14.3835 1.41759 30
      vertex -14.4797 1.52028 34.5
      vertex -14.4797 1.52028 30
    endloop
  endfacet
  facet normal -0.729792 -0.683669 0
    outer loop
      vertex -14.4797 1.52028 34.5
      vertex -14.3835 1.41759 30
      vertex -14.3835 1.41759 34.5
    endloop
  endfacet
  facet normal 0.634224 -0.773149 0
    outer loop
      vertex -17.4176 1.61646 29
      vertex -17.3088 1.70571 34.5
      vertex -17.4176 1.61646 34.5
    endloop
  endfacet
  facet normal 0.634224 -0.773149 0
    outer loop
      vertex -17.3088 1.70571 34.5
      vertex -17.4176 1.61646 29
      vertex -17.3088 1.70571 29
    endloop
  endfacet
  facet normal -0.162923 -0.986639 0
    outer loop
      vertex -15.7194 2.13161 30
      vertex -15.5806 2.10869 34.5
      vertex -15.7194 2.13161 34.5
    endloop
  endfacet
  facet normal -0.162923 -0.986639 -0
    outer loop
      vertex -15.5806 2.10869 34.5
      vertex -15.7194 2.13161 30
      vertex -15.5806 2.10869 30
    endloop
  endfacet
  facet normal 0.290347 0.956922 -0
    outer loop
      vertex -16.5565 -2.07674 29
      vertex -16.6911 -2.0359 34.5
      vertex -16.5565 -2.07674 34.5
    endloop
  endfacet
  facet normal 0.290347 0.956922 0
    outer loop
      vertex -16.6911 -2.0359 34.5
      vertex -16.5565 -2.07674 29
      vertex -16.6911 -2.0359 29
    endloop
  endfacet
  facet normal -0.999465 -0.0326957 0
    outer loop
      vertex -13.85 0 30
      vertex -13.8546 0.140616 34.5
      vertex -13.8546 0.140616 30
    endloop
  endfacet
  facet normal -0.999465 -0.0326957 0
    outer loop
      vertex -13.8546 0.140616 34.5
      vertex -13.85 0 30
      vertex -13.85 0 34.5
    endloop
  endfacet
  facet normal 0.527966 0.849266 -0
    outer loop
      vertex -17.075 -1.86195 29
      vertex -17.1945 -1.78766 34.5
      vertex -17.075 -1.86195 34.5
    endloop
  endfacet
  facet normal 0.527966 0.849266 0
    outer loop
      vertex -17.1945 -1.78766 34.5
      vertex -17.075 -1.86195 29
      vertex -17.1945 -1.78766 29
    endloop
  endfacet
  facet normal 0.352198 -0.935926 0
    outer loop
      vertex -16.8228 1.98634 29
      vertex -16.6911 2.0359 34.5
      vertex -16.8228 1.98634 34.5
    endloop
  endfacet
  facet normal 0.352198 -0.935926 0
    outer loop
      vertex -16.6911 2.0359 34.5
      vertex -16.8228 1.98634 29
      vertex -16.6911 2.0359 29
    endloop
  endfacet
  facet normal 0.93581 -0.352506 0
    outer loop
      vertex -18.0359 0.691094 34.5
      vertex -17.9863 0.822769 29
      vertex -17.9863 0.822769 34.5
    endloop
  endfacet
  facet normal 0.93581 -0.352506 0
    outer loop
      vertex -17.9863 0.822769 29
      vertex -18.0359 0.691094 34.5
      vertex -18.0359 0.691094 29
    endloop
  endfacet
  facet normal -0.634224 -0.773149 0
    outer loop
      vertex -14.6912 1.70571 30
      vertex -14.5824 1.61646 34.5
      vertex -14.6912 1.70571 34.5
    endloop
  endfacet
  facet normal -0.634224 -0.773149 -0
    outer loop
      vertex -14.5824 1.61646 34.5
      vertex -14.6912 1.70571 30
      vertex -14.5824 1.61646 30
    endloop
  endfacet
  facet normal 0.729792 -0.683669 0
    outer loop
      vertex -17.6165 1.41759 34.5
      vertex -17.5203 1.52028 29
      vertex -17.5203 1.52028 34.5
    endloop
  endfacet
  facet normal 0.729792 -0.683669 0
    outer loop
      vertex -17.5203 1.52028 29
      vertex -17.6165 1.41759 34.5
      vertex -17.6165 1.41759 29
    endloop
  endfacet
  facet normal -0.412817 -0.910814 0
    outer loop
      vertex -15.1772 1.98634 30
      vertex -15.0491 1.92828 34.5
      vertex -15.1772 1.98634 34.5
    endloop
  endfacet
  facet normal -0.412817 -0.910814 -0
    outer loop
      vertex -15.0491 1.92828 34.5
      vertex -15.1772 1.98634 30
      vertex -15.0491 1.92828 30
    endloop
  endfacet
  facet normal 0.528026 -0.849228 0
    outer loop
      vertex 13.7777 3.32588 34.5
      vertex 14 3.4641 38
      vertex 13.7777 3.32588 38
    endloop
  endfacet
  facet normal 0.528026 -0.849228 0
    outer loop
      vertex 14 3.4641 38
      vertex 13.7777 3.32588 34.5
      vertex 14 3.4641 34.5
    endloop
  endfacet
  facet normal -0.995206 -0.0978044 0
    outer loop
      vertex 19.9914 0.261612 34.5
      vertex 19.9658 0.522104 38
      vertex 19.9658 0.522104 34.5
    endloop
  endfacet
  facet normal -0.995206 -0.0978044 0
    outer loop
      vertex 19.9658 0.522104 38
      vertex 19.9914 0.261612 34.5
      vertex 19.9914 0.261612 38
    endloop
  endfacet
  facet normal -0.99946 -0.0328554 0
    outer loop
      vertex 20 0 34.5
      vertex 19.9914 0.261612 38
      vertex 19.9914 0.261612 34.5
    endloop
  endfacet
  facet normal -0.99946 -0.0328554 0
    outer loop
      vertex 19.9914 0.261612 38
      vertex 20 0 34.5
      vertex 20 0 38
    endloop
  endfacet
  facet normal -0.729746 0.683719 0
    outer loop
      vertex 18.8284 -2.82843 34.5
      vertex 19.0074 -2.63738 38
      vertex 19.0074 -2.63738 34.5
    endloop
  endfacet
  facet normal -0.729746 0.683719 0
    outer loop
      vertex 19.0074 -2.63738 38
      vertex 18.8284 -2.82843 34.5
      vertex 18.8284 -2.82843 38
    endloop
  endfacet
  facet normal 0.986605 0.163125 0
    outer loop
      vertex 12.0769 -0.780361 38
      vertex 12.0342 -0.522104 34.5
      vertex 12.0342 -0.522104 38
    endloop
  endfacet
  facet normal 0.986605 0.163125 0
    outer loop
      vertex 12.0342 -0.522104 34.5
      vertex 12.0769 -0.780361 38
      vertex 12.0769 -0.780361 34.5
    endloop
  endfacet
  facet normal -0.352338 -0.935873 0
    outer loop
      vertex 17.2858 3.78772 34.5
      vertex 17.5307 3.69552 38
      vertex 17.2858 3.78772 38
    endloop
  endfacet
  facet normal -0.352338 -0.935873 -0
    outer loop
      vertex 17.5307 3.69552 38
      vertex 17.2858 3.78772 34.5
      vertex 17.5307 3.69552 34.5
    endloop
  endfacet
  facet normal -0.910902 -0.412622 0
    outer loop
      vertex 19.6955 1.53073 34.5
      vertex 19.5875 1.76915 38
      vertex 19.5875 1.76915 34.5
    endloop
  endfacet
  facet normal -0.910902 -0.412622 0
    outer loop
      vertex 19.5875 1.76915 38
      vertex 19.6955 1.53073 34.5
      vertex 19.6955 1.53073 38
    endloop
  endfacet
  facet normal -0.81279 -0.582556 0
    outer loop
      vertex 19.3259 2.22228 34.5
      vertex 19.1734 2.43505 38
      vertex 19.1734 2.43505 34.5
    endloop
  endfacet
  facet normal -0.81279 -0.582556 0
    outer loop
      vertex 19.1734 2.43505 38
      vertex 19.3259 2.22228 34.5
      vertex 19.3259 2.22228 38
    endloop
  endfacet
  facet normal 0.81279 0.582556 0
    outer loop
      vertex 12.8266 -2.43505 38
      vertex 12.6741 -2.22228 34.5
      vertex 12.6741 -2.22228 38
    endloop
  endfacet
  facet normal 0.81279 0.582556 0
    outer loop
      vertex 12.6741 -2.22228 34.5
      vertex 12.8266 -2.43505 38
      vertex 12.8266 -2.43505 34.5
    endloop
  endfacet
  facet normal 0.956922 -0.290347 0
    outer loop
      vertex 12.1363 1.03528 38
      vertex 12.2123 1.28576 34.5
      vertex 12.2123 1.28576 38
    endloop
  endfacet
  facet normal 0.956922 -0.290347 0
    outer loop
      vertex 12.2123 1.28576 34.5
      vertex 12.1363 1.03528 38
      vertex 12.1363 1.03528 34.5
    endloop
  endfacet
  facet normal -0.0327042 0.999465 0
    outer loop
      vertex 16.2616 -3.99144 34.5
      vertex 16 -4 38
      vertex 16.2616 -3.99144 38
    endloop
  endfacet
  facet normal -0.0327042 0.999465 0
    outer loop
      vertex 16 -4 38
      vertex 16.2616 -3.99144 34.5
      vertex 16 -4 34.5
    endloop
  endfacet
  facet normal -0.849241 -0.528006 0
    outer loop
      vertex 19.4641 2 34.5
      vertex 19.3259 2.22228 38
      vertex 19.3259 2.22228 34.5
    endloop
  endfacet
  facet normal -0.849241 -0.528006 0
    outer loop
      vertex 19.3259 2.22228 38
      vertex 19.4641 2 34.5
      vertex 19.4641 2 38
    endloop
  endfacet
  facet normal -0.412603 -0.910911 0
    outer loop
      vertex 17.5307 3.69552 34.5
      vertex 17.7692 3.58749 38
      vertex 17.5307 3.69552 38
    endloop
  endfacet
  facet normal -0.412603 -0.910911 -0
    outer loop
      vertex 17.7692 3.58749 38
      vertex 17.5307 3.69552 34.5
      vertex 17.7692 3.58749 34.5
    endloop
  endfacet
  facet normal 0.97391 0.226936 0
    outer loop
      vertex 12.1363 -1.03528 38
      vertex 12.0769 -0.780361 34.5
      vertex 12.0769 -0.780361 38
    endloop
  endfacet
  facet normal 0.97391 0.226936 0
    outer loop
      vertex 12.0769 -0.780361 34.5
      vertex 12.1363 -1.03528 38
      vertex 12.1363 -1.03528 34.5
    endloop
  endfacet
  facet normal -0.352338 0.935873 0
    outer loop
      vertex 17.5307 -3.69552 34.5
      vertex 17.2858 -3.78772 38
      vertex 17.5307 -3.69552 38
    endloop
  endfacet
  facet normal -0.352338 0.935873 0
    outer loop
      vertex 17.2858 -3.78772 38
      vertex 17.5307 -3.69552 34.5
      vertex 17.2858 -3.78772 34.5
    endloop
  endfacet
  facet normal -0.227097 0.973872 0
    outer loop
      vertex 17.0353 -3.8637 34.5
      vertex 16.7804 -3.92314 38
      vertex 17.0353 -3.8637 38
    endloop
  endfacet
  facet normal -0.227097 0.973872 0
    outer loop
      vertex 16.7804 -3.92314 38
      vertex 17.0353 -3.8637 34.5
      vertex 16.7804 -3.92314 34.5
    endloop
  endfacet
  facet normal -0.634267 0.773114 0
    outer loop
      vertex 18.6374 -3.00736 34.5
      vertex 18.435 -3.17341 38
      vertex 18.6374 -3.00736 38
    endloop
  endfacet
  facet normal -0.634267 0.773114 0
    outer loop
      vertex 18.435 -3.17341 38
      vertex 18.6374 -3.00736 34.5
      vertex 18.435 -3.17341 34.5
    endloop
  endfacet
  facet normal -0.956922 -0.290347 0
    outer loop
      vertex 19.8637 1.03528 34.5
      vertex 19.7877 1.28576 38
      vertex 19.7877 1.28576 34.5
    endloop
  endfacet
  facet normal -0.956922 -0.290347 0
    outer loop
      vertex 19.7877 1.28576 38
      vertex 19.8637 1.03528 34.5
      vertex 19.8637 1.03528 38
    endloop
  endfacet
  facet normal -0.986605 0.163125 0
    outer loop
      vertex 19.9231 -0.780361 34.5
      vertex 19.9658 -0.522104 38
      vertex 19.9658 -0.522104 34.5
    endloop
  endfacet
  facet normal -0.986605 0.163125 0
    outer loop
      vertex 19.9658 -0.522104 38
      vertex 19.9231 -0.780361 34.5
      vertex 19.9231 -0.780361 38
    endloop
  endfacet
  facet normal -0.412603 0.910911 0
    outer loop
      vertex 17.7692 -3.58749 34.5
      vertex 17.5307 -3.69552 38
      vertex 17.7692 -3.58749 38
    endloop
  endfacet
  facet normal -0.412603 0.910911 0
    outer loop
      vertex 17.5307 -3.69552 38
      vertex 17.7692 -3.58749 34.5
      vertex 17.5307 -3.69552 34.5
    endloop
  endfacet
  facet normal 0 0 1
    outer loop
      vertex 18.15 0 34.5
      vertex 20 0 34.5
      vertex 19.9914 0.261612 34.5
    endloop
  endfacet
  facet normal 0 0 1
    outer loop
      vertex 18.1454 0.140616 34.5
      vertex 19.9914 0.261612 34.5
      vertex 19.9658 0.522104 34.5
    endloop
  endfacet
  facet normal 0 0 1
    outer loop
      vertex 20 0 34.5
      vertex 18.15 0 34.5
      vertex 19.9914 -0.261612 34.5
    endloop
  endfacet
  facet normal 0 0 1
    outer loop
      vertex 18.1316 0.280631 34.5
      vertex 19.9658 0.522104 34.5
      vertex 19.9231 0.780361 34.5
    endloop
  endfacet
  facet normal -0 0 1
    outer loop
      vertex 18.1454 -0.140616 34.5
      vertex 19.9914 -0.261612 34.5
      vertex 18.15 0 34.5
    endloop
  endfacet
  facet normal 0 0 1
    outer loop
      vertex 18.1087 0.419444 34.5
      vertex 19.9231 0.780361 34.5
      vertex 19.8637 1.03528 34.5
    endloop
  endfacet
  facet normal 0 0 1
    outer loop
      vertex 19.9914 -0.261612 34.5
      vertex 18.1454 -0.140616 34.5
      vertex 19.9658 -0.522104 34.5
    endloop
  endfacet
  facet normal 0 0 1
    outer loop
      vertex 18.0767 0.55646 34.5
      vertex 19.8637 1.03528 34.5
      vertex 19.7877 1.28576 34.5
    endloop
  endfacet
  facet normal -0 0 1
    outer loop
      vertex 18.1316 -0.280631 34.5
      vertex 19.9658 -0.522104 34.5
      vertex 18.1454 -0.140616 34.5
    endloop
  endfacet
  facet normal 0 0 1
    outer loop
      vertex 18.0359 0.691094 34.5
      vertex 19.7877 1.28576 34.5
      vertex 19.6955 1.53073 34.5
    endloop
  endfacet
  facet normal 0 0 1
    outer loop
      vertex 19.9658 -0.522104 34.5
      vertex 18.1316 -0.280631 34.5
      vertex 19.9231 -0.780361 34.5
    endloop
  endfacet
  facet normal 0 0 1
    outer loop
      vertex 17.9863 0.822769 34.5
      vertex 19.6955 1.53073 34.5
      vertex 19.5875 1.76915 34.5
    endloop
  endfacet
  facet normal -0 0 1
    outer loop
      vertex 18.1087 -0.419444 34.5
      vertex 19.9231 -0.780361 34.5
      vertex 18.1316 -0.280631 34.5
    endloop
  endfacet
  facet normal 0 0 1
    outer loop
      vertex 17.9283 0.95092 34.5
      vertex 19.5875 1.76915 34.5
      vertex 19.4641 2 34.5
    endloop
  endfacet
  facet normal 0 0 1
    outer loop
      vertex 19.9231 -0.780361 34.5
      vertex 18.1087 -0.419444 34.5
      vertex 19.8637 -1.03528 34.5
    endloop
  endfacet
  facet normal 0 0 1
    outer loop
      vertex 17.862 1.075 34.5
      vertex 19.4641 2 34.5
      vertex 19.3259 2.22228 34.5
    endloop
  endfacet
  facet normal -0 0 1
    outer loop
      vertex 18.0767 -0.55646 34.5
      vertex 19.8637 -1.03528 34.5
      vertex 18.1087 -0.419444 34.5
    endloop
  endfacet
  facet normal 0 0 1
    outer loop
      vertex 17.7877 1.19448 34.5
      vertex 19.3259 2.22228 34.5
      vertex 19.1734 2.43505 34.5
    endloop
  endfacet
  facet normal 0 0 1
    outer loop
      vertex 19.8637 -1.03528 34.5
      vertex 18.0767 -0.55646 34.5
      vertex 19.7877 -1.28576 34.5
    endloop
  endfacet
  facet normal 0 0 1
    outer loop
      vertex 17.7057 1.30884 34.5
      vertex 19.1734 2.43505 34.5
      vertex 19.0074 2.63738 34.5
    endloop
  endfacet
  facet normal -0 0 1
    outer loop
      vertex 18.0359 -0.691094 34.5
      vertex 19.7877 -1.28576 34.5
      vertex 18.0767 -0.55646 34.5
    endloop
  endfacet
  facet normal 0 0 1
    outer loop
      vertex 17.6165 1.41759 34.5
      vertex 19.0074 2.63738 34.5
      vertex 18.8284 2.82843 34.5
    endloop
  endfacet
  facet normal 0 0 1
    outer loop
      vertex 19.7877 -1.28576 34.5
      vertex 18.0359 -0.691094 34.5
      vertex 19.6955 -1.53073 34.5
    endloop
  endfacet
  facet normal 0 0 1
    outer loop
      vertex 17.5203 1.52028 34.5
      vertex 18.8284 2.82843 34.5
      vertex 18.6374 3.00736 34.5
    endloop
  endfacet
  facet normal -0 0 1
    outer loop
      vertex 17.9863 -0.822769 34.5
      vertex 19.6955 -1.53073 34.5
      vertex 18.0359 -0.691094 34.5
    endloop
  endfacet
  facet normal 0 0 1
    outer loop
      vertex 17.4176 1.61646 34.5
      vertex 18.6374 3.00736 34.5
      vertex 18.435 3.17341 34.5
    endloop
  endfacet
  facet normal 0 0 1
    outer loop
      vertex 19.6955 -1.53073 34.5
      vertex 17.9863 -0.822769 34.5
      vertex 19.5875 -1.76915 34.5
    endloop
  endfacet
  facet normal 0 0 1
    outer loop
      vertex 17.3088 1.70571 34.5
      vertex 18.435 3.17341 34.5
      vertex 18.2223 3.32588 34.5
    endloop
  endfacet
  facet normal -0 0 1
    outer loop
      vertex 17.9283 -0.95092 34.5
      vertex 19.5875 -1.76915 34.5
      vertex 17.9863 -0.822769 34.5
    endloop
  endfacet
  facet normal 0 0 1
    outer loop
      vertex 19.5875 -1.76915 34.5
      vertex 17.9283 -0.95092 34.5
      vertex 19.4641 -2 34.5
    endloop
  endfacet
  facet normal 0 0 1
    outer loop
      vertex 19.9914 0.261612 34.5
      vertex 18.1454 0.140616 34.5
      vertex 18.15 0 34.5
    endloop
  endfacet
  facet normal 0 0 1
    outer loop
      vertex 19.9658 0.522104 34.5
      vertex 18.1316 0.280631 34.5
      vertex 18.1454 0.140616 34.5
    endloop
  endfacet
  facet normal 0 0 1
    outer loop
      vertex 19.9231 0.780361 34.5
      vertex 18.1087 0.419444 34.5
      vertex 18.1316 0.280631 34.5
    endloop
  endfacet
  facet normal 0 0 1
    outer loop
      vertex 19.8637 1.03528 34.5
      vertex 18.0767 0.55646 34.5
      vertex 18.1087 0.419444 34.5
    endloop
  endfacet
  facet normal 0 0 1
    outer loop
      vertex 19.7877 1.28576 34.5
      vertex 18.0359 0.691094 34.5
      vertex 18.0767 0.55646 34.5
    endloop
  endfacet
  facet normal 0 0 1
    outer loop
      vertex 17.1945 1.78766 34.5
      vertex 18.2223 3.32588 34.5
      vertex 18 3.4641 34.5
    endloop
  endfacet
  facet normal 0 0 1
    outer loop
      vertex 19.6955 1.53073 34.5
      vertex 17.9863 0.822769 34.5
      vertex 18.0359 0.691094 34.5
    endloop
  endfacet
  facet normal 0 0 1
    outer loop
      vertex 19.5875 1.76915 34.5
      vertex 17.9283 0.95092 34.5
      vertex 17.9863 0.822769 34.5
    endloop
  endfacet
  facet normal 0 0 1
    outer loop
      vertex 19.4641 2 34.5
      vertex 17.862 1.075 34.5
      vertex 17.9283 0.95092 34.5
    endloop
  endfacet
  facet normal 0 0 1
    outer loop
      vertex 19.3259 2.22228 34.5
      vertex 17.7877 1.19448 34.5
      vertex 17.862 1.075 34.5
    endloop
  endfacet
  facet normal 0 0 1
    outer loop
      vertex 17.075 1.86195 34.5
      vertex 18 3.4641 34.5
      vertex 17.7692 3.58749 34.5
    endloop
  endfacet
  facet normal 0 0 1
    outer loop
      vertex 19.1734 2.43505 34.5
      vertex 17.7057 1.30884 34.5
      vertex 17.7877 1.19448 34.5
    endloop
  endfacet
  facet normal 0 0 1
    outer loop
      vertex 19.0074 2.63738 34.5
      vertex 17.6165 1.41759 34.5
      vertex 17.7057 1.30884 34.5
    endloop
  endfacet
  facet normal 0 0 1
    outer loop
      vertex 16.9509 1.92828 34.5
      vertex 17.7692 3.58749 34.5
      vertex 17.5307 3.69552 34.5
    endloop
  endfacet
  facet normal 0 0 1
    outer loop
      vertex 18.8284 2.82843 34.5
      vertex 17.5203 1.52028 34.5
      vertex 17.6165 1.41759 34.5
    endloop
  endfacet
  facet normal 0 0 1
    outer loop
      vertex 18.6374 3.00736 34.5
      vertex 17.4176 1.61646 34.5
      vertex 17.5203 1.52028 34.5
    endloop
  endfacet
  facet normal 0 0 1
    outer loop
      vertex 18.435 3.17341 34.5
      vertex 17.3088 1.70571 34.5
      vertex 17.4176 1.61646 34.5
    endloop
  endfacet
  facet normal 0 0 1
    outer loop
      vertex 16.8228 1.98634 34.5
      vertex 17.5307 3.69552 34.5
      vertex 17.2858 3.78772 34.5
    endloop
  endfacet
  facet normal 0 0 1
    outer loop
      vertex 18.2223 3.32588 34.5
      vertex 17.1945 1.78766 34.5
      vertex 17.3088 1.70571 34.5
    endloop
  endfacet
  facet normal 0 0 1
    outer loop
      vertex 18 3.4641 34.5
      vertex 17.075 1.86195 34.5
      vertex 17.1945 1.78766 34.5
    endloop
  endfacet
  facet normal 0 0 1
    outer loop
      vertex 16.6911 2.0359 34.5
      vertex 17.2858 3.78772 34.5
      vertex 17.0353 3.8637 34.5
    endloop
  endfacet
  facet normal 0 0 1
    outer loop
      vertex 17.7692 3.58749 34.5
      vertex 16.9509 1.92828 34.5
      vertex 17.075 1.86195 34.5
    endloop
  endfacet
  facet normal 0 0 1
    outer loop
      vertex 17.5307 3.69552 34.5
      vertex 16.8228 1.98634 34.5
      vertex 16.9509 1.92828 34.5
    endloop
  endfacet
  facet normal 0 0 1
    outer loop
      vertex 16.5565 2.07674 34.5
      vertex 17.0353 3.8637 34.5
      vertex 16.7804 3.92314 34.5
    endloop
  endfacet
  facet normal 0 0 1
    outer loop
      vertex 17.2858 3.78772 34.5
      vertex 16.6911 2.0359 34.5
      vertex 16.8228 1.98634 34.5
    endloop
  endfacet
  facet normal 0 0 1
    outer loop
      vertex 17.0353 3.8637 34.5
      vertex 16.5565 2.07674 34.5
      vertex 16.6911 2.0359 34.5
    endloop
  endfacet
  facet normal 0 0 1
    outer loop
      vertex 16.4194 2.10869 34.5
      vertex 16.7804 3.92314 34.5
      vertex 16.5221 3.96578 34.5
    endloop
  endfacet
  facet normal 0 0 1
    outer loop
      vertex 16.7804 3.92314 34.5
      vertex 16.4194 2.10869 34.5
      vertex 16.5565 2.07674 34.5
    endloop
  endfacet
  facet normal 0 0 1
    outer loop
      vertex 16.5221 3.96578 34.5
      vertex 16.2806 2.13161 34.5
      vertex 16.4194 2.10869 34.5
    endloop
  endfacet
  facet normal 0 0 1
    outer loop
      vertex 16.2616 3.99144 34.5
      vertex 16.2806 2.13161 34.5
      vertex 16.5221 3.96578 34.5
    endloop
  endfacet
  facet normal 0 0 1
    outer loop
      vertex 16.2616 3.99144 34.5
      vertex 16.1406 2.1454 34.5
      vertex 16.2806 2.13161 34.5
    endloop
  endfacet
  facet normal 0 0 1
    outer loop
      vertex 16 4 34.5
      vertex 16.1406 2.1454 34.5
      vertex 16.2616 3.99144 34.5
    endloop
  endfacet
  facet normal 0 0 1
    outer loop
      vertex 16 4 34.5
      vertex 16 2.15 34.5
      vertex 16.1406 2.1454 34.5
    endloop
  endfacet
  facet normal 0 0 1
    outer loop
      vertex 16 4 34.5
      vertex 15.8594 2.1454 34.5
      vertex 16 2.15 34.5
    endloop
  endfacet
  facet normal -0 0 1
    outer loop
      vertex 15.7384 3.99144 34.5
      vertex 15.8594 2.1454 34.5
      vertex 16 4 34.5
    endloop
  endfacet
  facet normal 0 0 1
    outer loop
      vertex 15.7384 3.99144 34.5
      vertex 15.7194 2.13161 34.5
      vertex 15.8594 2.1454 34.5
    endloop
  endfacet
  facet normal -0 0 1
    outer loop
      vertex 15.4779 3.96578 34.5
      vertex 15.7194 2.13161 34.5
      vertex 15.7384 3.99144 34.5
    endloop
  endfacet
  facet normal 0 0 1
    outer loop
      vertex 15.7194 2.13161 34.5
      vertex 15.4779 3.96578 34.5
      vertex 15.5806 2.10869 34.5
    endloop
  endfacet
  facet normal -0 0 1
    outer loop
      vertex 15.2196 3.92314 34.5
      vertex 15.5806 2.10869 34.5
      vertex 15.4779 3.96578 34.5
    endloop
  endfacet
  facet normal 0 0 1
    outer loop
      vertex 15.5806 2.10869 34.5
      vertex 15.2196 3.92314 34.5
      vertex 15.4435 2.07674 34.5
    endloop
  endfacet
  facet normal -0 0 1
    outer loop
      vertex 14.9647 3.8637 34.5
      vertex 15.4435 2.07674 34.5
      vertex 15.2196 3.92314 34.5
    endloop
  endfacet
  facet normal 0 0 1
    outer loop
      vertex 15.4435 2.07674 34.5
      vertex 14.9647 3.8637 34.5
      vertex 15.3089 2.0359 34.5
    endloop
  endfacet
  facet normal -0 0 1
    outer loop
      vertex 14.7142 3.78772 34.5
      vertex 15.3089 2.0359 34.5
      vertex 14.9647 3.8637 34.5
    endloop
  endfacet
  facet normal 0 0 1
    outer loop
      vertex 15.3089 2.0359 34.5
      vertex 14.7142 3.78772 34.5
      vertex 15.1772 1.98634 34.5
    endloop
  endfacet
  facet normal -0 0 1
    outer loop
      vertex 14.4693 3.69552 34.5
      vertex 15.1772 1.98634 34.5
      vertex 14.7142 3.78772 34.5
    endloop
  endfacet
  facet normal 0 0 1
    outer loop
      vertex 15.1772 1.98634 34.5
      vertex 14.4693 3.69552 34.5
      vertex 15.0491 1.92828 34.5
    endloop
  endfacet
  facet normal -0 0 1
    outer loop
      vertex 14.2308 3.58749 34.5
      vertex 15.0491 1.92828 34.5
      vertex 14.4693 3.69552 34.5
    endloop
  endfacet
  facet normal 0 0 1
    outer loop
      vertex 15.0491 1.92828 34.5
      vertex 14.2308 3.58749 34.5
      vertex 14.925 1.86195 34.5
    endloop
  endfacet
  facet normal -0 0 1
    outer loop
      vertex 14 3.4641 34.5
      vertex 14.925 1.86195 34.5
      vertex 14.2308 3.58749 34.5
    endloop
  endfacet
  facet normal 0 0 1
    outer loop
      vertex 14.925 1.86195 34.5
      vertex 14 3.4641 34.5
      vertex 14.8055 1.78766 34.5
    endloop
  endfacet
  facet normal -0 0 1
    outer loop
      vertex 13.7777 3.32588 34.5
      vertex 14.8055 1.78766 34.5
      vertex 14 3.4641 34.5
    endloop
  endfacet
  facet normal 0 0 1
    outer loop
      vertex 14.8055 1.78766 34.5
      vertex 13.7777 3.32588 34.5
      vertex 14.6912 1.70571 34.5
    endloop
  endfacet
  facet normal -0 0 1
    outer loop
      vertex 13.565 3.17341 34.5
      vertex 14.6912 1.70571 34.5
      vertex 13.7777 3.32588 34.5
    endloop
  endfacet
  facet normal 0 0 1
    outer loop
      vertex 14.6912 1.70571 34.5
      vertex 13.565 3.17341 34.5
      vertex 14.5824 1.61646 34.5
    endloop
  endfacet
  facet normal -0 0 1
    outer loop
      vertex 13.3626 3.00736 34.5
      vertex 14.5824 1.61646 34.5
      vertex 13.565 3.17341 34.5
    endloop
  endfacet
  facet normal 0 0 1
    outer loop
      vertex 14.5824 1.61646 34.5
      vertex 13.3626 3.00736 34.5
      vertex 14.4797 1.52028 34.5
    endloop
  endfacet
  facet normal -0 0 1
    outer loop
      vertex 13.1716 2.82843 34.5
      vertex 14.4797 1.52028 34.5
      vertex 13.3626 3.00736 34.5
    endloop
  endfacet
  facet normal 0 0 1
    outer loop
      vertex 14.4797 1.52028 34.5
      vertex 13.1716 2.82843 34.5
      vertex 14.3835 1.41759 34.5
    endloop
  endfacet
  facet normal -0 0 1
    outer loop
      vertex 12.9926 2.63738 34.5
      vertex 14.3835 1.41759 34.5
      vertex 13.1716 2.82843 34.5
    endloop
  endfacet
  facet normal 0 0 1
    outer loop
      vertex 14.3835 1.41759 34.5
      vertex 12.9926 2.63738 34.5
      vertex 14.2943 1.30884 34.5
    endloop
  endfacet
  facet normal -0 0 1
    outer loop
      vertex 12.8266 2.43505 34.5
      vertex 14.2943 1.30884 34.5
      vertex 12.9926 2.63738 34.5
    endloop
  endfacet
  facet normal 0 0 1
    outer loop
      vertex 14.2943 1.30884 34.5
      vertex 12.8266 2.43505 34.5
      vertex 14.2123 1.19448 34.5
    endloop
  endfacet
  facet normal -0 0 1
    outer loop
      vertex 12.6741 2.22228 34.5
      vertex 14.2123 1.19448 34.5
      vertex 12.8266 2.43505 34.5
    endloop
  endfacet
  facet normal 0 0 1
    outer loop
      vertex 14.2123 1.19448 34.5
      vertex 12.6741 2.22228 34.5
      vertex 14.138 1.075 34.5
    endloop
  endfacet
  facet normal 0 0 1
    outer loop
      vertex 14.138 1.075 34.5
      vertex 12.5359 2 34.5
      vertex 14.0717 0.95092 34.5
    endloop
  endfacet
  facet normal -0 0 1
    outer loop
      vertex 12.5359 2 34.5
      vertex 14.138 1.075 34.5
      vertex 12.6741 2.22228 34.5
    endloop
  endfacet
  facet normal -0 0 1
    outer loop
      vertex 17.862 -1.075 34.5
      vertex 19.4641 -2 34.5
      vertex 17.9283 -0.95092 34.5
    endloop
  endfacet
  facet normal 0 0 1
    outer loop
      vertex 19.4641 -2 34.5
      vertex 17.862 -1.075 34.5
      vertex 19.3259 -2.22228 34.5
    endloop
  endfacet
  facet normal -0 0 1
    outer loop
      vertex 17.7877 -1.19448 34.5
      vertex 19.3259 -2.22228 34.5
      vertex 17.862 -1.075 34.5
    endloop
  endfacet
  facet normal 0 0 1
    outer loop
      vertex 19.3259 -2.22228 34.5
      vertex 17.7877 -1.19448 34.5
      vertex 19.1734 -2.43505 34.5
    endloop
  endfacet
  facet normal -0 0 1
    outer loop
      vertex 17.7057 -1.30884 34.5
      vertex 19.1734 -2.43505 34.5
      vertex 17.7877 -1.19448 34.5
    endloop
  endfacet
  facet normal 0 0 1
    outer loop
      vertex 19.1734 -2.43505 34.5
      vertex 17.7057 -1.30884 34.5
      vertex 19.0074 -2.63738 34.5
    endloop
  endfacet
  facet normal -0 0 1
    outer loop
      vertex 17.6165 -1.41759 34.5
      vertex 19.0074 -2.63738 34.5
      vertex 17.7057 -1.30884 34.5
    endloop
  endfacet
  facet normal 0 0 1
    outer loop
      vertex 19.0074 -2.63738 34.5
      vertex 17.6165 -1.41759 34.5
      vertex 18.8284 -2.82843 34.5
    endloop
  endfacet
  facet normal -0 0 1
    outer loop
      vertex 17.5203 -1.52028 34.5
      vertex 18.8284 -2.82843 34.5
      vertex 17.6165 -1.41759 34.5
    endloop
  endfacet
  facet normal 0 0 1
    outer loop
      vertex 18.8284 -2.82843 34.5
      vertex 17.5203 -1.52028 34.5
      vertex 18.6374 -3.00736 34.5
    endloop
  endfacet
  facet normal -0 0 1
    outer loop
      vertex 17.4176 -1.61646 34.5
      vertex 18.6374 -3.00736 34.5
      vertex 17.5203 -1.52028 34.5
    endloop
  endfacet
  facet normal 0 0 1
    outer loop
      vertex 18.6374 -3.00736 34.5
      vertex 17.4176 -1.61646 34.5
      vertex 18.435 -3.17341 34.5
    endloop
  endfacet
  facet normal -0 0 1
    outer loop
      vertex 17.3088 -1.70571 34.5
      vertex 18.435 -3.17341 34.5
      vertex 17.4176 -1.61646 34.5
    endloop
  endfacet
  facet normal 0 0 1
    outer loop
      vertex 18.435 -3.17341 34.5
      vertex 17.3088 -1.70571 34.5
      vertex 18.2223 -3.32588 34.5
    endloop
  endfacet
  facet normal -0 0 1
    outer loop
      vertex 17.1945 -1.78766 34.5
      vertex 18.2223 -3.32588 34.5
      vertex 17.3088 -1.70571 34.5
    endloop
  endfacet
  facet normal 0 0 1
    outer loop
      vertex 18.2223 -3.32588 34.5
      vertex 17.1945 -1.78766 34.5
      vertex 18 -3.4641 34.5
    endloop
  endfacet
  facet normal -0 0 1
    outer loop
      vertex 17.075 -1.86195 34.5
      vertex 18 -3.4641 34.5
      vertex 17.1945 -1.78766 34.5
    endloop
  endfacet
  facet normal 0 0 1
    outer loop
      vertex 18 -3.4641 34.5
      vertex 17.075 -1.86195 34.5
      vertex 17.7692 -3.58749 34.5
    endloop
  endfacet
  facet normal -0 0 1
    outer loop
      vertex 16.9509 -1.92828 34.5
      vertex 17.7692 -3.58749 34.5
      vertex 17.075 -1.86195 34.5
    endloop
  endfacet
  facet normal 0 0 1
    outer loop
      vertex 17.7692 -3.58749 34.5
      vertex 16.9509 -1.92828 34.5
      vertex 17.5307 -3.69552 34.5
    endloop
  endfacet
  facet normal -0 0 1
    outer loop
      vertex 16.8228 -1.98634 34.5
      vertex 17.5307 -3.69552 34.5
      vertex 16.9509 -1.92828 34.5
    endloop
  endfacet
  facet normal 0 0 1
    outer loop
      vertex 17.5307 -3.69552 34.5
      vertex 16.8228 -1.98634 34.5
      vertex 17.2858 -3.78772 34.5
    endloop
  endfacet
  facet normal -0 0 1
    outer loop
      vertex 16.6911 -2.0359 34.5
      vertex 17.2858 -3.78772 34.5
      vertex 16.8228 -1.98634 34.5
    endloop
  endfacet
  facet normal 0 0 1
    outer loop
      vertex 17.2858 -3.78772 34.5
      vertex 16.6911 -2.0359 34.5
      vertex 17.0353 -3.8637 34.5
    endloop
  endfacet
  facet normal -0 0 1
    outer loop
      vertex 16.5565 -2.07674 34.5
      vertex 17.0353 -3.8637 34.5
      vertex 16.6911 -2.0359 34.5
    endloop
  endfacet
  facet normal 0 0 1
    outer loop
      vertex 17.0353 -3.8637 34.5
      vertex 16.5565 -2.07674 34.5
      vertex 16.7804 -3.92314 34.5
    endloop
  endfacet
  facet normal -0 0 1
    outer loop
      vertex 16.4194 -2.10869 34.5
      vertex 16.7804 -3.92314 34.5
      vertex 16.5565 -2.07674 34.5
    endloop
  endfacet
  facet normal 0 0 1
    outer loop
      vertex 16.7804 -3.92314 34.5
      vertex 16.4194 -2.10869 34.5
      vertex 16.5221 -3.96578 34.5
    endloop
  endfacet
  facet normal -0 0 1
    outer loop
      vertex 16.2806 -2.13161 34.5
      vertex 16.5221 -3.96578 34.5
      vertex 16.4194 -2.10869 34.5
    endloop
  endfacet
  facet normal 0 0 1
    outer loop
      vertex 16.2806 -2.13161 34.5
      vertex 16.2616 -3.99144 34.5
      vertex 16.5221 -3.96578 34.5
    endloop
  endfacet
  facet normal -0 0 1
    outer loop
      vertex 16.1406 -2.1454 34.5
      vertex 16.2616 -3.99144 34.5
      vertex 16.2806 -2.13161 34.5
    endloop
  endfacet
  facet normal -0 0 1
    outer loop
      vertex 16 -2.15 34.5
      vertex 16.2616 -3.99144 34.5
      vertex 16.1406 -2.1454 34.5
    endloop
  endfacet
  facet normal 0 0 1
    outer loop
      vertex 16 -2.15 34.5
      vertex 16 -4 34.5
      vertex 16.2616 -3.99144 34.5
    endloop
  endfacet
  facet normal 0 0 1
    outer loop
      vertex 15.8594 -2.1454 34.5
      vertex 16 -4 34.5
      vertex 16 -2.15 34.5
    endloop
  endfacet
  facet normal 0 0 1
    outer loop
      vertex 15.8594 -2.1454 34.5
      vertex 15.7384 -3.99144 34.5
      vertex 16 -4 34.5
    endloop
  endfacet
  facet normal 0 0 1
    outer loop
      vertex 15.7194 -2.13161 34.5
      vertex 15.7384 -3.99144 34.5
      vertex 15.8594 -2.1454 34.5
    endloop
  endfacet
  facet normal 0 0 1
    outer loop
      vertex 15.4779 -3.96578 34.5
      vertex 15.7194 -2.13161 34.5
      vertex 15.5806 -2.10869 34.5
    endloop
  endfacet
  facet normal 0 0 1
    outer loop
      vertex 15.7194 -2.13161 34.5
      vertex 15.4779 -3.96578 34.5
      vertex 15.7384 -3.99144 34.5
    endloop
  endfacet
  facet normal 0 0 1
    outer loop
      vertex 15.2196 -3.92314 34.5
      vertex 15.5806 -2.10869 34.5
      vertex 15.4435 -2.07674 34.5
    endloop
  endfacet
  facet normal 0 0 1
    outer loop
      vertex 14.9647 -3.8637 34.5
      vertex 15.4435 -2.07674 34.5
      vertex 15.3089 -2.0359 34.5
    endloop
  endfacet
  facet normal 0 0 1
    outer loop
      vertex 15.5806 -2.10869 34.5
      vertex 15.2196 -3.92314 34.5
      vertex 15.4779 -3.96578 34.5
    endloop
  endfacet
  facet normal 0 0 1
    outer loop
      vertex 14.7142 -3.78772 34.5
      vertex 15.3089 -2.0359 34.5
      vertex 15.1772 -1.98634 34.5
    endloop
  endfacet
  facet normal 0 0 1
    outer loop
      vertex 14.4693 -3.69552 34.5
      vertex 15.1772 -1.98634 34.5
      vertex 15.0491 -1.92828 34.5
    endloop
  endfacet
  facet normal 0 0 1
    outer loop
      vertex 15.4435 -2.07674 34.5
      vertex 14.9647 -3.8637 34.5
      vertex 15.2196 -3.92314 34.5
    endloop
  endfacet
  facet normal 0 0 1
    outer loop
      vertex 14.2308 -3.58749 34.5
      vertex 15.0491 -1.92828 34.5
      vertex 14.925 -1.86195 34.5
    endloop
  endfacet
  facet normal 0 0 1
    outer loop
      vertex 14 -3.4641 34.5
      vertex 14.925 -1.86195 34.5
      vertex 14.8055 -1.78766 34.5
    endloop
  endfacet
  facet normal 0 0 1
    outer loop
      vertex 15.3089 -2.0359 34.5
      vertex 14.7142 -3.78772 34.5
      vertex 14.9647 -3.8637 34.5
    endloop
  endfacet
  facet normal 0 0 1
    outer loop
      vertex 13.7777 -3.32588 34.5
      vertex 14.8055 -1.78766 34.5
      vertex 14.6912 -1.70571 34.5
    endloop
  endfacet
  facet normal 0 0 1
    outer loop
      vertex 13.565 -3.17341 34.5
      vertex 14.6912 -1.70571 34.5
      vertex 14.5824 -1.61646 34.5
    endloop
  endfacet
  facet normal 0 0 1
    outer loop
      vertex 13.3626 -3.00736 34.5
      vertex 14.5824 -1.61646 34.5
      vertex 14.4797 -1.52028 34.5
    endloop
  endfacet
  facet normal 0 0 1
    outer loop
      vertex 15.1772 -1.98634 34.5
      vertex 14.4693 -3.69552 34.5
      vertex 14.7142 -3.78772 34.5
    endloop
  endfacet
  facet normal 0 0 1
    outer loop
      vertex 13.1716 -2.82843 34.5
      vertex 14.4797 -1.52028 34.5
      vertex 14.3835 -1.41759 34.5
    endloop
  endfacet
  facet normal 0 0 1
    outer loop
      vertex 12.9926 -2.63738 34.5
      vertex 14.3835 -1.41759 34.5
      vertex 14.2943 -1.30884 34.5
    endloop
  endfacet
  facet normal 0 0 1
    outer loop
      vertex 15.0491 -1.92828 34.5
      vertex 14.2308 -3.58749 34.5
      vertex 14.4693 -3.69552 34.5
    endloop
  endfacet
  facet normal 0 0 1
    outer loop
      vertex 12.8266 -2.43505 34.5
      vertex 14.2943 -1.30884 34.5
      vertex 14.2123 -1.19448 34.5
    endloop
  endfacet
  facet normal 0 0 1
    outer loop
      vertex 12.6741 -2.22228 34.5
      vertex 14.2123 -1.19448 34.5
      vertex 14.138 -1.075 34.5
    endloop
  endfacet
  facet normal 0 0 1
    outer loop
      vertex 12.5359 -2 34.5
      vertex 14.138 -1.075 34.5
      vertex 14.0717 -0.95092 34.5
    endloop
  endfacet
  facet normal 0 0 1
    outer loop
      vertex 12.4125 -1.76915 34.5
      vertex 14.0717 -0.95092 34.5
      vertex 14.0137 -0.822769 34.5
    endloop
  endfacet
  facet normal 0 0 1
    outer loop
      vertex 14.925 -1.86195 34.5
      vertex 14 -3.4641 34.5
      vertex 14.2308 -3.58749 34.5
    endloop
  endfacet
  facet normal 0 0 1
    outer loop
      vertex 12.3045 -1.53073 34.5
      vertex 14.0137 -0.822769 34.5
      vertex 13.9641 -0.691094 34.5
    endloop
  endfacet
  facet normal 0 0 1
    outer loop
      vertex 12.2123 -1.28576 34.5
      vertex 13.9641 -0.691094 34.5
      vertex 13.9233 -0.55646 34.5
    endloop
  endfacet
  facet normal 0 0 1
    outer loop
      vertex 12.1363 -1.03528 34.5
      vertex 13.9233 -0.55646 34.5
      vertex 13.8913 -0.419444 34.5
    endloop
  endfacet
  facet normal 0 0 1
    outer loop
      vertex 12.0769 -0.780361 34.5
      vertex 13.8913 -0.419444 34.5
      vertex 13.8684 -0.280631 34.5
    endloop
  endfacet
  facet normal 0 0 1
    outer loop
      vertex 12.0342 -0.522104 34.5
      vertex 13.8684 -0.280631 34.5
      vertex 13.8546 -0.140616 34.5
    endloop
  endfacet
  facet normal 0 0 1
    outer loop
      vertex 14.8055 -1.78766 34.5
      vertex 13.7777 -3.32588 34.5
      vertex 14 -3.4641 34.5
    endloop
  endfacet
  facet normal 0 0 1
    outer loop
      vertex 12.0086 -0.261612 34.5
      vertex 13.8546 -0.140616 34.5
      vertex 13.85 0 34.5
    endloop
  endfacet
  facet normal -0 0 1
    outer loop
      vertex 12.4125 1.76915 34.5
      vertex 14.0717 0.95092 34.5
      vertex 12.5359 2 34.5
    endloop
  endfacet
  facet normal 0 0 1
    outer loop
      vertex 14.0717 0.95092 34.5
      vertex 12.4125 1.76915 34.5
      vertex 14.0137 0.822769 34.5
    endloop
  endfacet
  facet normal 0 0 1
    outer loop
      vertex 14.6912 -1.70571 34.5
      vertex 13.565 -3.17341 34.5
      vertex 13.7777 -3.32588 34.5
    endloop
  endfacet
  facet normal -0 0 1
    outer loop
      vertex 12.3045 1.53073 34.5
      vertex 14.0137 0.822769 34.5
      vertex 12.4125 1.76915 34.5
    endloop
  endfacet
  facet normal 0 0 1
    outer loop
      vertex 14.5824 -1.61646 34.5
      vertex 13.3626 -3.00736 34.5
      vertex 13.565 -3.17341 34.5
    endloop
  endfacet
  facet normal 0 0 1
    outer loop
      vertex 14.0137 0.822769 34.5
      vertex 12.3045 1.53073 34.5
      vertex 13.9641 0.691094 34.5
    endloop
  endfacet
  facet normal 0 0 1
    outer loop
      vertex 14.4797 -1.52028 34.5
      vertex 13.1716 -2.82843 34.5
      vertex 13.3626 -3.00736 34.5
    endloop
  endfacet
  facet normal -0 0 1
    outer loop
      vertex 12.2123 1.28576 34.5
      vertex 13.9641 0.691094 34.5
      vertex 12.3045 1.53073 34.5
    endloop
  endfacet
  facet normal 0 0 1
    outer loop
      vertex 14.3835 -1.41759 34.5
      vertex 12.9926 -2.63738 34.5
      vertex 13.1716 -2.82843 34.5
    endloop
  endfacet
  facet normal 0 0 1
    outer loop
      vertex 13.9641 0.691094 34.5
      vertex 12.2123 1.28576 34.5
      vertex 13.9233 0.55646 34.5
    endloop
  endfacet
  facet normal 0 0 1
    outer loop
      vertex 14.2943 -1.30884 34.5
      vertex 12.8266 -2.43505 34.5
      vertex 12.9926 -2.63738 34.5
    endloop
  endfacet
  facet normal -0 0 1
    outer loop
      vertex 12.1363 1.03528 34.5
      vertex 13.9233 0.55646 34.5
      vertex 12.2123 1.28576 34.5
    endloop
  endfacet
  facet normal 0 0 1
    outer loop
      vertex 14.2123 -1.19448 34.5
      vertex 12.6741 -2.22228 34.5
      vertex 12.8266 -2.43505 34.5
    endloop
  endfacet
  facet normal 0 0 1
    outer loop
      vertex 13.9233 0.55646 34.5
      vertex 12.1363 1.03528 34.5
      vertex 13.8913 0.419444 34.5
    endloop
  endfacet
  facet normal 0 0 1
    outer loop
      vertex 14.138 -1.075 34.5
      vertex 12.5359 -2 34.5
      vertex 12.6741 -2.22228 34.5
    endloop
  endfacet
  facet normal -0 0 1
    outer loop
      vertex 12.0769 0.780361 34.5
      vertex 13.8913 0.419444 34.5
      vertex 12.1363 1.03528 34.5
    endloop
  endfacet
  facet normal 0 0 1
    outer loop
      vertex 14.0717 -0.95092 34.5
      vertex 12.4125 -1.76915 34.5
      vertex 12.5359 -2 34.5
    endloop
  endfacet
  facet normal 0 0 1
    outer loop
      vertex 13.8913 0.419444 34.5
      vertex 12.0769 0.780361 34.5
      vertex 13.8684 0.280631 34.5
    endloop
  endfacet
  facet normal 0 0 1
    outer loop
      vertex 14.0137 -0.822769 34.5
      vertex 12.3045 -1.53073 34.5
      vertex 12.4125 -1.76915 34.5
    endloop
  endfacet
  facet normal -0 0 1
    outer loop
      vertex 12.0342 0.522104 34.5
      vertex 13.8684 0.280631 34.5
      vertex 12.0769 0.780361 34.5
    endloop
  endfacet
  facet normal 0 0 1
    outer loop
      vertex 13.9641 -0.691094 34.5
      vertex 12.2123 -1.28576 34.5
      vertex 12.3045 -1.53073 34.5
    endloop
  endfacet
  facet normal 0 0 1
    outer loop
      vertex 13.8684 0.280631 34.5
      vertex 12.0342 0.522104 34.5
      vertex 13.8546 0.140616 34.5
    endloop
  endfacet
  facet normal 0 0 1
    outer loop
      vertex 13.9233 -0.55646 34.5
      vertex 12.1363 -1.03528 34.5
      vertex 12.2123 -1.28576 34.5
    endloop
  endfacet
  facet normal -0 0 1
    outer loop
      vertex 12.0086 0.261612 34.5
      vertex 13.8546 0.140616 34.5
      vertex 12.0342 0.522104 34.5
    endloop
  endfacet
  facet normal 0 0 1
    outer loop
      vertex 13.8913 -0.419444 34.5
      vertex 12.0769 -0.780361 34.5
      vertex 12.1363 -1.03528 34.5
    endloop
  endfacet
  facet normal 0 0 1
    outer loop
      vertex 13.8546 0.140616 34.5
      vertex 12.0086 0.261612 34.5
      vertex 13.85 0 34.5
    endloop
  endfacet
  facet normal 0 0 1
    outer loop
      vertex 13.8684 -0.280631 34.5
      vertex 12.0342 -0.522104 34.5
      vertex 12.0769 -0.780361 34.5
    endloop
  endfacet
  facet normal 0 0 1
    outer loop
      vertex 12 0 34.5
      vertex 13.85 0 34.5
      vertex 12.0086 0.261612 34.5
    endloop
  endfacet
  facet normal 0 0 1
    outer loop
      vertex 13.8546 -0.140616 34.5
      vertex 12.0086 -0.261612 34.5
      vertex 12.0342 -0.522104 34.5
    endloop
  endfacet
  facet normal 0 0 1
    outer loop
      vertex 13.85 0 34.5
      vertex 12 0 34.5
      vertex 12.0086 -0.261612 34.5
    endloop
  endfacet
  facet normal -0.162875 -0.986647 0
    outer loop
      vertex 16.5221 3.96578 34.5
      vertex 16.7804 3.92314 38
      vertex 16.5221 3.96578 38
    endloop
  endfacet
  facet normal -0.162875 -0.986647 -0
    outer loop
      vertex 16.7804 3.92314 38
      vertex 16.5221 3.96578 34.5
      vertex 16.7804 3.92314 34.5
    endloop
  endfacet
  facet normal -0.0980285 0.995184 0
    outer loop
      vertex 16.5221 -3.96578 34.5
      vertex 16.2616 -3.99144 38
      vertex 16.5221 -3.96578 38
    endloop
  endfacet
  facet normal -0.0980285 0.995184 0
    outer loop
      vertex 16.2616 -3.99144 38
      vertex 16.5221 -3.96578 34.5
      vertex 16.2616 -3.99144 34.5
    endloop
  endfacet
  facet normal 0.634267 0.773114 -0
    outer loop
      vertex 13.565 -3.17341 34.5
      vertex 13.3626 -3.00736 38
      vertex 13.565 -3.17341 38
    endloop
  endfacet
  facet normal 0.634267 0.773114 0
    outer loop
      vertex 13.3626 -3.00736 38
      vertex 13.565 -3.17341 34.5
      vertex 13.3626 -3.00736 34.5
    endloop
  endfacet
  facet normal -0.97391 -0.226936 0
    outer loop
      vertex 19.9231 0.780361 34.5
      vertex 19.8637 1.03528 38
      vertex 19.8637 1.03528 34.5
    endloop
  endfacet
  facet normal -0.97391 -0.226936 0
    outer loop
      vertex 19.8637 1.03528 38
      vertex 19.9231 0.780361 34.5
      vertex 19.9231 0.780361 38
    endloop
  endfacet
  facet normal 0.910902 0.412622 0
    outer loop
      vertex 12.4125 -1.76915 38
      vertex 12.3045 -1.53073 34.5
      vertex 12.3045 -1.53073 38
    endloop
  endfacet
  facet normal 0.910902 0.412622 0
    outer loop
      vertex 12.3045 -1.53073 34.5
      vertex 12.4125 -1.76915 38
      vertex 12.4125 -1.76915 34.5
    endloop
  endfacet
  facet normal -0.881908 0.471421 0
    outer loop
      vertex 19.4641 -2 34.5
      vertex 19.5875 -1.76915 38
      vertex 19.5875 -1.76915 34.5
    endloop
  endfacet
  facet normal -0.881908 0.471421 0
    outer loop
      vertex 19.5875 -1.76915 38
      vertex 19.4641 -2 34.5
      vertex 19.4641 -2 38
    endloop
  endfacet
  facet normal -0.0327042 -0.999465 0
    outer loop
      vertex 16 4 34.5
      vertex 16.2616 3.99144 38
      vertex 16 4 38
    endloop
  endfacet
  facet normal -0.0327042 -0.999465 -0
    outer loop
      vertex 16.2616 3.99144 38
      vertex 16 4 34.5
      vertex 16.2616 3.99144 34.5
    endloop
  endfacet
  facet normal 0.634267 -0.773114 0
    outer loop
      vertex 13.3626 3.00736 34.5
      vertex 13.565 3.17341 38
      vertex 13.3626 3.00736 38
    endloop
  endfacet
  facet normal 0.634267 -0.773114 0
    outer loop
      vertex 13.565 3.17341 38
      vertex 13.3626 3.00736 34.5
      vertex 13.565 3.17341 34.5
    endloop
  endfacet
  facet normal 0.956922 0.290347 0
    outer loop
      vertex 12.2123 -1.28576 38
      vertex 12.1363 -1.03528 34.5
      vertex 12.1363 -1.03528 38
    endloop
  endfacet
  facet normal 0.956922 0.290347 0
    outer loop
      vertex 12.1363 -1.03528 34.5
      vertex 12.2123 -1.28576 38
      vertex 12.2123 -1.28576 34.5
    endloop
  endfacet
  facet normal 0.97391 -0.226936 0
    outer loop
      vertex 12.0769 0.780361 38
      vertex 12.1363 1.03528 34.5
      vertex 12.1363 1.03528 38
    endloop
  endfacet
  facet normal 0.97391 -0.226936 0
    outer loop
      vertex 12.1363 1.03528 34.5
      vertex 12.0769 0.780361 38
      vertex 12.0769 0.780361 34.5
    endloop
  endfacet
  facet normal 0.849241 -0.528006 0
    outer loop
      vertex 12.5359 2 38
      vertex 12.6741 2.22228 34.5
      vertex 12.6741 2.22228 38
    endloop
  endfacet
  facet normal 0.849241 -0.528006 0
    outer loop
      vertex 12.6741 2.22228 34.5
      vertex 12.5359 2 38
      vertex 12.5359 2 34.5
    endloop
  endfacet
  facet normal -0.956922 0.290347 0
    outer loop
      vertex 19.7877 -1.28576 34.5
      vertex 19.8637 -1.03528 38
      vertex 19.8637 -1.03528 34.5
    endloop
  endfacet
  facet normal -0.956922 0.290347 0
    outer loop
      vertex 19.8637 -1.03528 38
      vertex 19.7877 -1.28576 34.5
      vertex 19.7877 -1.28576 38
    endloop
  endfacet
  facet normal 0.729746 -0.683719 0
    outer loop
      vertex 12.9926 2.63738 38
      vertex 13.1716 2.82843 34.5
      vertex 13.1716 2.82843 38
    endloop
  endfacet
  facet normal 0.729746 -0.683719 0
    outer loop
      vertex 13.1716 2.82843 34.5
      vertex 12.9926 2.63738 38
      vertex 12.9926 2.63738 34.5
    endloop
  endfacet
  facet normal -0.634267 -0.773114 0
    outer loop
      vertex 18.435 3.17341 34.5
      vertex 18.6374 3.00736 38
      vertex 18.435 3.17341 38
    endloop
  endfacet
  facet normal -0.634267 -0.773114 -0
    outer loop
      vertex 18.6374 3.00736 38
      vertex 18.435 3.17341 34.5
      vertex 18.6374 3.00736 34.5
    endloop
  endfacet
  facet normal 0.227097 -0.973872 0
    outer loop
      vertex 14.9647 3.8637 34.5
      vertex 15.2196 3.92314 38
      vertex 14.9647 3.8637 38
    endloop
  endfacet
  facet normal 0.227097 -0.973872 0
    outer loop
      vertex 15.2196 3.92314 38
      vertex 14.9647 3.8637 34.5
      vertex 15.2196 3.92314 34.5
    endloop
  endfacet
  facet normal 0.0327042 -0.999465 0
    outer loop
      vertex 15.7384 3.99144 34.5
      vertex 16 4 38
      vertex 15.7384 3.99144 38
    endloop
  endfacet
  facet normal 0.0327042 -0.999465 0
    outer loop
      vertex 16 4 38
      vertex 15.7384 3.99144 34.5
      vertex 16 4 34.5
    endloop
  endfacet
  facet normal -0.935906 0.352249 0
    outer loop
      vertex 19.6955 -1.53073 34.5
      vertex 19.7877 -1.28576 38
      vertex 19.7877 -1.28576 34.5
    endloop
  endfacet
  facet normal -0.935906 0.352249 0
    outer loop
      vertex 19.7877 -1.28576 38
      vertex 19.6955 -1.53073 34.5
      vertex 19.6955 -1.53073 38
    endloop
  endfacet
  facet normal -0.97391 0.226936 0
    outer loop
      vertex 19.8637 -1.03528 34.5
      vertex 19.9231 -0.780361 38
      vertex 19.9231 -0.780361 34.5
    endloop
  endfacet
  facet normal -0.97391 0.226936 0
    outer loop
      vertex 19.9231 -0.780361 38
      vertex 19.8637 -1.03528 34.5
      vertex 19.8637 -1.03528 38
    endloop
  endfacet
  facet normal -0.162875 0.986647 0
    outer loop
      vertex 16.7804 -3.92314 34.5
      vertex 16.5221 -3.96578 38
      vertex 16.7804 -3.92314 38
    endloop
  endfacet
  facet normal -0.162875 0.986647 0
    outer loop
      vertex 16.5221 -3.96578 38
      vertex 16.7804 -3.92314 34.5
      vertex 16.5221 -3.96578 34.5
    endloop
  endfacet
  facet normal 0.412603 -0.910911 0
    outer loop
      vertex 14.2308 3.58749 34.5
      vertex 14.4693 3.69552 38
      vertex 14.2308 3.58749 38
    endloop
  endfacet
  facet normal 0.412603 -0.910911 0
    outer loop
      vertex 14.4693 3.69552 38
      vertex 14.2308 3.58749 34.5
      vertex 14.4693 3.69552 34.5
    endloop
  endfacet
  facet normal -0.881908 -0.471421 0
    outer loop
      vertex 19.5875 1.76915 34.5
      vertex 19.4641 2 38
      vertex 19.4641 2 34.5
    endloop
  endfacet
  facet normal -0.881908 -0.471421 0
    outer loop
      vertex 19.4641 2 38
      vertex 19.5875 1.76915 34.5
      vertex 19.5875 1.76915 38
    endloop
  endfacet
  facet normal -0.683672 -0.72979 0
    outer loop
      vertex 18.6374 3.00736 34.5
      vertex 18.8284 2.82843 38
      vertex 18.6374 3.00736 38
    endloop
  endfacet
  facet normal -0.683672 -0.72979 -0
    outer loop
      vertex 18.8284 2.82843 38
      vertex 18.6374 3.00736 34.5
      vertex 18.8284 2.82843 34.5
    endloop
  endfacet
  facet normal 0.582607 -0.812754 0
    outer loop
      vertex 13.565 3.17341 34.5
      vertex 13.7777 3.32588 38
      vertex 13.565 3.17341 38
    endloop
  endfacet
  facet normal 0.582607 -0.812754 0
    outer loop
      vertex 13.7777 3.32588 38
      vertex 13.565 3.17341 34.5
      vertex 13.7777 3.32588 34.5
    endloop
  endfacet
  facet normal -0.7731 0.634284 0
    outer loop
      vertex 19.0074 -2.63738 34.5
      vertex 19.1734 -2.43505 38
      vertex 19.1734 -2.43505 34.5
    endloop
  endfacet
  facet normal -0.7731 0.634284 0
    outer loop
      vertex 19.1734 -2.43505 38
      vertex 19.0074 -2.63738 34.5
      vertex 19.0074 -2.63738 38
    endloop
  endfacet
  facet normal -0.227097 -0.973872 0
    outer loop
      vertex 16.7804 3.92314 34.5
      vertex 17.0353 3.8637 38
      vertex 16.7804 3.92314 38
    endloop
  endfacet
  facet normal -0.227097 -0.973872 -0
    outer loop
      vertex 17.0353 3.8637 38
      vertex 16.7804 3.92314 34.5
      vertex 17.0353 3.8637 34.5
    endloop
  endfacet
  facet normal 0.0980285 -0.995184 0
    outer loop
      vertex 15.4779 3.96578 34.5
      vertex 15.7384 3.99144 38
      vertex 15.4779 3.96578 38
    endloop
  endfacet
  facet normal 0.0980285 -0.995184 0
    outer loop
      vertex 15.7384 3.99144 38
      vertex 15.4779 3.96578 34.5
      vertex 15.7384 3.99144 34.5
    endloop
  endfacet
  facet normal 0.729746 0.683719 0
    outer loop
      vertex 13.1716 -2.82843 38
      vertex 12.9926 -2.63738 34.5
      vertex 12.9926 -2.63738 38
    endloop
  endfacet
  facet normal 0.729746 0.683719 0
    outer loop
      vertex 12.9926 -2.63738 34.5
      vertex 13.1716 -2.82843 38
      vertex 13.1716 -2.82843 34.5
    endloop
  endfacet
  facet normal 0.0980285 0.995184 -0
    outer loop
      vertex 15.7384 -3.99144 34.5
      vertex 15.4779 -3.96578 38
      vertex 15.7384 -3.99144 38
    endloop
  endfacet
  facet normal 0.0980285 0.995184 0
    outer loop
      vertex 15.4779 -3.96578 38
      vertex 15.7384 -3.99144 34.5
      vertex 15.4779 -3.96578 34.5
    endloop
  endfacet
  facet normal -0.995206 0.0978044 0
    outer loop
      vertex 19.9658 -0.522104 34.5
      vertex 19.9914 -0.261612 38
      vertex 19.9914 -0.261612 34.5
    endloop
  endfacet
  facet normal -0.995206 0.0978044 0
    outer loop
      vertex 19.9914 -0.261612 38
      vertex 19.9658 -0.522104 34.5
      vertex 19.9658 -0.522104 38
    endloop
  endfacet
  facet normal -0.99946 0.0328554 0
    outer loop
      vertex 19.9914 -0.261612 34.5
      vertex 20 0 38
      vertex 20 0 34.5
    endloop
  endfacet
  facet normal -0.99946 0.0328554 0
    outer loop
      vertex 20 0 38
      vertex 19.9914 -0.261612 34.5
      vertex 19.9914 -0.261612 38
    endloop
  endfacet
  facet normal 0.352338 0.935873 -0
    outer loop
      vertex 14.7142 -3.78772 34.5
      vertex 14.4693 -3.69552 38
      vertex 14.7142 -3.78772 38
    endloop
  endfacet
  facet normal 0.352338 0.935873 0
    outer loop
      vertex 14.4693 -3.69552 38
      vertex 14.7142 -3.78772 34.5
      vertex 14.4693 -3.69552 34.5
    endloop
  endfacet
  facet normal 0.683672 0.72979 -0
    outer loop
      vertex 13.3626 -3.00736 34.5
      vertex 13.1716 -2.82843 38
      vertex 13.3626 -3.00736 38
    endloop
  endfacet
  facet normal 0.683672 0.72979 0
    outer loop
      vertex 13.1716 -2.82843 38
      vertex 13.3626 -3.00736 34.5
      vertex 13.1716 -2.82843 34.5
    endloop
  endfacet
  facet normal -0.7731 -0.634284 0
    outer loop
      vertex 19.1734 2.43505 34.5
      vertex 19.0074 2.63738 38
      vertex 19.0074 2.63738 34.5
    endloop
  endfacet
  facet normal -0.7731 -0.634284 0
    outer loop
      vertex 19.0074 2.63738 38
      vertex 19.1734 2.43505 34.5
      vertex 19.1734 2.43505 38
    endloop
  endfacet
  facet normal 0.7731 0.634284 0
    outer loop
      vertex 12.9926 -2.63738 38
      vertex 12.8266 -2.43505 34.5
      vertex 12.8266 -2.43505 38
    endloop
  endfacet
  facet normal 0.7731 0.634284 0
    outer loop
      vertex 12.8266 -2.43505 34.5
      vertex 12.9926 -2.63738 38
      vertex 12.9926 -2.63738 34.5
    endloop
  endfacet
  facet normal 0.162875 -0.986647 0
    outer loop
      vertex 15.2196 3.92314 34.5
      vertex 15.4779 3.96578 38
      vertex 15.2196 3.92314 38
    endloop
  endfacet
  facet normal 0.162875 -0.986647 0
    outer loop
      vertex 15.4779 3.96578 38
      vertex 15.2196 3.92314 34.5
      vertex 15.4779 3.96578 34.5
    endloop
  endfacet
  facet normal 0.995206 0.0978044 0
    outer loop
      vertex 12.0342 -0.522104 38
      vertex 12.0086 -0.261612 34.5
      vertex 12.0086 -0.261612 38
    endloop
  endfacet
  facet normal 0.995206 0.0978044 0
    outer loop
      vertex 12.0086 -0.261612 34.5
      vertex 12.0342 -0.522104 38
      vertex 12.0342 -0.522104 34.5
    endloop
  endfacet
  facet normal 0.290255 0.956949 -0
    outer loop
      vertex 14.9647 -3.8637 34.5
      vertex 14.7142 -3.78772 38
      vertex 14.9647 -3.8637 38
    endloop
  endfacet
  facet normal 0.290255 0.956949 0
    outer loop
      vertex 14.7142 -3.78772 38
      vertex 14.9647 -3.8637 34.5
      vertex 14.7142 -3.78772 34.5
    endloop
  endfacet
  facet normal 0.227097 0.973872 -0
    outer loop
      vertex 15.2196 -3.92314 34.5
      vertex 14.9647 -3.8637 38
      vertex 15.2196 -3.92314 38
    endloop
  endfacet
  facet normal 0.227097 0.973872 0
    outer loop
      vertex 14.9647 -3.8637 38
      vertex 15.2196 -3.92314 34.5
      vertex 14.9647 -3.8637 34.5
    endloop
  endfacet
  facet normal 0.290255 -0.956949 0
    outer loop
      vertex 14.7142 3.78772 34.5
      vertex 14.9647 3.8637 38
      vertex 14.7142 3.78772 38
    endloop
  endfacet
  facet normal 0.290255 -0.956949 0
    outer loop
      vertex 14.9647 3.8637 38
      vertex 14.7142 3.78772 34.5
      vertex 14.9647 3.8637 34.5
    endloop
  endfacet
  facet normal 0.99946 -0.0328554 0
    outer loop
      vertex 12 0 38
      vertex 12.0086 0.261612 34.5
      vertex 12.0086 0.261612 38
    endloop
  endfacet
  facet normal 0.99946 -0.0328554 0
    outer loop
      vertex 12.0086 0.261612 34.5
      vertex 12 0 38
      vertex 12 0 34.5
    endloop
  endfacet
  facet normal 0.683672 -0.72979 0
    outer loop
      vertex 13.1716 2.82843 34.5
      vertex 13.3626 3.00736 38
      vertex 13.1716 2.82843 38
    endloop
  endfacet
  facet normal 0.683672 -0.72979 0
    outer loop
      vertex 13.3626 3.00736 38
      vertex 13.1716 2.82843 34.5
      vertex 13.3626 3.00736 34.5
    endloop
  endfacet
  facet normal 0.7731 -0.634284 0
    outer loop
      vertex 12.8266 2.43505 38
      vertex 12.9926 2.63738 34.5
      vertex 12.9926 2.63738 38
    endloop
  endfacet
  facet normal 0.7731 -0.634284 0
    outer loop
      vertex 12.9926 2.63738 34.5
      vertex 12.8266 2.43505 38
      vertex 12.8266 2.43505 34.5
    endloop
  endfacet
  facet normal -0.910902 0.412622 0
    outer loop
      vertex 19.5875 -1.76915 34.5
      vertex 19.6955 -1.53073 38
      vertex 19.6955 -1.53073 34.5
    endloop
  endfacet
  facet normal -0.910902 0.412622 0
    outer loop
      vertex 19.6955 -1.53073 38
      vertex 19.5875 -1.76915 34.5
      vertex 19.5875 -1.76915 38
    endloop
  endfacet
  facet normal -0.528026 -0.849228 0
    outer loop
      vertex 18 3.4641 34.5
      vertex 18.2223 3.32588 38
      vertex 18 3.4641 38
    endloop
  endfacet
  facet normal -0.528026 -0.849228 -0
    outer loop
      vertex 18.2223 3.32588 38
      vertex 18 3.4641 34.5
      vertex 18.2223 3.32588 34.5
    endloop
  endfacet
  facet normal -0.290255 0.956949 0
    outer loop
      vertex 17.2858 -3.78772 34.5
      vertex 17.0353 -3.8637 38
      vertex 17.2858 -3.78772 38
    endloop
  endfacet
  facet normal -0.290255 0.956949 0
    outer loop
      vertex 17.0353 -3.8637 38
      vertex 17.2858 -3.78772 34.5
      vertex 17.0353 -3.8637 34.5
    endloop
  endfacet
  facet normal -0.582607 -0.812754 0
    outer loop
      vertex 18.2223 3.32588 34.5
      vertex 18.435 3.17341 38
      vertex 18.2223 3.32588 38
    endloop
  endfacet
  facet normal -0.582607 -0.812754 -0
    outer loop
      vertex 18.435 3.17341 38
      vertex 18.2223 3.32588 34.5
      vertex 18.435 3.17341 34.5
    endloop
  endfacet
  facet normal -0.935906 -0.352249 0
    outer loop
      vertex 19.7877 1.28576 34.5
      vertex 19.6955 1.53073 38
      vertex 19.6955 1.53073 34.5
    endloop
  endfacet
  facet normal -0.935906 -0.352249 0
    outer loop
      vertex 19.6955 1.53073 38
      vertex 19.7877 1.28576 34.5
      vertex 19.7877 1.28576 38
    endloop
  endfacet
  facet normal -0.986605 -0.163125 0
    outer loop
      vertex 19.9658 0.522104 34.5
      vertex 19.9231 0.780361 38
      vertex 19.9231 0.780361 34.5
    endloop
  endfacet
  facet normal -0.986605 -0.163125 0
    outer loop
      vertex 19.9231 0.780361 38
      vertex 19.9658 0.522104 34.5
      vertex 19.9658 0.522104 38
    endloop
  endfacet
  facet normal -0.290255 -0.956949 0
    outer loop
      vertex 17.0353 3.8637 34.5
      vertex 17.2858 3.78772 38
      vertex 17.0353 3.8637 38
    endloop
  endfacet
  facet normal -0.290255 -0.956949 -0
    outer loop
      vertex 17.2858 3.78772 38
      vertex 17.0353 3.8637 34.5
      vertex 17.2858 3.78772 34.5
    endloop
  endfacet
  facet normal 0.881908 0.471421 0
    outer loop
      vertex 12.5359 -2 38
      vertex 12.4125 -1.76915 34.5
      vertex 12.4125 -1.76915 38
    endloop
  endfacet
  facet normal 0.881908 0.471421 0
    outer loop
      vertex 12.4125 -1.76915 34.5
      vertex 12.5359 -2 38
      vertex 12.5359 -2 34.5
    endloop
  endfacet
  facet normal 0.935906 0.352249 0
    outer loop
      vertex 12.3045 -1.53073 38
      vertex 12.2123 -1.28576 34.5
      vertex 12.2123 -1.28576 38
    endloop
  endfacet
  facet normal 0.935906 0.352249 0
    outer loop
      vertex 12.2123 -1.28576 34.5
      vertex 12.3045 -1.53073 38
      vertex 12.3045 -1.53073 34.5
    endloop
  endfacet
  facet normal -0.849241 0.528006 0
    outer loop
      vertex 19.3259 -2.22228 34.5
      vertex 19.4641 -2 38
      vertex 19.4641 -2 34.5
    endloop
  endfacet
  facet normal -0.849241 0.528006 0
    outer loop
      vertex 19.4641 -2 38
      vertex 19.3259 -2.22228 34.5
      vertex 19.3259 -2.22228 38
    endloop
  endfacet
  facet normal 0.935906 -0.352249 0
    outer loop
      vertex 12.2123 1.28576 38
      vertex 12.3045 1.53073 34.5
      vertex 12.3045 1.53073 38
    endloop
  endfacet
  facet normal 0.935906 -0.352249 0
    outer loop
      vertex 12.3045 1.53073 34.5
      vertex 12.2123 1.28576 38
      vertex 12.2123 1.28576 34.5
    endloop
  endfacet
  facet normal 0.471471 -0.881882 0
    outer loop
      vertex 14 3.4641 34.5
      vertex 14.2308 3.58749 38
      vertex 14 3.4641 38
    endloop
  endfacet
  facet normal 0.471471 -0.881882 0
    outer loop
      vertex 14.2308 3.58749 38
      vertex 14 3.4641 34.5
      vertex 14.2308 3.58749 34.5
    endloop
  endfacet
  facet normal -0.582607 0.812754 0
    outer loop
      vertex 18.435 -3.17341 34.5
      vertex 18.2223 -3.32588 38
      vertex 18.435 -3.17341 38
    endloop
  endfacet
  facet normal -0.582607 0.812754 0
    outer loop
      vertex 18.2223 -3.32588 38
      vertex 18.435 -3.17341 34.5
      vertex 18.2223 -3.32588 34.5
    endloop
  endfacet
  facet normal -0.683672 0.72979 0
    outer loop
      vertex 18.8284 -2.82843 34.5
      vertex 18.6374 -3.00736 38
      vertex 18.8284 -2.82843 38
    endloop
  endfacet
  facet normal -0.683672 0.72979 0
    outer loop
      vertex 18.6374 -3.00736 38
      vertex 18.8284 -2.82843 34.5
      vertex 18.6374 -3.00736 34.5
    endloop
  endfacet
  facet normal 0.995206 -0.0978044 0
    outer loop
      vertex 12.0086 0.261612 38
      vertex 12.0342 0.522104 34.5
      vertex 12.0342 0.522104 38
    endloop
  endfacet
  facet normal 0.995206 -0.0978044 0
    outer loop
      vertex 12.0342 0.522104 34.5
      vertex 12.0086 0.261612 38
      vertex 12.0086 0.261612 34.5
    endloop
  endfacet
  facet normal 0.528026 0.849228 -0
    outer loop
      vertex 14 -3.4641 34.5
      vertex 13.7777 -3.32588 38
      vertex 14 -3.4641 38
    endloop
  endfacet
  facet normal 0.528026 0.849228 0
    outer loop
      vertex 13.7777 -3.32588 38
      vertex 14 -3.4641 34.5
      vertex 13.7777 -3.32588 34.5
    endloop
  endfacet
  facet normal 0.412603 0.910911 -0
    outer loop
      vertex 14.4693 -3.69552 34.5
      vertex 14.2308 -3.58749 38
      vertex 14.4693 -3.69552 38
    endloop
  endfacet
  facet normal 0.412603 0.910911 0
    outer loop
      vertex 14.2308 -3.58749 38
      vertex 14.4693 -3.69552 34.5
      vertex 14.2308 -3.58749 34.5
    endloop
  endfacet
  facet normal 0.986605 -0.163125 0
    outer loop
      vertex 12.0342 0.522104 38
      vertex 12.0769 0.780361 34.5
      vertex 12.0769 0.780361 38
    endloop
  endfacet
  facet normal 0.986605 -0.163125 0
    outer loop
      vertex 12.0769 0.780361 34.5
      vertex 12.0342 0.522104 38
      vertex 12.0342 0.522104 34.5
    endloop
  endfacet
  facet normal -0.471471 0.881882 0
    outer loop
      vertex 18 -3.4641 34.5
      vertex 17.7692 -3.58749 38
      vertex 18 -3.4641 38
    endloop
  endfacet
  facet normal -0.471471 0.881882 0
    outer loop
      vertex 17.7692 -3.58749 38
      vertex 18 -3.4641 34.5
      vertex 17.7692 -3.58749 34.5
    endloop
  endfacet
  facet normal -0.471471 -0.881882 0
    outer loop
      vertex 17.7692 3.58749 34.5
      vertex 18 3.4641 38
      vertex 17.7692 3.58749 38
    endloop
  endfacet
  facet normal -0.471471 -0.881882 -0
    outer loop
      vertex 18 3.4641 38
      vertex 17.7692 3.58749 34.5
      vertex 18 3.4641 34.5
    endloop
  endfacet
  facet normal -0.81279 0.582556 0
    outer loop
      vertex 19.1734 -2.43505 34.5
      vertex 19.3259 -2.22228 38
      vertex 19.3259 -2.22228 34.5
    endloop
  endfacet
  facet normal -0.81279 0.582556 0
    outer loop
      vertex 19.3259 -2.22228 38
      vertex 19.1734 -2.43505 34.5
      vertex 19.1734 -2.43505 38
    endloop
  endfacet
  facet normal -0.0980285 -0.995184 0
    outer loop
      vertex 16.2616 3.99144 34.5
      vertex 16.5221 3.96578 38
      vertex 16.2616 3.99144 38
    endloop
  endfacet
  facet normal -0.0980285 -0.995184 -0
    outer loop
      vertex 16.5221 3.96578 38
      vertex 16.2616 3.99144 34.5
      vertex 16.5221 3.96578 34.5
    endloop
  endfacet
  facet normal 0.582607 0.812754 -0
    outer loop
      vertex 13.7777 -3.32588 34.5
      vertex 13.565 -3.17341 38
      vertex 13.7777 -3.32588 38
    endloop
  endfacet
  facet normal 0.582607 0.812754 0
    outer loop
      vertex 13.565 -3.17341 38
      vertex 13.7777 -3.32588 34.5
      vertex 13.565 -3.17341 34.5
    endloop
  endfacet
  facet normal -0.528026 0.849228 0
    outer loop
      vertex 18.2223 -3.32588 34.5
      vertex 18 -3.4641 38
      vertex 18.2223 -3.32588 38
    endloop
  endfacet
  facet normal -0.528026 0.849228 0
    outer loop
      vertex 18 -3.4641 38
      vertex 18.2223 -3.32588 34.5
      vertex 18 -3.4641 34.5
    endloop
  endfacet
  facet normal 0.0327042 0.999465 -0
    outer loop
      vertex 16 -4 34.5
      vertex 15.7384 -3.99144 38
      vertex 16 -4 38
    endloop
  endfacet
  facet normal 0.0327042 0.999465 0
    outer loop
      vertex 15.7384 -3.99144 38
      vertex 16 -4 34.5
      vertex 15.7384 -3.99144 34.5
    endloop
  endfacet
  facet normal 0.162875 0.986647 -0
    outer loop
      vertex 15.4779 -3.96578 34.5
      vertex 15.2196 -3.92314 38
      vertex 15.4779 -3.96578 38
    endloop
  endfacet
  facet normal 0.162875 0.986647 0
    outer loop
      vertex 15.2196 -3.92314 38
      vertex 15.4779 -3.96578 34.5
      vertex 15.2196 -3.92314 34.5
    endloop
  endfacet
  facet normal 0.352338 -0.935873 0
    outer loop
      vertex 14.4693 3.69552 34.5
      vertex 14.7142 3.78772 38
      vertex 14.4693 3.69552 38
    endloop
  endfacet
  facet normal 0.352338 -0.935873 0
    outer loop
      vertex 14.7142 3.78772 38
      vertex 14.4693 3.69552 34.5
      vertex 14.7142 3.78772 34.5
    endloop
  endfacet
  facet normal 0.910902 -0.412622 0
    outer loop
      vertex 12.3045 1.53073 38
      vertex 12.4125 1.76915 34.5
      vertex 12.4125 1.76915 38
    endloop
  endfacet
  facet normal 0.910902 -0.412622 0
    outer loop
      vertex 12.4125 1.76915 34.5
      vertex 12.3045 1.53073 38
      vertex 12.3045 1.53073 34.5
    endloop
  endfacet
  facet normal 0.849241 0.528006 0
    outer loop
      vertex 12.6741 -2.22228 38
      vertex 12.5359 -2 34.5
      vertex 12.5359 -2 38
    endloop
  endfacet
  facet normal 0.849241 0.528006 0
    outer loop
      vertex 12.5359 -2 34.5
      vertex 12.6741 -2.22228 38
      vertex 12.6741 -2.22228 34.5
    endloop
  endfacet
  facet normal 0.99946 0.0328554 0
    outer loop
      vertex 12.0086 -0.261612 38
      vertex 12 0 34.5
      vertex 12 0 38
    endloop
  endfacet
  facet normal 0.99946 0.0328554 0
    outer loop
      vertex 12 0 34.5
      vertex 12.0086 -0.261612 38
      vertex 12.0086 -0.261612 34.5
    endloop
  endfacet
  facet normal -0.729746 -0.683719 0
    outer loop
      vertex 19.0074 2.63738 34.5
      vertex 18.8284 2.82843 38
      vertex 18.8284 2.82843 34.5
    endloop
  endfacet
  facet normal -0.729746 -0.683719 0
    outer loop
      vertex 18.8284 2.82843 38
      vertex 19.0074 2.63738 34.5
      vertex 19.0074 2.63738 38
    endloop
  endfacet
  facet normal 0.81279 -0.582556 0
    outer loop
      vertex 12.6741 2.22228 38
      vertex 12.8266 2.43505 34.5
      vertex 12.8266 2.43505 38
    endloop
  endfacet
  facet normal 0.81279 -0.582556 0
    outer loop
      vertex 12.8266 2.43505 34.5
      vertex 12.6741 2.22228 38
      vertex 12.6741 2.22228 34.5
    endloop
  endfacet
  facet normal 0.881908 -0.471421 0
    outer loop
      vertex 12.4125 1.76915 38
      vertex 12.5359 2 34.5
      vertex 12.5359 2 38
    endloop
  endfacet
  facet normal 0.881908 -0.471421 0
    outer loop
      vertex 12.5359 2 34.5
      vertex 12.4125 1.76915 38
      vertex 12.4125 1.76915 34.5
    endloop
  endfacet
  facet normal 0.471471 0.881882 -0
    outer loop
      vertex 14.2308 -3.58749 34.5
      vertex 14 -3.4641 38
      vertex 14.2308 -3.58749 38
    endloop
  endfacet
  facet normal 0.471471 0.881882 0
    outer loop
      vertex 14 -3.4641 38
      vertex 14.2308 -3.58749 34.5
      vertex 14 -3.4641 34.5
    endloop
  endfacet
  facet normal -0.729746 0.683719 0
    outer loop
      vertex -13.1716 -2.82843 34.5
      vertex -12.9926 -2.63738 38
      vertex -12.9926 -2.63738 34.5
    endloop
  endfacet
  facet normal -0.729746 0.683719 0
    outer loop
      vertex -12.9926 -2.63738 38
      vertex -13.1716 -2.82843 34.5
      vertex -13.1716 -2.82843 38
    endloop
  endfacet
  facet normal 0.634267 -0.773114 0
    outer loop
      vertex -18.6374 3.00736 34.5
      vertex -18.435 3.17341 38
      vertex -18.6374 3.00736 38
    endloop
  endfacet
  facet normal 0.634267 -0.773114 0
    outer loop
      vertex -18.435 3.17341 38
      vertex -18.6374 3.00736 34.5
      vertex -18.435 3.17341 34.5
    endloop
  endfacet
  facet normal -0.290255 0.956949 0
    outer loop
      vertex -14.7142 -3.78772 34.5
      vertex -14.9647 -3.8637 38
      vertex -14.7142 -3.78772 38
    endloop
  endfacet
  facet normal -0.290255 0.956949 0
    outer loop
      vertex -14.9647 -3.8637 38
      vertex -14.7142 -3.78772 34.5
      vertex -14.9647 -3.8637 34.5
    endloop
  endfacet
  facet normal -0.634267 0.773114 0
    outer loop
      vertex -13.3626 -3.00736 34.5
      vertex -13.565 -3.17341 38
      vertex -13.3626 -3.00736 38
    endloop
  endfacet
  facet normal -0.634267 0.773114 0
    outer loop
      vertex -13.565 -3.17341 38
      vertex -13.3626 -3.00736 34.5
      vertex -13.565 -3.17341 34.5
    endloop
  endfacet
  facet normal -0.290255 -0.956949 0
    outer loop
      vertex -14.9647 3.8637 34.5
      vertex -14.7142 3.78772 38
      vertex -14.9647 3.8637 38
    endloop
  endfacet
  facet normal -0.290255 -0.956949 -0
    outer loop
      vertex -14.7142 3.78772 38
      vertex -14.9647 3.8637 34.5
      vertex -14.7142 3.78772 34.5
    endloop
  endfacet
  facet normal 0.986605 -0.163125 0
    outer loop
      vertex -19.9658 0.522104 38
      vertex -19.9231 0.780361 34.5
      vertex -19.9231 0.780361 38
    endloop
  endfacet
  facet normal 0.986605 -0.163125 0
    outer loop
      vertex -19.9231 0.780361 34.5
      vertex -19.9658 0.522104 38
      vertex -19.9658 0.522104 34.5
    endloop
  endfacet
  facet normal 0.849241 -0.528006 0
    outer loop
      vertex -19.4641 2 38
      vertex -19.3259 2.22228 34.5
      vertex -19.3259 2.22228 38
    endloop
  endfacet
  facet normal 0.849241 -0.528006 0
    outer loop
      vertex -19.3259 2.22228 34.5
      vertex -19.4641 2 38
      vertex -19.4641 2 34.5
    endloop
  endfacet
  facet normal 0.729746 -0.683719 0
    outer loop
      vertex -19.0074 2.63738 38
      vertex -18.8284 2.82843 34.5
      vertex -18.8284 2.82843 38
    endloop
  endfacet
  facet normal 0.729746 -0.683719 0
    outer loop
      vertex -18.8284 2.82843 34.5
      vertex -19.0074 2.63738 38
      vertex -19.0074 2.63738 34.5
    endloop
  endfacet
  facet normal 0.162875 -0.986647 0
    outer loop
      vertex -16.7804 3.92314 34.5
      vertex -16.5221 3.96578 38
      vertex -16.7804 3.92314 38
    endloop
  endfacet
  facet normal 0.162875 -0.986647 0
    outer loop
      vertex -16.5221 3.96578 38
      vertex -16.7804 3.92314 34.5
      vertex -16.5221 3.96578 34.5
    endloop
  endfacet
  facet normal 0.935906 0.352249 0
    outer loop
      vertex -19.6955 -1.53073 38
      vertex -19.7877 -1.28576 34.5
      vertex -19.7877 -1.28576 38
    endloop
  endfacet
  facet normal 0.935906 0.352249 0
    outer loop
      vertex -19.7877 -1.28576 34.5
      vertex -19.6955 -1.53073 38
      vertex -19.6955 -1.53073 34.5
    endloop
  endfacet
  facet normal 0.634267 0.773114 -0
    outer loop
      vertex -18.435 -3.17341 34.5
      vertex -18.6374 -3.00736 38
      vertex -18.435 -3.17341 38
    endloop
  endfacet
  facet normal 0.634267 0.773114 0
    outer loop
      vertex -18.6374 -3.00736 38
      vertex -18.435 -3.17341 34.5
      vertex -18.6374 -3.00736 34.5
    endloop
  endfacet
  facet normal 0.910902 0.412622 0
    outer loop
      vertex -19.5875 -1.76915 38
      vertex -19.6955 -1.53073 34.5
      vertex -19.6955 -1.53073 38
    endloop
  endfacet
  facet normal 0.910902 0.412622 0
    outer loop
      vertex -19.6955 -1.53073 34.5
      vertex -19.5875 -1.76915 38
      vertex -19.5875 -1.76915 34.5
    endloop
  endfacet
  facet normal 0.995206 0.0978044 0
    outer loop
      vertex -19.9658 -0.522104 38
      vertex -19.9914 -0.261612 34.5
      vertex -19.9914 -0.261612 38
    endloop
  endfacet
  facet normal 0.995206 0.0978044 0
    outer loop
      vertex -19.9914 -0.261612 34.5
      vertex -19.9658 -0.522104 38
      vertex -19.9658 -0.522104 34.5
    endloop
  endfacet
  facet normal -0.412603 0.910911 0
    outer loop
      vertex -14.2308 -3.58749 34.5
      vertex -14.4693 -3.69552 38
      vertex -14.2308 -3.58749 38
    endloop
  endfacet
  facet normal -0.412603 0.910911 0
    outer loop
      vertex -14.4693 -3.69552 38
      vertex -14.2308 -3.58749 34.5
      vertex -14.4693 -3.69552 34.5
    endloop
  endfacet
  facet normal -0.0980285 0.995184 0
    outer loop
      vertex -15.4779 -3.96578 34.5
      vertex -15.7384 -3.99144 38
      vertex -15.4779 -3.96578 38
    endloop
  endfacet
  facet normal -0.0980285 0.995184 0
    outer loop
      vertex -15.7384 -3.99144 38
      vertex -15.4779 -3.96578 34.5
      vertex -15.7384 -3.99144 34.5
    endloop
  endfacet
  facet normal 0.81279 -0.582556 0
    outer loop
      vertex -19.3259 2.22228 38
      vertex -19.1734 2.43505 34.5
      vertex -19.1734 2.43505 38
    endloop
  endfacet
  facet normal 0.81279 -0.582556 0
    outer loop
      vertex -19.1734 2.43505 34.5
      vertex -19.3259 2.22228 38
      vertex -19.3259 2.22228 34.5
    endloop
  endfacet
  facet normal 0.99946 0.0328554 0
    outer loop
      vertex -19.9914 -0.261612 38
      vertex -20 0 34.5
      vertex -20 0 38
    endloop
  endfacet
  facet normal 0.99946 0.0328554 0
    outer loop
      vertex -20 0 34.5
      vertex -19.9914 -0.261612 38
      vertex -19.9914 -0.261612 34.5
    endloop
  endfacet
  facet normal 0.956922 -0.290347 0
    outer loop
      vertex -19.8637 1.03528 38
      vertex -19.7877 1.28576 34.5
      vertex -19.7877 1.28576 38
    endloop
  endfacet
  facet normal 0.956922 -0.290347 0
    outer loop
      vertex -19.7877 1.28576 34.5
      vertex -19.8637 1.03528 38
      vertex -19.8637 1.03528 34.5
    endloop
  endfacet
  facet normal -0.910902 -0.412622 0
    outer loop
      vertex -12.3045 1.53073 34.5
      vertex -12.4125 1.76915 38
      vertex -12.4125 1.76915 34.5
    endloop
  endfacet
  facet normal -0.910902 -0.412622 0
    outer loop
      vertex -12.4125 1.76915 38
      vertex -12.3045 1.53073 34.5
      vertex -12.3045 1.53073 38
    endloop
  endfacet
  facet normal 0.471471 -0.881882 0
    outer loop
      vertex -18 3.4641 34.5
      vertex -17.7692 3.58749 38
      vertex -18 3.4641 38
    endloop
  endfacet
  facet normal 0.471471 -0.881882 0
    outer loop
      vertex -17.7692 3.58749 38
      vertex -18 3.4641 34.5
      vertex -17.7692 3.58749 34.5
    endloop
  endfacet
  facet normal 0.729746 0.683719 0
    outer loop
      vertex -18.8284 -2.82843 38
      vertex -19.0074 -2.63738 34.5
      vertex -19.0074 -2.63738 38
    endloop
  endfacet
  facet normal 0.729746 0.683719 0
    outer loop
      vertex -19.0074 -2.63738 34.5
      vertex -18.8284 -2.82843 38
      vertex -18.8284 -2.82843 34.5
    endloop
  endfacet
  facet normal 0.97391 -0.226936 0
    outer loop
      vertex -19.9231 0.780361 38
      vertex -19.8637 1.03528 34.5
      vertex -19.8637 1.03528 38
    endloop
  endfacet
  facet normal 0.97391 -0.226936 0
    outer loop
      vertex -19.8637 1.03528 34.5
      vertex -19.9231 0.780361 38
      vertex -19.9231 0.780361 34.5
    endloop
  endfacet
  facet normal -0.986605 -0.163125 0
    outer loop
      vertex -12.0342 0.522104 34.5
      vertex -12.0769 0.780361 38
      vertex -12.0769 0.780361 34.5
    endloop
  endfacet
  facet normal -0.986605 -0.163125 0
    outer loop
      vertex -12.0769 0.780361 38
      vertex -12.0342 0.522104 34.5
      vertex -12.0342 0.522104 38
    endloop
  endfacet
  facet normal 0.7731 -0.634284 0
    outer loop
      vertex -19.1734 2.43505 38
      vertex -19.0074 2.63738 34.5
      vertex -19.0074 2.63738 38
    endloop
  endfacet
  facet normal 0.7731 -0.634284 0
    outer loop
      vertex -19.0074 2.63738 34.5
      vertex -19.1734 2.43505 38
      vertex -19.1734 2.43505 34.5
    endloop
  endfacet
  facet normal 0.582607 0.812754 -0
    outer loop
      vertex -18.2223 -3.32588 34.5
      vertex -18.435 -3.17341 38
      vertex -18.2223 -3.32588 38
    endloop
  endfacet
  facet normal 0.582607 0.812754 0
    outer loop
      vertex -18.435 -3.17341 38
      vertex -18.2223 -3.32588 34.5
      vertex -18.435 -3.17341 34.5
    endloop
  endfacet
  facet normal 0.935906 -0.352249 0
    outer loop
      vertex -19.7877 1.28576 38
      vertex -19.6955 1.53073 34.5
      vertex -19.6955 1.53073 38
    endloop
  endfacet
  facet normal 0.935906 -0.352249 0
    outer loop
      vertex -19.6955 1.53073 34.5
      vertex -19.7877 1.28576 38
      vertex -19.7877 1.28576 34.5
    endloop
  endfacet
  facet normal 0.290255 0.956949 -0
    outer loop
      vertex -17.0353 -3.8637 34.5
      vertex -17.2858 -3.78772 38
      vertex -17.0353 -3.8637 38
    endloop
  endfacet
  facet normal 0.290255 0.956949 0
    outer loop
      vertex -17.2858 -3.78772 38
      vertex -17.0353 -3.8637 34.5
      vertex -17.2858 -3.78772 34.5
    endloop
  endfacet
  facet normal 0.352338 0.935873 -0
    outer loop
      vertex -17.2858 -3.78772 34.5
      vertex -17.5307 -3.69552 38
      vertex -17.2858 -3.78772 38
    endloop
  endfacet
  facet normal 0.352338 0.935873 0
    outer loop
      vertex -17.5307 -3.69552 38
      vertex -17.2858 -3.78772 34.5
      vertex -17.5307 -3.69552 34.5
    endloop
  endfacet
  facet normal -0.227097 0.973872 0
    outer loop
      vertex -14.9647 -3.8637 34.5
      vertex -15.2196 -3.92314 38
      vertex -14.9647 -3.8637 38
    endloop
  endfacet
  facet normal -0.227097 0.973872 0
    outer loop
      vertex -15.2196 -3.92314 38
      vertex -14.9647 -3.8637 34.5
      vertex -15.2196 -3.92314 34.5
    endloop
  endfacet
  facet normal 0.528026 0.849228 -0
    outer loop
      vertex -18 -3.4641 34.5
      vertex -18.2223 -3.32588 38
      vertex -18 -3.4641 38
    endloop
  endfacet
  facet normal 0.528026 0.849228 0
    outer loop
      vertex -18.2223 -3.32588 38
      vertex -18 -3.4641 34.5
      vertex -18.2223 -3.32588 34.5
    endloop
  endfacet
  facet normal 0.412603 -0.910911 0
    outer loop
      vertex -17.7692 3.58749 34.5
      vertex -17.5307 3.69552 38
      vertex -17.7692 3.58749 38
    endloop
  endfacet
  facet normal 0.412603 -0.910911 0
    outer loop
      vertex -17.5307 3.69552 38
      vertex -17.7692 3.58749 34.5
      vertex -17.5307 3.69552 34.5
    endloop
  endfacet
  facet normal 0.412603 0.910911 -0
    outer loop
      vertex -17.5307 -3.69552 34.5
      vertex -17.7692 -3.58749 38
      vertex -17.5307 -3.69552 38
    endloop
  endfacet
  facet normal 0.412603 0.910911 0
    outer loop
      vertex -17.7692 -3.58749 38
      vertex -17.5307 -3.69552 34.5
      vertex -17.7692 -3.58749 34.5
    endloop
  endfacet
  facet normal -0.7731 0.634284 0
    outer loop
      vertex -12.9926 -2.63738 34.5
      vertex -12.8266 -2.43505 38
      vertex -12.8266 -2.43505 34.5
    endloop
  endfacet
  facet normal -0.7731 0.634284 0
    outer loop
      vertex -12.8266 -2.43505 38
      vertex -12.9926 -2.63738 34.5
      vertex -12.9926 -2.63738 38
    endloop
  endfacet
  facet normal 0.881908 -0.471421 0
    outer loop
      vertex -19.5875 1.76915 38
      vertex -19.4641 2 34.5
      vertex -19.4641 2 38
    endloop
  endfacet
  facet normal 0.881908 -0.471421 0
    outer loop
      vertex -19.4641 2 34.5
      vertex -19.5875 1.76915 38
      vertex -19.5875 1.76915 34.5
    endloop
  endfacet
  facet normal -0.995206 -0.0978044 0
    outer loop
      vertex -12.0086 0.261612 34.5
      vertex -12.0342 0.522104 38
      vertex -12.0342 0.522104 34.5
    endloop
  endfacet
  facet normal -0.995206 -0.0978044 0
    outer loop
      vertex -12.0342 0.522104 38
      vertex -12.0086 0.261612 34.5
      vertex -12.0086 0.261612 38
    endloop
  endfacet
  facet normal -0.97391 -0.226936 0
    outer loop
      vertex -12.0769 0.780361 34.5
      vertex -12.1363 1.03528 38
      vertex -12.1363 1.03528 34.5
    endloop
  endfacet
  facet normal -0.97391 -0.226936 0
    outer loop
      vertex -12.1363 1.03528 38
      vertex -12.0769 0.780361 34.5
      vertex -12.0769 0.780361 38
    endloop
  endfacet
  facet normal 0.881908 0.471421 0
    outer loop
      vertex -19.4641 -2 38
      vertex -19.5875 -1.76915 34.5
      vertex -19.5875 -1.76915 38
    endloop
  endfacet
  facet normal 0.881908 0.471421 0
    outer loop
      vertex -19.5875 -1.76915 34.5
      vertex -19.4641 -2 38
      vertex -19.4641 -2 34.5
    endloop
  endfacet
  facet normal 0.986605 0.163125 0
    outer loop
      vertex -19.9231 -0.780361 38
      vertex -19.9658 -0.522104 34.5
      vertex -19.9658 -0.522104 38
    endloop
  endfacet
  facet normal 0.986605 0.163125 0
    outer loop
      vertex -19.9658 -0.522104 34.5
      vertex -19.9231 -0.780361 38
      vertex -19.9231 -0.780361 34.5
    endloop
  endfacet
  facet normal 0.849241 0.528006 0
    outer loop
      vertex -19.3259 -2.22228 38
      vertex -19.4641 -2 34.5
      vertex -19.4641 -2 38
    endloop
  endfacet
  facet normal 0.849241 0.528006 0
    outer loop
      vertex -19.4641 -2 34.5
      vertex -19.3259 -2.22228 38
      vertex -19.3259 -2.22228 34.5
    endloop
  endfacet
  facet normal -0.683672 0.72979 0
    outer loop
      vertex -13.1716 -2.82843 34.5
      vertex -13.3626 -3.00736 38
      vertex -13.1716 -2.82843 38
    endloop
  endfacet
  facet normal -0.683672 0.72979 0
    outer loop
      vertex -13.3626 -3.00736 38
      vertex -13.1716 -2.82843 34.5
      vertex -13.3626 -3.00736 34.5
    endloop
  endfacet
  facet normal 0.956922 0.290347 0
    outer loop
      vertex -19.7877 -1.28576 38
      vertex -19.8637 -1.03528 34.5
      vertex -19.8637 -1.03528 38
    endloop
  endfacet
  facet normal 0.956922 0.290347 0
    outer loop
      vertex -19.8637 -1.03528 34.5
      vertex -19.7877 -1.28576 38
      vertex -19.7877 -1.28576 34.5
    endloop
  endfacet
  facet normal 0.97391 0.226936 0
    outer loop
      vertex -19.8637 -1.03528 38
      vertex -19.9231 -0.780361 34.5
      vertex -19.9231 -0.780361 38
    endloop
  endfacet
  facet normal 0.97391 0.226936 0
    outer loop
      vertex -19.9231 -0.780361 34.5
      vertex -19.8637 -1.03528 38
      vertex -19.8637 -1.03528 34.5
    endloop
  endfacet
  facet normal -0.995206 0.0978044 0
    outer loop
      vertex -12.0342 -0.522104 34.5
      vertex -12.0086 -0.261612 38
      vertex -12.0086 -0.261612 34.5
    endloop
  endfacet
  facet normal -0.995206 0.0978044 0
    outer loop
      vertex -12.0086 -0.261612 38
      vertex -12.0342 -0.522104 34.5
      vertex -12.0342 -0.522104 38
    endloop
  endfacet
  facet normal -0.7731 -0.634284 0
    outer loop
      vertex -12.8266 2.43505 34.5
      vertex -12.9926 2.63738 38
      vertex -12.9926 2.63738 34.5
    endloop
  endfacet
  facet normal -0.7731 -0.634284 0
    outer loop
      vertex -12.9926 2.63738 38
      vertex -12.8266 2.43505 34.5
      vertex -12.8266 2.43505 38
    endloop
  endfacet
  facet normal -0.471471 0.881882 0
    outer loop
      vertex -14 -3.4641 34.5
      vertex -14.2308 -3.58749 38
      vertex -14 -3.4641 38
    endloop
  endfacet
  facet normal -0.471471 0.881882 0
    outer loop
      vertex -14.2308 -3.58749 38
      vertex -14 -3.4641 34.5
      vertex -14.2308 -3.58749 34.5
    endloop
  endfacet
  facet normal 0.683672 0.72979 -0
    outer loop
      vertex -18.6374 -3.00736 34.5
      vertex -18.8284 -2.82843 38
      vertex -18.6374 -3.00736 38
    endloop
  endfacet
  facet normal 0.683672 0.72979 0
    outer loop
      vertex -18.8284 -2.82843 38
      vertex -18.6374 -3.00736 34.5
      vertex -18.8284 -2.82843 34.5
    endloop
  endfacet
  facet normal -0.0327042 0.999465 0
    outer loop
      vertex -15.7384 -3.99144 34.5
      vertex -16 -4 38
      vertex -15.7384 -3.99144 38
    endloop
  endfacet
  facet normal -0.0327042 0.999465 0
    outer loop
      vertex -16 -4 38
      vertex -15.7384 -3.99144 34.5
      vertex -16 -4 34.5
    endloop
  endfacet
  facet normal 0.99946 -0.0328554 0
    outer loop
      vertex -20 0 38
      vertex -19.9914 0.261612 34.5
      vertex -19.9914 0.261612 38
    endloop
  endfacet
  facet normal 0.99946 -0.0328554 0
    outer loop
      vertex -19.9914 0.261612 34.5
      vertex -20 0 38
      vertex -20 0 34.5
    endloop
  endfacet
  facet normal -0.956922 0.290347 0
    outer loop
      vertex -12.2123 -1.28576 34.5
      vertex -12.1363 -1.03528 38
      vertex -12.1363 -1.03528 34.5
    endloop
  endfacet
  facet normal -0.956922 0.290347 0
    outer loop
      vertex -12.1363 -1.03528 38
      vertex -12.2123 -1.28576 34.5
      vertex -12.2123 -1.28576 38
    endloop
  endfacet
  facet normal 0.81279 0.582556 0
    outer loop
      vertex -19.1734 -2.43505 38
      vertex -19.3259 -2.22228 34.5
      vertex -19.3259 -2.22228 38
    endloop
  endfacet
  facet normal 0.81279 0.582556 0
    outer loop
      vertex -19.3259 -2.22228 34.5
      vertex -19.1734 -2.43505 38
      vertex -19.1734 -2.43505 34.5
    endloop
  endfacet
  facet normal 0.227097 -0.973872 0
    outer loop
      vertex -17.0353 3.8637 34.5
      vertex -16.7804 3.92314 38
      vertex -17.0353 3.8637 38
    endloop
  endfacet
  facet normal 0.227097 -0.973872 0
    outer loop
      vertex -16.7804 3.92314 38
      vertex -17.0353 3.8637 34.5
      vertex -16.7804 3.92314 34.5
    endloop
  endfacet
  facet normal -0.81279 -0.582556 0
    outer loop
      vertex -12.6741 2.22228 34.5
      vertex -12.8266 2.43505 38
      vertex -12.8266 2.43505 34.5
    endloop
  endfacet
  facet normal -0.81279 -0.582556 0
    outer loop
      vertex -12.8266 2.43505 38
      vertex -12.6741 2.22228 34.5
      vertex -12.6741 2.22228 38
    endloop
  endfacet
  facet normal -0.528026 -0.849228 0
    outer loop
      vertex -14 3.4641 34.5
      vertex -13.7777 3.32588 38
      vertex -14 3.4641 38
    endloop
  endfacet
  facet normal -0.528026 -0.849228 -0
    outer loop
      vertex -13.7777 3.32588 38
      vertex -14 3.4641 34.5
      vertex -13.7777 3.32588 34.5
    endloop
  endfacet
  facet normal 0.528026 -0.849228 0
    outer loop
      vertex -18.2223 3.32588 34.5
      vertex -18 3.4641 38
      vertex -18.2223 3.32588 38
    endloop
  endfacet
  facet normal 0.528026 -0.849228 0
    outer loop
      vertex -18 3.4641 38
      vertex -18.2223 3.32588 34.5
      vertex -18 3.4641 34.5
    endloop
  endfacet
  facet normal 0.995206 -0.0978044 0
    outer loop
      vertex -19.9914 0.261612 38
      vertex -19.9658 0.522104 34.5
      vertex -19.9658 0.522104 38
    endloop
  endfacet
  facet normal 0.995206 -0.0978044 0
    outer loop
      vertex -19.9658 0.522104 34.5
      vertex -19.9914 0.261612 38
      vertex -19.9914 0.261612 34.5
    endloop
  endfacet
  facet normal -0.683672 -0.72979 0
    outer loop
      vertex -13.3626 3.00736 34.5
      vertex -13.1716 2.82843 38
      vertex -13.3626 3.00736 38
    endloop
  endfacet
  facet normal -0.683672 -0.72979 -0
    outer loop
      vertex -13.1716 2.82843 38
      vertex -13.3626 3.00736 34.5
      vertex -13.1716 2.82843 34.5
    endloop
  endfacet
  facet normal 0.0327042 -0.999465 0
    outer loop
      vertex -16.2616 3.99144 34.5
      vertex -16 4 38
      vertex -16.2616 3.99144 38
    endloop
  endfacet
  facet normal 0.0327042 -0.999465 0
    outer loop
      vertex -16 4 38
      vertex -16.2616 3.99144 34.5
      vertex -16 4 34.5
    endloop
  endfacet
  facet normal -0.582607 0.812754 0
    outer loop
      vertex -13.565 -3.17341 34.5
      vertex -13.7777 -3.32588 38
      vertex -13.565 -3.17341 38
    endloop
  endfacet
  facet normal -0.582607 0.812754 0
    outer loop
      vertex -13.7777 -3.32588 38
      vertex -13.565 -3.17341 34.5
      vertex -13.7777 -3.32588 34.5
    endloop
  endfacet
  facet normal -0.97391 0.226936 0
    outer loop
      vertex -12.1363 -1.03528 34.5
      vertex -12.0769 -0.780361 38
      vertex -12.0769 -0.780361 34.5
    endloop
  endfacet
  facet normal -0.97391 0.226936 0
    outer loop
      vertex -12.0769 -0.780361 38
      vertex -12.1363 -1.03528 34.5
      vertex -12.1363 -1.03528 38
    endloop
  endfacet
  facet normal -0.412603 -0.910911 0
    outer loop
      vertex -14.4693 3.69552 34.5
      vertex -14.2308 3.58749 38
      vertex -14.4693 3.69552 38
    endloop
  endfacet
  facet normal -0.412603 -0.910911 -0
    outer loop
      vertex -14.2308 3.58749 38
      vertex -14.4693 3.69552 34.5
      vertex -14.2308 3.58749 34.5
    endloop
  endfacet
  facet normal -0.471471 -0.881882 0
    outer loop
      vertex -14.2308 3.58749 34.5
      vertex -14 3.4641 38
      vertex -14.2308 3.58749 38
    endloop
  endfacet
  facet normal -0.471471 -0.881882 -0
    outer loop
      vertex -14 3.4641 38
      vertex -14.2308 3.58749 34.5
      vertex -14 3.4641 34.5
    endloop
  endfacet
  facet normal 0.227097 0.973872 -0
    outer loop
      vertex -16.7804 -3.92314 34.5
      vertex -17.0353 -3.8637 38
      vertex -16.7804 -3.92314 38
    endloop
  endfacet
  facet normal 0.227097 0.973872 0
    outer loop
      vertex -17.0353 -3.8637 38
      vertex -16.7804 -3.92314 34.5
      vertex -17.0353 -3.8637 34.5
    endloop
  endfacet
  facet normal 0.0980285 -0.995184 0
    outer loop
      vertex -16.5221 3.96578 34.5
      vertex -16.2616 3.99144 38
      vertex -16.5221 3.96578 38
    endloop
  endfacet
  facet normal 0.0980285 -0.995184 0
    outer loop
      vertex -16.2616 3.99144 38
      vertex -16.5221 3.96578 34.5
      vertex -16.2616 3.99144 34.5
    endloop
  endfacet
  facet normal -0.162875 0.986647 0
    outer loop
      vertex -15.2196 -3.92314 34.5
      vertex -15.4779 -3.96578 38
      vertex -15.2196 -3.92314 38
    endloop
  endfacet
  facet normal -0.162875 0.986647 0
    outer loop
      vertex -15.4779 -3.96578 38
      vertex -15.2196 -3.92314 34.5
      vertex -15.4779 -3.96578 34.5
    endloop
  endfacet
  facet normal -0.881908 -0.471421 0
    outer loop
      vertex -12.4125 1.76915 34.5
      vertex -12.5359 2 38
      vertex -12.5359 2 34.5
    endloop
  endfacet
  facet normal -0.881908 -0.471421 0
    outer loop
      vertex -12.5359 2 38
      vertex -12.4125 1.76915 34.5
      vertex -12.4125 1.76915 38
    endloop
  endfacet
  facet normal 0 0 1
    outer loop
      vertex -13.85 0 34.5
      vertex -12 0 34.5
      vertex -12.0086 0.261612 34.5
    endloop
  endfacet
  facet normal 0 0 1
    outer loop
      vertex -13.8546 0.140616 34.5
      vertex -12.0086 0.261612 34.5
      vertex -12.0342 0.522104 34.5
    endloop
  endfacet
  facet normal 0 0 1
    outer loop
      vertex -12 0 34.5
      vertex -13.85 0 34.5
      vertex -12.0086 -0.261612 34.5
    endloop
  endfacet
  facet normal 0 0 1
    outer loop
      vertex -13.8684 0.280631 34.5
      vertex -12.0342 0.522104 34.5
      vertex -12.0769 0.780361 34.5
    endloop
  endfacet
  facet normal -0 0 1
    outer loop
      vertex -13.8546 -0.140616 34.5
      vertex -12.0086 -0.261612 34.5
      vertex -13.85 0 34.5
    endloop
  endfacet
  facet normal 0 0 1
    outer loop
      vertex -13.8913 0.419444 34.5
      vertex -12.0769 0.780361 34.5
      vertex -12.1363 1.03528 34.5
    endloop
  endfacet
  facet normal 0 0 1
    outer loop
      vertex -12.0086 -0.261612 34.5
      vertex -13.8546 -0.140616 34.5
      vertex -12.0342 -0.522104 34.5
    endloop
  endfacet
  facet normal 0 0 1
    outer loop
      vertex -13.9233 0.55646 34.5
      vertex -12.1363 1.03528 34.5
      vertex -12.2123 1.28576 34.5
    endloop
  endfacet
  facet normal -0 0 1
    outer loop
      vertex -13.8684 -0.280631 34.5
      vertex -12.0342 -0.522104 34.5
      vertex -13.8546 -0.140616 34.5
    endloop
  endfacet
  facet normal 0 0 1
    outer loop
      vertex -13.9641 0.691094 34.5
      vertex -12.2123 1.28576 34.5
      vertex -12.3045 1.53073 34.5
    endloop
  endfacet
  facet normal 0 0 1
    outer loop
      vertex -12.0342 -0.522104 34.5
      vertex -13.8684 -0.280631 34.5
      vertex -12.0769 -0.780361 34.5
    endloop
  endfacet
  facet normal 0 0 1
    outer loop
      vertex -14.0137 0.822769 34.5
      vertex -12.3045 1.53073 34.5
      vertex -12.4125 1.76915 34.5
    endloop
  endfacet
  facet normal -0 0 1
    outer loop
      vertex -13.8913 -0.419444 34.5
      vertex -12.0769 -0.780361 34.5
      vertex -13.8684 -0.280631 34.5
    endloop
  endfacet
  facet normal 0 0 1
    outer loop
      vertex -14.0717 0.95092 34.5
      vertex -12.4125 1.76915 34.5
      vertex -12.5359 2 34.5
    endloop
  endfacet
  facet normal 0 0 1
    outer loop
      vertex -12.0769 -0.780361 34.5
      vertex -13.8913 -0.419444 34.5
      vertex -12.1363 -1.03528 34.5
    endloop
  endfacet
  facet normal 0 0 1
    outer loop
      vertex -14.138 1.075 34.5
      vertex -12.5359 2 34.5
      vertex -12.6741 2.22228 34.5
    endloop
  endfacet
  facet normal -0 0 1
    outer loop
      vertex -13.9233 -0.55646 34.5
      vertex -12.1363 -1.03528 34.5
      vertex -13.8913 -0.419444 34.5
    endloop
  endfacet
  facet normal 0 0 1
    outer loop
      vertex -14.2123 1.19448 34.5
      vertex -12.6741 2.22228 34.5
      vertex -12.8266 2.43505 34.5
    endloop
  endfacet
  facet normal 0 0 1
    outer loop
      vertex -12.1363 -1.03528 34.5
      vertex -13.9233 -0.55646 34.5
      vertex -12.2123 -1.28576 34.5
    endloop
  endfacet
  facet normal 0 0 1
    outer loop
      vertex -14.2943 1.30884 34.5
      vertex -12.8266 2.43505 34.5
      vertex -12.9926 2.63738 34.5
    endloop
  endfacet
  facet normal -0 0 1
    outer loop
      vertex -13.9641 -0.691094 34.5
      vertex -12.2123 -1.28576 34.5
      vertex -13.9233 -0.55646 34.5
    endloop
  endfacet
  facet normal 0 0 1
    outer loop
      vertex -14.3835 1.41759 34.5
      vertex -12.9926 2.63738 34.5
      vertex -13.1716 2.82843 34.5
    endloop
  endfacet
  facet normal 0 0 1
    outer loop
      vertex -12.2123 -1.28576 34.5
      vertex -13.9641 -0.691094 34.5
      vertex -12.3045 -1.53073 34.5
    endloop
  endfacet
  facet normal 0 0 1
    outer loop
      vertex -14.4797 1.52028 34.5
      vertex -13.1716 2.82843 34.5
      vertex -13.3626 3.00736 34.5
    endloop
  endfacet
  facet normal -0 0 1
    outer loop
      vertex -14.0137 -0.822769 34.5
      vertex -12.3045 -1.53073 34.5
      vertex -13.9641 -0.691094 34.5
    endloop
  endfacet
  facet normal 0 0 1
    outer loop
      vertex -14.5824 1.61646 34.5
      vertex -13.3626 3.00736 34.5
      vertex -13.565 3.17341 34.5
    endloop
  endfacet
  facet normal 0 0 1
    outer loop
      vertex -12.3045 -1.53073 34.5
      vertex -14.0137 -0.822769 34.5
      vertex -12.4125 -1.76915 34.5
    endloop
  endfacet
  facet normal 0 0 1
    outer loop
      vertex -14.6912 1.70571 34.5
      vertex -13.565 3.17341 34.5
      vertex -13.7777 3.32588 34.5
    endloop
  endfacet
  facet normal -0 0 1
    outer loop
      vertex -14.0717 -0.95092 34.5
      vertex -12.4125 -1.76915 34.5
      vertex -14.0137 -0.822769 34.5
    endloop
  endfacet
  facet normal 0 0 1
    outer loop
      vertex -12.4125 -1.76915 34.5
      vertex -14.0717 -0.95092 34.5
      vertex -12.5359 -2 34.5
    endloop
  endfacet
  facet normal 0 0 1
    outer loop
      vertex -12.0086 0.261612 34.5
      vertex -13.8546 0.140616 34.5
      vertex -13.85 0 34.5
    endloop
  endfacet
  facet normal 0 0 1
    outer loop
      vertex -12.0342 0.522104 34.5
      vertex -13.8684 0.280631 34.5
      vertex -13.8546 0.140616 34.5
    endloop
  endfacet
  facet normal 0 0 1
    outer loop
      vertex -12.0769 0.780361 34.5
      vertex -13.8913 0.419444 34.5
      vertex -13.8684 0.280631 34.5
    endloop
  endfacet
  facet normal 0 0 1
    outer loop
      vertex -12.1363 1.03528 34.5
      vertex -13.9233 0.55646 34.5
      vertex -13.8913 0.419444 34.5
    endloop
  endfacet
  facet normal 0 0 1
    outer loop
      vertex -12.2123 1.28576 34.5
      vertex -13.9641 0.691094 34.5
      vertex -13.9233 0.55646 34.5
    endloop
  endfacet
  facet normal 0 0 1
    outer loop
      vertex -14.8055 1.78766 34.5
      vertex -13.7777 3.32588 34.5
      vertex -14 3.4641 34.5
    endloop
  endfacet
  facet normal 0 0 1
    outer loop
      vertex -12.3045 1.53073 34.5
      vertex -14.0137 0.822769 34.5
      vertex -13.9641 0.691094 34.5
    endloop
  endfacet
  facet normal 0 0 1
    outer loop
      vertex -12.4125 1.76915 34.5
      vertex -14.0717 0.95092 34.5
      vertex -14.0137 0.822769 34.5
    endloop
  endfacet
  facet normal 0 0 1
    outer loop
      vertex -12.5359 2 34.5
      vertex -14.138 1.075 34.5
      vertex -14.0717 0.95092 34.5
    endloop
  endfacet
  facet normal 0 0 1
    outer loop
      vertex -12.6741 2.22228 34.5
      vertex -14.2123 1.19448 34.5
      vertex -14.138 1.075 34.5
    endloop
  endfacet
  facet normal 0 0 1
    outer loop
      vertex -14.925 1.86195 34.5
      vertex -14 3.4641 34.5
      vertex -14.2308 3.58749 34.5
    endloop
  endfacet
  facet normal 0 0 1
    outer loop
      vertex -12.8266 2.43505 34.5
      vertex -14.2943 1.30884 34.5
      vertex -14.2123 1.19448 34.5
    endloop
  endfacet
  facet normal 0 0 1
    outer loop
      vertex -12.9926 2.63738 34.5
      vertex -14.3835 1.41759 34.5
      vertex -14.2943 1.30884 34.5
    endloop
  endfacet
  facet normal 0 0 1
    outer loop
      vertex -15.0491 1.92828 34.5
      vertex -14.2308 3.58749 34.5
      vertex -14.4693 3.69552 34.5
    endloop
  endfacet
  facet normal 0 0 1
    outer loop
      vertex -13.1716 2.82843 34.5
      vertex -14.4797 1.52028 34.5
      vertex -14.3835 1.41759 34.5
    endloop
  endfacet
  facet normal 0 0 1
    outer loop
      vertex -13.3626 3.00736 34.5
      vertex -14.5824 1.61646 34.5
      vertex -14.4797 1.52028 34.5
    endloop
  endfacet
  facet normal 0 0 1
    outer loop
      vertex -13.565 3.17341 34.5
      vertex -14.6912 1.70571 34.5
      vertex -14.5824 1.61646 34.5
    endloop
  endfacet
  facet normal 0 0 1
    outer loop
      vertex -15.1772 1.98634 34.5
      vertex -14.4693 3.69552 34.5
      vertex -14.7142 3.78772 34.5
    endloop
  endfacet
  facet normal 0 0 1
    outer loop
      vertex -13.7777 3.32588 34.5
      vertex -14.8055 1.78766 34.5
      vertex -14.6912 1.70571 34.5
    endloop
  endfacet
  facet normal 0 0 1
    outer loop
      vertex -14 3.4641 34.5
      vertex -14.925 1.86195 34.5
      vertex -14.8055 1.78766 34.5
    endloop
  endfacet
  facet normal 0 0 1
    outer loop
      vertex -15.3089 2.0359 34.5
      vertex -14.7142 3.78772 34.5
      vertex -14.9647 3.8637 34.5
    endloop
  endfacet
  facet normal 0 0 1
    outer loop
      vertex -14.2308 3.58749 34.5
      vertex -15.0491 1.92828 34.5
      vertex -14.925 1.86195 34.5
    endloop
  endfacet
  facet normal 0 0 1
    outer loop
      vertex -14.4693 3.69552 34.5
      vertex -15.1772 1.98634 34.5
      vertex -15.0491 1.92828 34.5
    endloop
  endfacet
  facet normal 0 0 1
    outer loop
      vertex -15.4435 2.07674 34.5
      vertex -14.9647 3.8637 34.5
      vertex -15.2196 3.92314 34.5
    endloop
  endfacet
  facet normal 0 0 1
    outer loop
      vertex -14.7142 3.78772 34.5
      vertex -15.3089 2.0359 34.5
      vertex -15.1772 1.98634 34.5
    endloop
  endfacet
  facet normal 0 0 1
    outer loop
      vertex -14.9647 3.8637 34.5
      vertex -15.4435 2.07674 34.5
      vertex -15.3089 2.0359 34.5
    endloop
  endfacet
  facet normal 0 0 1
    outer loop
      vertex -15.5806 2.10869 34.5
      vertex -15.2196 3.92314 34.5
      vertex -15.4779 3.96578 34.5
    endloop
  endfacet
  facet normal 0 0 1
    outer loop
      vertex -15.2196 3.92314 34.5
      vertex -15.5806 2.10869 34.5
      vertex -15.4435 2.07674 34.5
    endloop
  endfacet
  facet normal 0 0 1
    outer loop
      vertex -15.4779 3.96578 34.5
      vertex -15.7194 2.13161 34.5
      vertex -15.5806 2.10869 34.5
    endloop
  endfacet
  facet normal 0 0 1
    outer loop
      vertex -15.7384 3.99144 34.5
      vertex -15.7194 2.13161 34.5
      vertex -15.4779 3.96578 34.5
    endloop
  endfacet
  facet normal 0 0 1
    outer loop
      vertex -15.7384 3.99144 34.5
      vertex -15.8594 2.1454 34.5
      vertex -15.7194 2.13161 34.5
    endloop
  endfacet
  facet normal 0 0 1
    outer loop
      vertex -16 4 34.5
      vertex -15.8594 2.1454 34.5
      vertex -15.7384 3.99144 34.5
    endloop
  endfacet
  facet normal 0 0 1
    outer loop
      vertex -16 4 34.5
      vertex -16 2.15 34.5
      vertex -15.8594 2.1454 34.5
    endloop
  endfacet
  facet normal 0 0 1
    outer loop
      vertex -16 4 34.5
      vertex -16.1406 2.1454 34.5
      vertex -16 2.15 34.5
    endloop
  endfacet
  facet normal -0 0 1
    outer loop
      vertex -16.2616 3.99144 34.5
      vertex -16.1406 2.1454 34.5
      vertex -16 4 34.5
    endloop
  endfacet
  facet normal 0 0 1
    outer loop
      vertex -16.2616 3.99144 34.5
      vertex -16.2806 2.13161 34.5
      vertex -16.1406 2.1454 34.5
    endloop
  endfacet
  facet normal -0 0 1
    outer loop
      vertex -16.5221 3.96578 34.5
      vertex -16.2806 2.13161 34.5
      vertex -16.2616 3.99144 34.5
    endloop
  endfacet
  facet normal 0 0 1
    outer loop
      vertex -16.2806 2.13161 34.5
      vertex -16.5221 3.96578 34.5
      vertex -16.4194 2.10869 34.5
    endloop
  endfacet
  facet normal -0 0 1
    outer loop
      vertex -16.7804 3.92314 34.5
      vertex -16.4194 2.10869 34.5
      vertex -16.5221 3.96578 34.5
    endloop
  endfacet
  facet normal 0 0 1
    outer loop
      vertex -16.4194 2.10869 34.5
      vertex -16.7804 3.92314 34.5
      vertex -16.5565 2.07674 34.5
    endloop
  endfacet
  facet normal -0 0 1
    outer loop
      vertex -17.0353 3.8637 34.5
      vertex -16.5565 2.07674 34.5
      vertex -16.7804 3.92314 34.5
    endloop
  endfacet
  facet normal 0 0 1
    outer loop
      vertex -16.5565 2.07674 34.5
      vertex -17.0353 3.8637 34.5
      vertex -16.6911 2.0359 34.5
    endloop
  endfacet
  facet normal -0 0 1
    outer loop
      vertex -17.2858 3.78772 34.5
      vertex -16.6911 2.0359 34.5
      vertex -17.0353 3.8637 34.5
    endloop
  endfacet
  facet normal 0 0 1
    outer loop
      vertex -16.6911 2.0359 34.5
      vertex -17.2858 3.78772 34.5
      vertex -16.8228 1.98634 34.5
    endloop
  endfacet
  facet normal -0 0 1
    outer loop
      vertex -17.5307 3.69552 34.5
      vertex -16.8228 1.98634 34.5
      vertex -17.2858 3.78772 34.5
    endloop
  endfacet
  facet normal 0 0 1
    outer loop
      vertex -16.8228 1.98634 34.5
      vertex -17.5307 3.69552 34.5
      vertex -16.9509 1.92828 34.5
    endloop
  endfacet
  facet normal -0 0 1
    outer loop
      vertex -17.7692 3.58749 34.5
      vertex -16.9509 1.92828 34.5
      vertex -17.5307 3.69552 34.5
    endloop
  endfacet
  facet normal 0 0 1
    outer loop
      vertex -16.9509 1.92828 34.5
      vertex -17.7692 3.58749 34.5
      vertex -17.075 1.86195 34.5
    endloop
  endfacet
  facet normal -0 0 1
    outer loop
      vertex -18 3.4641 34.5
      vertex -17.075 1.86195 34.5
      vertex -17.7692 3.58749 34.5
    endloop
  endfacet
  facet normal 0 0 1
    outer loop
      vertex -17.075 1.86195 34.5
      vertex -18 3.4641 34.5
      vertex -17.1945 1.78766 34.5
    endloop
  endfacet
  facet normal -0 0 1
    outer loop
      vertex -18.2223 3.32588 34.5
      vertex -17.1945 1.78766 34.5
      vertex -18 3.4641 34.5
    endloop
  endfacet
  facet normal 0 0 1
    outer loop
      vertex -17.1945 1.78766 34.5
      vertex -18.2223 3.32588 34.5
      vertex -17.3088 1.70571 34.5
    endloop
  endfacet
  facet normal -0 0 1
    outer loop
      vertex -18.435 3.17341 34.5
      vertex -17.3088 1.70571 34.5
      vertex -18.2223 3.32588 34.5
    endloop
  endfacet
  facet normal 0 0 1
    outer loop
      vertex -17.3088 1.70571 34.5
      vertex -18.435 3.17341 34.5
      vertex -17.4176 1.61646 34.5
    endloop
  endfacet
  facet normal -0 0 1
    outer loop
      vertex -18.6374 3.00736 34.5
      vertex -17.4176 1.61646 34.5
      vertex -18.435 3.17341 34.5
    endloop
  endfacet
  facet normal 0 0 1
    outer loop
      vertex -17.4176 1.61646 34.5
      vertex -18.6374 3.00736 34.5
      vertex -17.5203 1.52028 34.5
    endloop
  endfacet
  facet normal -0 0 1
    outer loop
      vertex -18.8284 2.82843 34.5
      vertex -17.5203 1.52028 34.5
      vertex -18.6374 3.00736 34.5
    endloop
  endfacet
  facet normal 0 0 1
    outer loop
      vertex -17.5203 1.52028 34.5
      vertex -18.8284 2.82843 34.5
      vertex -17.6165 1.41759 34.5
    endloop
  endfacet
  facet normal -0 0 1
    outer loop
      vertex -19.0074 2.63738 34.5
      vertex -17.6165 1.41759 34.5
      vertex -18.8284 2.82843 34.5
    endloop
  endfacet
  facet normal 0 0 1
    outer loop
      vertex -17.6165 1.41759 34.5
      vertex -19.0074 2.63738 34.5
      vertex -17.7057 1.30884 34.5
    endloop
  endfacet
  facet normal -0 0 1
    outer loop
      vertex -19.1734 2.43505 34.5
      vertex -17.7057 1.30884 34.5
      vertex -19.0074 2.63738 34.5
    endloop
  endfacet
  facet normal 0 0 1
    outer loop
      vertex -17.7057 1.30884 34.5
      vertex -19.1734 2.43505 34.5
      vertex -17.7877 1.19448 34.5
    endloop
  endfacet
  facet normal -0 0 1
    outer loop
      vertex -19.3259 2.22228 34.5
      vertex -17.7877 1.19448 34.5
      vertex -19.1734 2.43505 34.5
    endloop
  endfacet
  facet normal 0 0 1
    outer loop
      vertex -17.7877 1.19448 34.5
      vertex -19.3259 2.22228 34.5
      vertex -17.862 1.075 34.5
    endloop
  endfacet
  facet normal 0 0 1
    outer loop
      vertex -17.862 1.075 34.5
      vertex -19.4641 2 34.5
      vertex -17.9283 0.95092 34.5
    endloop
  endfacet
  facet normal -0 0 1
    outer loop
      vertex -19.4641 2 34.5
      vertex -17.862 1.075 34.5
      vertex -19.3259 2.22228 34.5
    endloop
  endfacet
  facet normal -0 0 1
    outer loop
      vertex -14.138 -1.075 34.5
      vertex -12.5359 -2 34.5
      vertex -14.0717 -0.95092 34.5
    endloop
  endfacet
  facet normal 0 0 1
    outer loop
      vertex -12.5359 -2 34.5
      vertex -14.138 -1.075 34.5
      vertex -12.6741 -2.22228 34.5
    endloop
  endfacet
  facet normal -0 0 1
    outer loop
      vertex -14.2123 -1.19448 34.5
      vertex -12.6741 -2.22228 34.5
      vertex -14.138 -1.075 34.5
    endloop
  endfacet
  facet normal 0 0 1
    outer loop
      vertex -12.6741 -2.22228 34.5
      vertex -14.2123 -1.19448 34.5
      vertex -12.8266 -2.43505 34.5
    endloop
  endfacet
  facet normal -0 0 1
    outer loop
      vertex -14.2943 -1.30884 34.5
      vertex -12.8266 -2.43505 34.5
      vertex -14.2123 -1.19448 34.5
    endloop
  endfacet
  facet normal 0 0 1
    outer loop
      vertex -12.8266 -2.43505 34.5
      vertex -14.2943 -1.30884 34.5
      vertex -12.9926 -2.63738 34.5
    endloop
  endfacet
  facet normal -0 0 1
    outer loop
      vertex -14.3835 -1.41759 34.5
      vertex -12.9926 -2.63738 34.5
      vertex -14.2943 -1.30884 34.5
    endloop
  endfacet
  facet normal 0 0 1
    outer loop
      vertex -12.9926 -2.63738 34.5
      vertex -14.3835 -1.41759 34.5
      vertex -13.1716 -2.82843 34.5
    endloop
  endfacet
  facet normal -0 0 1
    outer loop
      vertex -14.4797 -1.52028 34.5
      vertex -13.1716 -2.82843 34.5
      vertex -14.3835 -1.41759 34.5
    endloop
  endfacet
  facet normal 0 0 1
    outer loop
      vertex -13.1716 -2.82843 34.5
      vertex -14.4797 -1.52028 34.5
      vertex -13.3626 -3.00736 34.5
    endloop
  endfacet
  facet normal -0 0 1
    outer loop
      vertex -14.5824 -1.61646 34.5
      vertex -13.3626 -3.00736 34.5
      vertex -14.4797 -1.52028 34.5
    endloop
  endfacet
  facet normal 0 0 1
    outer loop
      vertex -13.3626 -3.00736 34.5
      vertex -14.5824 -1.61646 34.5
      vertex -13.565 -3.17341 34.5
    endloop
  endfacet
  facet normal -0 0 1
    outer loop
      vertex -14.6912 -1.70571 34.5
      vertex -13.565 -3.17341 34.5
      vertex -14.5824 -1.61646 34.5
    endloop
  endfacet
  facet normal 0 0 1
    outer loop
      vertex -13.565 -3.17341 34.5
      vertex -14.6912 -1.70571 34.5
      vertex -13.7777 -3.32588 34.5
    endloop
  endfacet
  facet normal -0 0 1
    outer loop
      vertex -14.8055 -1.78766 34.5
      vertex -13.7777 -3.32588 34.5
      vertex -14.6912 -1.70571 34.5
    endloop
  endfacet
  facet normal 0 0 1
    outer loop
      vertex -13.7777 -3.32588 34.5
      vertex -14.8055 -1.78766 34.5
      vertex -14 -3.4641 34.5
    endloop
  endfacet
  facet normal -0 0 1
    outer loop
      vertex -14.925 -1.86195 34.5
      vertex -14 -3.4641 34.5
      vertex -14.8055 -1.78766 34.5
    endloop
  endfacet
  facet normal 0 0 1
    outer loop
      vertex -14 -3.4641 34.5
      vertex -14.925 -1.86195 34.5
      vertex -14.2308 -3.58749 34.5
    endloop
  endfacet
  facet normal -0 0 1
    outer loop
      vertex -15.0491 -1.92828 34.5
      vertex -14.2308 -3.58749 34.5
      vertex -14.925 -1.86195 34.5
    endloop
  endfacet
  facet normal 0 0 1
    outer loop
      vertex -14.2308 -3.58749 34.5
      vertex -15.0491 -1.92828 34.5
      vertex -14.4693 -3.69552 34.5
    endloop
  endfacet
  facet normal -0 0 1
    outer loop
      vertex -15.1772 -1.98634 34.5
      vertex -14.4693 -3.69552 34.5
      vertex -15.0491 -1.92828 34.5
    endloop
  endfacet
  facet normal 0 0 1
    outer loop
      vertex -14.4693 -3.69552 34.5
      vertex -15.1772 -1.98634 34.5
      vertex -14.7142 -3.78772 34.5
    endloop
  endfacet
  facet normal -0 0 1
    outer loop
      vertex -15.3089 -2.0359 34.5
      vertex -14.7142 -3.78772 34.5
      vertex -15.1772 -1.98634 34.5
    endloop
  endfacet
  facet normal 0 0 1
    outer loop
      vertex -14.7142 -3.78772 34.5
      vertex -15.3089 -2.0359 34.5
      vertex -14.9647 -3.8637 34.5
    endloop
  endfacet
  facet normal -0 0 1
    outer loop
      vertex -15.4435 -2.07674 34.5
      vertex -14.9647 -3.8637 34.5
      vertex -15.3089 -2.0359 34.5
    endloop
  endfacet
  facet normal 0 0 1
    outer loop
      vertex -14.9647 -3.8637 34.5
      vertex -15.4435 -2.07674 34.5
      vertex -15.2196 -3.92314 34.5
    endloop
  endfacet
  facet normal -0 0 1
    outer loop
      vertex -15.5806 -2.10869 34.5
      vertex -15.2196 -3.92314 34.5
      vertex -15.4435 -2.07674 34.5
    endloop
  endfacet
  facet normal 0 0 1
    outer loop
      vertex -15.2196 -3.92314 34.5
      vertex -15.5806 -2.10869 34.5
      vertex -15.4779 -3.96578 34.5
    endloop
  endfacet
  facet normal -0 0 1
    outer loop
      vertex -15.7194 -2.13161 34.5
      vertex -15.4779 -3.96578 34.5
      vertex -15.5806 -2.10869 34.5
    endloop
  endfacet
  facet normal 0 0 1
    outer loop
      vertex -15.7194 -2.13161 34.5
      vertex -15.7384 -3.99144 34.5
      vertex -15.4779 -3.96578 34.5
    endloop
  endfacet
  facet normal -0 0 1
    outer loop
      vertex -15.8594 -2.1454 34.5
      vertex -15.7384 -3.99144 34.5
      vertex -15.7194 -2.13161 34.5
    endloop
  endfacet
  facet normal -0 0 1
    outer loop
      vertex -16 -2.15 34.5
      vertex -15.7384 -3.99144 34.5
      vertex -15.8594 -2.1454 34.5
    endloop
  endfacet
  facet normal 0 0 1
    outer loop
      vertex -16 -2.15 34.5
      vertex -16 -4 34.5
      vertex -15.7384 -3.99144 34.5
    endloop
  endfacet
  facet normal 0 0 1
    outer loop
      vertex -16.1406 -2.1454 34.5
      vertex -16 -4 34.5
      vertex -16 -2.15 34.5
    endloop
  endfacet
  facet normal 0 0 1
    outer loop
      vertex -16.1406 -2.1454 34.5
      vertex -16.2616 -3.99144 34.5
      vertex -16 -4 34.5
    endloop
  endfacet
  facet normal 0 0 1
    outer loop
      vertex -16.2806 -2.13161 34.5
      vertex -16.2616 -3.99144 34.5
      vertex -16.1406 -2.1454 34.5
    endloop
  endfacet
  facet normal 0 0 1
    outer loop
      vertex -16.5221 -3.96578 34.5
      vertex -16.2806 -2.13161 34.5
      vertex -16.4194 -2.10869 34.5
    endloop
  endfacet
  facet normal 0 0 1
    outer loop
      vertex -16.2806 -2.13161 34.5
      vertex -16.5221 -3.96578 34.5
      vertex -16.2616 -3.99144 34.5
    endloop
  endfacet
  facet normal 0 0 1
    outer loop
      vertex -16.7804 -3.92314 34.5
      vertex -16.4194 -2.10869 34.5
      vertex -16.5565 -2.07674 34.5
    endloop
  endfacet
  facet normal 0 0 1
    outer loop
      vertex -17.0353 -3.8637 34.5
      vertex -16.5565 -2.07674 34.5
      vertex -16.6911 -2.0359 34.5
    endloop
  endfacet
  facet normal 0 0 1
    outer loop
      vertex -16.4194 -2.10869 34.5
      vertex -16.7804 -3.92314 34.5
      vertex -16.5221 -3.96578 34.5
    endloop
  endfacet
  facet normal 0 0 1
    outer loop
      vertex -17.2858 -3.78772 34.5
      vertex -16.6911 -2.0359 34.5
      vertex -16.8228 -1.98634 34.5
    endloop
  endfacet
  facet normal 0 0 1
    outer loop
      vertex -17.5307 -3.69552 34.5
      vertex -16.8228 -1.98634 34.5
      vertex -16.9509 -1.92828 34.5
    endloop
  endfacet
  facet normal 0 0 1
    outer loop
      vertex -16.5565 -2.07674 34.5
      vertex -17.0353 -3.8637 34.5
      vertex -16.7804 -3.92314 34.5
    endloop
  endfacet
  facet normal 0 0 1
    outer loop
      vertex -17.7692 -3.58749 34.5
      vertex -16.9509 -1.92828 34.5
      vertex -17.075 -1.86195 34.5
    endloop
  endfacet
  facet normal 0 0 1
    outer loop
      vertex -18 -3.4641 34.5
      vertex -17.075 -1.86195 34.5
      vertex -17.1945 -1.78766 34.5
    endloop
  endfacet
  facet normal 0 0 1
    outer loop
      vertex -16.6911 -2.0359 34.5
      vertex -17.2858 -3.78772 34.5
      vertex -17.0353 -3.8637 34.5
    endloop
  endfacet
  facet normal 0 0 1
    outer loop
      vertex -18.2223 -3.32588 34.5
      vertex -17.1945 -1.78766 34.5
      vertex -17.3088 -1.70571 34.5
    endloop
  endfacet
  facet normal 0 0 1
    outer loop
      vertex -18.435 -3.17341 34.5
      vertex -17.3088 -1.70571 34.5
      vertex -17.4176 -1.61646 34.5
    endloop
  endfacet
  facet normal 0 0 1
    outer loop
      vertex -18.6374 -3.00736 34.5
      vertex -17.4176 -1.61646 34.5
      vertex -17.5203 -1.52028 34.5
    endloop
  endfacet
  facet normal 0 0 1
    outer loop
      vertex -16.8228 -1.98634 34.5
      vertex -17.5307 -3.69552 34.5
      vertex -17.2858 -3.78772 34.5
    endloop
  endfacet
  facet normal 0 0 1
    outer loop
      vertex -18.8284 -2.82843 34.5
      vertex -17.5203 -1.52028 34.5
      vertex -17.6165 -1.41759 34.5
    endloop
  endfacet
  facet normal 0 0 1
    outer loop
      vertex -19.0074 -2.63738 34.5
      vertex -17.6165 -1.41759 34.5
      vertex -17.7057 -1.30884 34.5
    endloop
  endfacet
  facet normal 0 0 1
    outer loop
      vertex -16.9509 -1.92828 34.5
      vertex -17.7692 -3.58749 34.5
      vertex -17.5307 -3.69552 34.5
    endloop
  endfacet
  facet normal 0 0 1
    outer loop
      vertex -19.1734 -2.43505 34.5
      vertex -17.7057 -1.30884 34.5
      vertex -17.7877 -1.19448 34.5
    endloop
  endfacet
  facet normal 0 0 1
    outer loop
      vertex -19.3259 -2.22228 34.5
      vertex -17.7877 -1.19448 34.5
      vertex -17.862 -1.075 34.5
    endloop
  endfacet
  facet normal 0 0 1
    outer loop
      vertex -19.4641 -2 34.5
      vertex -17.862 -1.075 34.5
      vertex -17.9283 -0.95092 34.5
    endloop
  endfacet
  facet normal 0 0 1
    outer loop
      vertex -19.5875 -1.76915 34.5
      vertex -17.9283 -0.95092 34.5
      vertex -17.9863 -0.822769 34.5
    endloop
  endfacet
  facet normal 0 0 1
    outer loop
      vertex -17.075 -1.86195 34.5
      vertex -18 -3.4641 34.5
      vertex -17.7692 -3.58749 34.5
    endloop
  endfacet
  facet normal 0 0 1
    outer loop
      vertex -19.6955 -1.53073 34.5
      vertex -17.9863 -0.822769 34.5
      vertex -18.0359 -0.691094 34.5
    endloop
  endfacet
  facet normal 0 0 1
    outer loop
      vertex -19.7877 -1.28576 34.5
      vertex -18.0359 -0.691094 34.5
      vertex -18.0767 -0.55646 34.5
    endloop
  endfacet
  facet normal 0 0 1
    outer loop
      vertex -19.8637 -1.03528 34.5
      vertex -18.0767 -0.55646 34.5
      vertex -18.1087 -0.419444 34.5
    endloop
  endfacet
  facet normal 0 0 1
    outer loop
      vertex -19.9231 -0.780361 34.5
      vertex -18.1087 -0.419444 34.5
      vertex -18.1316 -0.280631 34.5
    endloop
  endfacet
  facet normal 0 0 1
    outer loop
      vertex -19.9658 -0.522104 34.5
      vertex -18.1316 -0.280631 34.5
      vertex -18.1454 -0.140616 34.5
    endloop
  endfacet
  facet normal 0 0 1
    outer loop
      vertex -17.1945 -1.78766 34.5
      vertex -18.2223 -3.32588 34.5
      vertex -18 -3.4641 34.5
    endloop
  endfacet
  facet normal 0 0 1
    outer loop
      vertex -19.9914 -0.261612 34.5
      vertex -18.1454 -0.140616 34.5
      vertex -18.15 0 34.5
    endloop
  endfacet
  facet normal -0 0 1
    outer loop
      vertex -19.5875 1.76915 34.5
      vertex -17.9283 0.95092 34.5
      vertex -19.4641 2 34.5
    endloop
  endfacet
  facet normal 0 0 1
    outer loop
      vertex -17.9283 0.95092 34.5
      vertex -19.5875 1.76915 34.5
      vertex -17.9863 0.822769 34.5
    endloop
  endfacet
  facet normal 0 0 1
    outer loop
      vertex -17.3088 -1.70571 34.5
      vertex -18.435 -3.17341 34.5
      vertex -18.2223 -3.32588 34.5
    endloop
  endfacet
  facet normal -0 0 1
    outer loop
      vertex -19.6955 1.53073 34.5
      vertex -17.9863 0.822769 34.5
      vertex -19.5875 1.76915 34.5
    endloop
  endfacet
  facet normal 0 0 1
    outer loop
      vertex -17.4176 -1.61646 34.5
      vertex -18.6374 -3.00736 34.5
      vertex -18.435 -3.17341 34.5
    endloop
  endfacet
  facet normal 0 0 1
    outer loop
      vertex -17.9863 0.822769 34.5
      vertex -19.6955 1.53073 34.5
      vertex -18.0359 0.691094 34.5
    endloop
  endfacet
  facet normal 0 0 1
    outer loop
      vertex -17.5203 -1.52028 34.5
      vertex -18.8284 -2.82843 34.5
      vertex -18.6374 -3.00736 34.5
    endloop
  endfacet
  facet normal -0 0 1
    outer loop
      vertex -19.7877 1.28576 34.5
      vertex -18.0359 0.691094 34.5
      vertex -19.6955 1.53073 34.5
    endloop
  endfacet
  facet normal 0 0 1
    outer loop
      vertex -17.6165 -1.41759 34.5
      vertex -19.0074 -2.63738 34.5
      vertex -18.8284 -2.82843 34.5
    endloop
  endfacet
  facet normal 0 0 1
    outer loop
      vertex -18.0359 0.691094 34.5
      vertex -19.7877 1.28576 34.5
      vertex -18.0767 0.55646 34.5
    endloop
  endfacet
  facet normal 0 0 1
    outer loop
      vertex -17.7057 -1.30884 34.5
      vertex -19.1734 -2.43505 34.5
      vertex -19.0074 -2.63738 34.5
    endloop
  endfacet
  facet normal -0 0 1
    outer loop
      vertex -19.8637 1.03528 34.5
      vertex -18.0767 0.55646 34.5
      vertex -19.7877 1.28576 34.5
    endloop
  endfacet
  facet normal 0 0 1
    outer loop
      vertex -17.7877 -1.19448 34.5
      vertex -19.3259 -2.22228 34.5
      vertex -19.1734 -2.43505 34.5
    endloop
  endfacet
  facet normal 0 0 1
    outer loop
      vertex -18.0767 0.55646 34.5
      vertex -19.8637 1.03528 34.5
      vertex -18.1087 0.419444 34.5
    endloop
  endfacet
  facet normal 0 0 1
    outer loop
      vertex -17.862 -1.075 34.5
      vertex -19.4641 -2 34.5
      vertex -19.3259 -2.22228 34.5
    endloop
  endfacet
  facet normal -0 0 1
    outer loop
      vertex -19.9231 0.780361 34.5
      vertex -18.1087 0.419444 34.5
      vertex -19.8637 1.03528 34.5
    endloop
  endfacet
  facet normal 0 0 1
    outer loop
      vertex -17.9283 -0.95092 34.5
      vertex -19.5875 -1.76915 34.5
      vertex -19.4641 -2 34.5
    endloop
  endfacet
  facet normal 0 0 1
    outer loop
      vertex -18.1087 0.419444 34.5
      vertex -19.9231 0.780361 34.5
      vertex -18.1316 0.280631 34.5
    endloop
  endfacet
  facet normal 0 0 1
    outer loop
      vertex -17.9863 -0.822769 34.5
      vertex -19.6955 -1.53073 34.5
      vertex -19.5875 -1.76915 34.5
    endloop
  endfacet
  facet normal -0 0 1
    outer loop
      vertex -19.9658 0.522104 34.5
      vertex -18.1316 0.280631 34.5
      vertex -19.9231 0.780361 34.5
    endloop
  endfacet
  facet normal 0 0 1
    outer loop
      vertex -18.0359 -0.691094 34.5
      vertex -19.7877 -1.28576 34.5
      vertex -19.6955 -1.53073 34.5
    endloop
  endfacet
  facet normal 0 0 1
    outer loop
      vertex -18.1316 0.280631 34.5
      vertex -19.9658 0.522104 34.5
      vertex -18.1454 0.140616 34.5
    endloop
  endfacet
  facet normal 0 0 1
    outer loop
      vertex -18.0767 -0.55646 34.5
      vertex -19.8637 -1.03528 34.5
      vertex -19.7877 -1.28576 34.5
    endloop
  endfacet
  facet normal -0 0 1
    outer loop
      vertex -19.9914 0.261612 34.5
      vertex -18.1454 0.140616 34.5
      vertex -19.9658 0.522104 34.5
    endloop
  endfacet
  facet normal 0 0 1
    outer loop
      vertex -18.1087 -0.419444 34.5
      vertex -19.9231 -0.780361 34.5
      vertex -19.8637 -1.03528 34.5
    endloop
  endfacet
  facet normal 0 0 1
    outer loop
      vertex -18.1454 0.140616 34.5
      vertex -19.9914 0.261612 34.5
      vertex -18.15 0 34.5
    endloop
  endfacet
  facet normal 0 0 1
    outer loop
      vertex -18.1316 -0.280631 34.5
      vertex -19.9658 -0.522104 34.5
      vertex -19.9231 -0.780361 34.5
    endloop
  endfacet
  facet normal 0 0 1
    outer loop
      vertex -20 0 34.5
      vertex -18.15 0 34.5
      vertex -19.9914 0.261612 34.5
    endloop
  endfacet
  facet normal 0 0 1
    outer loop
      vertex -18.1454 -0.140616 34.5
      vertex -19.9914 -0.261612 34.5
      vertex -19.9658 -0.522104 34.5
    endloop
  endfacet
  facet normal 0 0 1
    outer loop
      vertex -18.15 0 34.5
      vertex -20 0 34.5
      vertex -19.9914 -0.261612 34.5
    endloop
  endfacet
  facet normal -0.849241 -0.528006 0
    outer loop
      vertex -12.5359 2 34.5
      vertex -12.6741 2.22228 38
      vertex -12.6741 2.22228 34.5
    endloop
  endfacet
  facet normal -0.849241 -0.528006 0
    outer loop
      vertex -12.6741 2.22228 38
      vertex -12.5359 2 34.5
      vertex -12.5359 2 38
    endloop
  endfacet
  facet normal -0.634267 -0.773114 0
    outer loop
      vertex -13.565 3.17341 34.5
      vertex -13.3626 3.00736 38
      vertex -13.565 3.17341 38
    endloop
  endfacet
  facet normal -0.634267 -0.773114 -0
    outer loop
      vertex -13.3626 3.00736 38
      vertex -13.565 3.17341 34.5
      vertex -13.3626 3.00736 34.5
    endloop
  endfacet
  facet normal 0.352338 -0.935873 0
    outer loop
      vertex -17.5307 3.69552 34.5
      vertex -17.2858 3.78772 38
      vertex -17.5307 3.69552 38
    endloop
  endfacet
  facet normal 0.352338 -0.935873 0
    outer loop
      vertex -17.2858 3.78772 38
      vertex -17.5307 3.69552 34.5
      vertex -17.2858 3.78772 34.5
    endloop
  endfacet
  facet normal -0.227097 -0.973872 0
    outer loop
      vertex -15.2196 3.92314 34.5
      vertex -14.9647 3.8637 38
      vertex -15.2196 3.92314 38
    endloop
  endfacet
  facet normal -0.227097 -0.973872 -0
    outer loop
      vertex -14.9647 3.8637 38
      vertex -15.2196 3.92314 34.5
      vertex -14.9647 3.8637 34.5
    endloop
  endfacet
  facet normal -0.81279 0.582556 0
    outer loop
      vertex -12.8266 -2.43505 34.5
      vertex -12.6741 -2.22228 38
      vertex -12.6741 -2.22228 34.5
    endloop
  endfacet
  facet normal -0.81279 0.582556 0
    outer loop
      vertex -12.6741 -2.22228 38
      vertex -12.8266 -2.43505 34.5
      vertex -12.8266 -2.43505 38
    endloop
  endfacet
  facet normal 0.910902 -0.412622 0
    outer loop
      vertex -19.6955 1.53073 38
      vertex -19.5875 1.76915 34.5
      vertex -19.5875 1.76915 38
    endloop
  endfacet
  facet normal 0.910902 -0.412622 0
    outer loop
      vertex -19.5875 1.76915 34.5
      vertex -19.6955 1.53073 38
      vertex -19.6955 1.53073 34.5
    endloop
  endfacet
  facet normal -0.162875 -0.986647 0
    outer loop
      vertex -15.4779 3.96578 34.5
      vertex -15.2196 3.92314 38
      vertex -15.4779 3.96578 38
    endloop
  endfacet
  facet normal -0.162875 -0.986647 -0
    outer loop
      vertex -15.2196 3.92314 38
      vertex -15.4779 3.96578 34.5
      vertex -15.2196 3.92314 34.5
    endloop
  endfacet
  facet normal -0.352338 -0.935873 0
    outer loop
      vertex -14.7142 3.78772 34.5
      vertex -14.4693 3.69552 38
      vertex -14.7142 3.78772 38
    endloop
  endfacet
  facet normal -0.352338 -0.935873 -0
    outer loop
      vertex -14.4693 3.69552 38
      vertex -14.7142 3.78772 34.5
      vertex -14.4693 3.69552 34.5
    endloop
  endfacet
  facet normal -0.0980285 -0.995184 0
    outer loop
      vertex -15.7384 3.99144 34.5
      vertex -15.4779 3.96578 38
      vertex -15.7384 3.99144 38
    endloop
  endfacet
  facet normal -0.0980285 -0.995184 -0
    outer loop
      vertex -15.4779 3.96578 38
      vertex -15.7384 3.99144 34.5
      vertex -15.4779 3.96578 34.5
    endloop
  endfacet
  facet normal -0.729746 -0.683719 0
    outer loop
      vertex -12.9926 2.63738 34.5
      vertex -13.1716 2.82843 38
      vertex -13.1716 2.82843 34.5
    endloop
  endfacet
  facet normal -0.729746 -0.683719 0
    outer loop
      vertex -13.1716 2.82843 38
      vertex -12.9926 2.63738 34.5
      vertex -12.9926 2.63738 38
    endloop
  endfacet
  facet normal -0.910902 0.412622 0
    outer loop
      vertex -12.4125 -1.76915 34.5
      vertex -12.3045 -1.53073 38
      vertex -12.3045 -1.53073 34.5
    endloop
  endfacet
  facet normal -0.910902 0.412622 0
    outer loop
      vertex -12.3045 -1.53073 38
      vertex -12.4125 -1.76915 34.5
      vertex -12.4125 -1.76915 38
    endloop
  endfacet
  facet normal 0.683672 -0.72979 0
    outer loop
      vertex -18.8284 2.82843 34.5
      vertex -18.6374 3.00736 38
      vertex -18.8284 2.82843 38
    endloop
  endfacet
  facet normal 0.683672 -0.72979 0
    outer loop
      vertex -18.6374 3.00736 38
      vertex -18.8284 2.82843 34.5
      vertex -18.6374 3.00736 34.5
    endloop
  endfacet
  facet normal 0.582607 -0.812754 0
    outer loop
      vertex -18.435 3.17341 34.5
      vertex -18.2223 3.32588 38
      vertex -18.435 3.17341 38
    endloop
  endfacet
  facet normal 0.582607 -0.812754 0
    outer loop
      vertex -18.2223 3.32588 38
      vertex -18.435 3.17341 34.5
      vertex -18.2223 3.32588 34.5
    endloop
  endfacet
  facet normal 0.471471 0.881882 -0
    outer loop
      vertex -17.7692 -3.58749 34.5
      vertex -18 -3.4641 38
      vertex -17.7692 -3.58749 38
    endloop
  endfacet
  facet normal 0.471471 0.881882 0
    outer loop
      vertex -18 -3.4641 38
      vertex -17.7692 -3.58749 34.5
      vertex -18 -3.4641 34.5
    endloop
  endfacet
  facet normal 0.0980285 0.995184 -0
    outer loop
      vertex -16.2616 -3.99144 34.5
      vertex -16.5221 -3.96578 38
      vertex -16.2616 -3.99144 38
    endloop
  endfacet
  facet normal 0.0980285 0.995184 0
    outer loop
      vertex -16.5221 -3.96578 38
      vertex -16.2616 -3.99144 34.5
      vertex -16.5221 -3.96578 34.5
    endloop
  endfacet
  facet normal -0.986605 0.163125 0
    outer loop
      vertex -12.0769 -0.780361 34.5
      vertex -12.0342 -0.522104 38
      vertex -12.0342 -0.522104 34.5
    endloop
  endfacet
  facet normal -0.986605 0.163125 0
    outer loop
      vertex -12.0342 -0.522104 38
      vertex -12.0769 -0.780361 34.5
      vertex -12.0769 -0.780361 38
    endloop
  endfacet
  facet normal -0.0327042 -0.999465 0
    outer loop
      vertex -16 4 34.5
      vertex -15.7384 3.99144 38
      vertex -16 4 38
    endloop
  endfacet
  facet normal -0.0327042 -0.999465 -0
    outer loop
      vertex -15.7384 3.99144 38
      vertex -16 4 34.5
      vertex -15.7384 3.99144 34.5
    endloop
  endfacet
  facet normal -0.528026 0.849228 0
    outer loop
      vertex -13.7777 -3.32588 34.5
      vertex -14 -3.4641 38
      vertex -13.7777 -3.32588 38
    endloop
  endfacet
  facet normal -0.528026 0.849228 0
    outer loop
      vertex -14 -3.4641 38
      vertex -13.7777 -3.32588 34.5
      vertex -14 -3.4641 34.5
    endloop
  endfacet
  facet normal -0.99946 -0.0328554 0
    outer loop
      vertex -12 0 34.5
      vertex -12.0086 0.261612 38
      vertex -12.0086 0.261612 34.5
    endloop
  endfacet
  facet normal -0.99946 -0.0328554 0
    outer loop
      vertex -12.0086 0.261612 38
      vertex -12 0 34.5
      vertex -12 0 38
    endloop
  endfacet
  facet normal -0.582607 -0.812754 0
    outer loop
      vertex -13.7777 3.32588 34.5
      vertex -13.565 3.17341 38
      vertex -13.7777 3.32588 38
    endloop
  endfacet
  facet normal -0.582607 -0.812754 -0
    outer loop
      vertex -13.565 3.17341 38
      vertex -13.7777 3.32588 34.5
      vertex -13.565 3.17341 34.5
    endloop
  endfacet
  facet normal -0.99946 0.0328554 0
    outer loop
      vertex -12.0086 -0.261612 34.5
      vertex -12 0 38
      vertex -12 0 34.5
    endloop
  endfacet
  facet normal -0.99946 0.0328554 0
    outer loop
      vertex -12 0 38
      vertex -12.0086 -0.261612 34.5
      vertex -12.0086 -0.261612 38
    endloop
  endfacet
  facet normal -0.881908 0.471421 0
    outer loop
      vertex -12.5359 -2 34.5
      vertex -12.4125 -1.76915 38
      vertex -12.4125 -1.76915 34.5
    endloop
  endfacet
  facet normal -0.881908 0.471421 0
    outer loop
      vertex -12.4125 -1.76915 38
      vertex -12.5359 -2 34.5
      vertex -12.5359 -2 38
    endloop
  endfacet
  facet normal -0.849241 0.528006 0
    outer loop
      vertex -12.6741 -2.22228 34.5
      vertex -12.5359 -2 38
      vertex -12.5359 -2 34.5
    endloop
  endfacet
  facet normal -0.849241 0.528006 0
    outer loop
      vertex -12.5359 -2 38
      vertex -12.6741 -2.22228 34.5
      vertex -12.6741 -2.22228 38
    endloop
  endfacet
  facet normal 0.0327042 0.999465 -0
    outer loop
      vertex -16 -4 34.5
      vertex -16.2616 -3.99144 38
      vertex -16 -4 38
    endloop
  endfacet
  facet normal 0.0327042 0.999465 0
    outer loop
      vertex -16.2616 -3.99144 38
      vertex -16 -4 34.5
      vertex -16.2616 -3.99144 34.5
    endloop
  endfacet
  facet normal 0.7731 0.634284 0
    outer loop
      vertex -19.0074 -2.63738 38
      vertex -19.1734 -2.43505 34.5
      vertex -19.1734 -2.43505 38
    endloop
  endfacet
  facet normal 0.7731 0.634284 0
    outer loop
      vertex -19.1734 -2.43505 34.5
      vertex -19.0074 -2.63738 38
      vertex -19.0074 -2.63738 34.5
    endloop
  endfacet
  facet normal -0.935906 -0.352249 0
    outer loop
      vertex -12.2123 1.28576 34.5
      vertex -12.3045 1.53073 38
      vertex -12.3045 1.53073 34.5
    endloop
  endfacet
  facet normal -0.935906 -0.352249 0
    outer loop
      vertex -12.3045 1.53073 38
      vertex -12.2123 1.28576 34.5
      vertex -12.2123 1.28576 38
    endloop
  endfacet
  facet normal -0.352338 0.935873 0
    outer loop
      vertex -14.4693 -3.69552 34.5
      vertex -14.7142 -3.78772 38
      vertex -14.4693 -3.69552 38
    endloop
  endfacet
  facet normal -0.352338 0.935873 0
    outer loop
      vertex -14.7142 -3.78772 38
      vertex -14.4693 -3.69552 34.5
      vertex -14.7142 -3.78772 34.5
    endloop
  endfacet
  facet normal -0.935906 0.352249 0
    outer loop
      vertex -12.3045 -1.53073 34.5
      vertex -12.2123 -1.28576 38
      vertex -12.2123 -1.28576 34.5
    endloop
  endfacet
  facet normal -0.935906 0.352249 0
    outer loop
      vertex -12.2123 -1.28576 38
      vertex -12.3045 -1.53073 34.5
      vertex -12.3045 -1.53073 38
    endloop
  endfacet
  facet normal 0.162875 0.986647 -0
    outer loop
      vertex -16.5221 -3.96578 34.5
      vertex -16.7804 -3.92314 38
      vertex -16.5221 -3.96578 38
    endloop
  endfacet
  facet normal 0.162875 0.986647 0
    outer loop
      vertex -16.7804 -3.92314 38
      vertex -16.5221 -3.96578 34.5
      vertex -16.7804 -3.92314 34.5
    endloop
  endfacet
  facet normal -0.956922 -0.290347 0
    outer loop
      vertex -12.1363 1.03528 34.5
      vertex -12.2123 1.28576 38
      vertex -12.2123 1.28576 34.5
    endloop
  endfacet
  facet normal -0.956922 -0.290347 0
    outer loop
      vertex -12.2123 1.28576 38
      vertex -12.1363 1.03528 34.5
      vertex -12.1363 1.03528 38
    endloop
  endfacet
  facet normal 0.290255 -0.956949 0
    outer loop
      vertex -17.2858 3.78772 34.5
      vertex -17.0353 3.8637 38
      vertex -17.2858 3.78772 38
    endloop
  endfacet
  facet normal 0.290255 -0.956949 0
    outer loop
      vertex -17.0353 3.8637 38
      vertex -17.2858 3.78772 34.5
      vertex -17.0353 3.8637 34.5
    endloop
  endfacet
  facet normal 0.0980856 -0 0.995178
    outer loop
      vertex -0.280631 -21.9908 12.8684
      vertex -0.140616 -16.1954 12.8546
      vertex -0.280631 -16.1908 12.8684
    endloop
  endfacet
  facet normal 0.0980856 0 0.995178
    outer loop
      vertex -0.140616 -16.1954 12.8546
      vertex -0.280631 -21.9908 12.8684
      vertex -0.140616 -21.9954 12.8546
    endloop
  endfacet
  facet normal 0.0980856 0 0.995178
    outer loop
      vertex -0.280631 21.9908 12.8684
      vertex -0.140616 16.1954 12.8546
      vertex -0.140616 21.9954 12.8546
    endloop
  endfacet
  facet normal 0.0980856 0 0.995178
    outer loop
      vertex -0.140616 16.1954 12.8546
      vertex -0.280631 21.9908 12.8684
      vertex -0.280631 16.1908 12.8684
    endloop
  endfacet
  facet normal 0.0326957 0 0.999465
    outer loop
      vertex -0.140616 21.9954 12.8546
      vertex 0 16.2 12.85
      vertex 0 22 12.85
    endloop
  endfacet
  facet normal 0.0326957 0 0.999465
    outer loop
      vertex 0 16.2 12.85
      vertex -0.140616 21.9954 12.8546
      vertex -0.140616 16.1954 12.8546
    endloop
  endfacet
  facet normal 0.0326957 -0 0.999465
    outer loop
      vertex -0.140616 -21.9954 12.8546
      vertex 0 -16.2 12.85
      vertex -0.140616 -16.1954 12.8546
    endloop
  endfacet
  facet normal 0.0326957 0 0.999465
    outer loop
      vertex 0 -16.2 12.85
      vertex -0.140616 -21.9954 12.8546
      vertex 0 -22 12.85
    endloop
  endfacet
  facet normal 0.956922 0 -0.290347
    outer loop
      vertex -2.0359 -16.0692 15.6911
      vertex -2.07674 -21.8901 15.5565
      vertex -2.07674 -16.0651 15.5565
    endloop
  endfacet
  facet normal 0.956922 0 -0.290347
    outer loop
      vertex -2.07674 -21.8901 15.5565
      vertex -2.0359 -16.0692 15.6911
      vertex -2.0359 -21.8941 15.6911
    endloop
  endfacet
  facet normal 0.956922 0 -0.290347
    outer loop
      vertex -2.0359 16.0692 15.6911
      vertex -2.07674 21.8901 15.5565
      vertex -2.0359 21.8941 15.6911
    endloop
  endfacet
  facet normal 0.956922 0 -0.290347
    outer loop
      vertex -2.07674 21.8901 15.5565
      vertex -2.0359 16.0692 15.6911
      vertex -2.07674 16.0651 15.5565
    endloop
  endfacet
  facet normal -0.812699 0 0.582683
    outer loop
      vertex 1.70571 -16.1017 13.6912
      vertex 1.78766 -21.9185 13.8055
      vertex 1.78766 -16.0936 13.8055
    endloop
  endfacet
  facet normal -0.812699 0 0.582683
    outer loop
      vertex 1.78766 -21.9185 13.8055
      vertex 1.70571 -16.1017 13.6912
      vertex 1.70571 -21.9266 13.6912
    endloop
  endfacet
  facet normal -0.812699 0 0.582683
    outer loop
      vertex 1.70571 16.1017 13.6912
      vertex 1.78766 21.9185 13.8055
      vertex 1.70571 21.9266 13.6912
    endloop
  endfacet
  facet normal -0.812699 0 0.582683
    outer loop
      vertex 1.78766 21.9185 13.8055
      vertex 1.70571 16.1017 13.6912
      vertex 1.78766 16.0936 13.8055
    endloop
  endfacet
  facet normal -0.98664 0 -0.162915
    outer loop
      vertex 2.13161 -21.8847 15.2806
      vertex 2.11452 -16.0614 15.3841
      vertex 2.13161 -16.0586 15.2806
    endloop
  endfacet
  facet normal -0.986635 6.14174e-07 -0.162948
    outer loop
      vertex 2.13161 -21.8847 15.2806
      vertex 2.10869 -16.062 15.4194
      vertex 2.11452 -16.0614 15.3841
    endloop
  endfacet
  facet normal -0.986639 -0 -0.162923
    outer loop
      vertex 2.10869 -16.062 15.4194
      vertex 2.13161 -21.8847 15.2806
      vertex 2.10869 -21.8869 15.4194
    endloop
  endfacet
  facet normal -0.986639 0 -0.162923
    outer loop
      vertex 2.13161 21.8847 15.2806
      vertex 2.10869 16.062 15.4194
      vertex 2.10869 21.8869 15.4194
    endloop
  endfacet
  facet normal -0.986635 -6.14174e-07 -0.162948
    outer loop
      vertex 2.13161 21.8847 15.2806
      vertex 2.11452 16.0614 15.3841
      vertex 2.10869 16.062 15.4194
    endloop
  endfacet
  facet normal -0.98664 0 -0.162915
    outer loop
      vertex 2.11452 16.0614 15.3841
      vertex 2.13161 21.8847 15.2806
      vertex 2.13161 16.0586 15.2806
    endloop
  endfacet
  facet normal -0.582716 -0 -0.812676
    outer loop
      vertex 1.19448 -16.152 16.7877
      vertex 1.30884 -21.9572 16.7057
      vertex 1.19448 -21.9609 16.7877
    endloop
  endfacet
  facet normal -0.582716 0 -0.812676
    outer loop
      vertex 1.30884 -21.9572 16.7057
      vertex 1.19448 -16.152 16.7877
      vertex 1.30884 -16.1408 16.7057
    endloop
  endfacet
  facet normal -0.582716 0 -0.812676
    outer loop
      vertex 1.19448 16.152 16.7877
      vertex 1.30884 21.9572 16.7057
      vertex 1.30884 16.1408 16.7057
    endloop
  endfacet
  facet normal -0.582716 0 -0.812676
    outer loop
      vertex 1.30884 21.9572 16.7057
      vertex 1.19448 16.152 16.7877
      vertex 1.19448 21.9609 16.7877
    endloop
  endfacet
  facet normal 0.849266 -0 0.527966
    outer loop
      vertex -1.86195 -21.9112 13.925
      vertex -1.78766 -16.0936 13.8055
      vertex -1.86195 -16.0863 13.925
    endloop
  endfacet
  facet normal 0.849266 0 0.527966
    outer loop
      vertex -1.78766 -16.0936 13.8055
      vertex -1.86195 -21.9112 13.925
      vertex -1.78766 -21.9185 13.8055
    endloop
  endfacet
  facet normal 0.849266 0 0.527966
    outer loop
      vertex -1.86195 21.9112 13.925
      vertex -1.78766 16.0936 13.8055
      vertex -1.78766 21.9185 13.8055
    endloop
  endfacet
  facet normal 0.849266 0 0.527966
    outer loop
      vertex -1.78766 16.0936 13.8055
      vertex -1.86195 21.9112 13.925
      vertex -1.86195 16.0863 13.925
    endloop
  endfacet
  facet normal -0.88193 0 -0.471381
    outer loop
      vertex 1.92828 -21.9047 15.9509
      vertex 1.86195 -16.0863 16.075
      vertex 1.92828 -16.0798 15.9509
    endloop
  endfacet
  facet normal -0.88193 -0 -0.471381
    outer loop
      vertex 1.86195 -16.0863 16.075
      vertex 1.92828 -21.9047 15.9509
      vertex 1.86195 -21.9112 16.075
    endloop
  endfacet
  facet normal -0.88193 0 -0.471381
    outer loop
      vertex 1.92828 21.9047 15.9509
      vertex 1.86195 16.0863 16.075
      vertex 1.86195 21.9112 16.075
    endloop
  endfacet
  facet normal -0.88193 0 -0.471381
    outer loop
      vertex 1.86195 16.0863 16.075
      vertex 1.92828 21.9047 15.9509
      vertex 1.92828 16.0798 15.9509
    endloop
  endfacet
  facet normal -0.98664 0 0.162915
    outer loop
      vertex 2.11452 -16.0614 14.6159
      vertex 2.13161 -21.8847 14.7194
      vertex 2.13161 -16.0586 14.7194
    endloop
  endfacet
  facet normal -0.986635 6.14174e-07 0.162948
    outer loop
      vertex 2.10869 -16.062 14.5806
      vertex 2.13161 -21.8847 14.7194
      vertex 2.11452 -16.0614 14.6159
    endloop
  endfacet
  facet normal -0.986639 0 0.162923
    outer loop
      vertex 2.13161 -21.8847 14.7194
      vertex 2.10869 -16.062 14.5806
      vertex 2.10869 -21.8869 14.5806
    endloop
  endfacet
  facet normal -0.986639 0 0.162923
    outer loop
      vertex 2.10869 16.062 14.5806
      vertex 2.13161 21.8847 14.7194
      vertex 2.10869 21.8869 14.5806
    endloop
  endfacet
  facet normal -0.986635 -6.14174e-07 0.162948
    outer loop
      vertex 2.11452 16.0614 14.6159
      vertex 2.13161 21.8847 14.7194
      vertex 2.10869 16.062 14.5806
    endloop
  endfacet
  facet normal -0.98664 0 0.162915
    outer loop
      vertex 2.13161 21.8847 14.7194
      vertex 2.11452 16.0614 14.6159
      vertex 2.13161 16.0586 14.7194
    endloop
  endfacet
  facet normal 0.88193 -0 0.471381
    outer loop
      vertex -1.92828 -21.9047 14.0491
      vertex -1.86195 -16.0863 13.925
      vertex -1.92828 -16.0798 14.0491
    endloop
  endfacet
  facet normal 0.88193 0 0.471381
    outer loop
      vertex -1.86195 -16.0863 13.925
      vertex -1.92828 -21.9047 14.0491
      vertex -1.86195 -21.9112 13.925
    endloop
  endfacet
  facet normal 0.88193 0 0.471381
    outer loop
      vertex -1.92828 21.9047 14.0491
      vertex -1.86195 16.0863 13.925
      vertex -1.86195 21.9112 13.925
    endloop
  endfacet
  facet normal 0.88193 0 0.471381
    outer loop
      vertex -1.86195 16.0863 13.925
      vertex -1.92828 21.9047 14.0491
      vertex -1.92828 16.0798 14.0491
    endloop
  endfacet
  facet normal -0.468334 0 -0.883552
    outer loop
      vertex 1.05953 16.1653 16.8702
      vertex 1.075 21.9648 16.862
      vertex 1.075 16.1638 16.862
    endloop
  endfacet
  facet normal -0.471692 1.1485e-05 -0.881764
    outer loop
      vertex 0.95092 16.1689 16.9283
      vertex 1.075 21.9648 16.862
      vertex 1.05953 16.1653 16.8702
    endloop
  endfacet
  facet normal -0.471274 0 -0.881987
    outer loop
      vertex 1.075 21.9648 16.862
      vertex 0.95092 16.1689 16.9283
      vertex 0.95092 21.9689 16.9283
    endloop
  endfacet
  facet normal -0.468334 0 -0.883552
    outer loop
      vertex 1.075 -21.9648 16.862
      vertex 1.05953 -16.1653 16.8702
      vertex 1.075 -16.1638 16.862
    endloop
  endfacet
  facet normal -0.471274 -0 -0.881987
    outer loop
      vertex 0.95092 -16.1689 16.9283
      vertex 1.075 -21.9648 16.862
      vertex 0.95092 -21.9689 16.9283
    endloop
  endfacet
  facet normal -0.471692 -1.1485e-05 -0.881764
    outer loop
      vertex 1.075 -21.9648 16.862
      vertex 0.95092 -16.1689 16.9283
      vertex 1.05953 -16.1653 16.8702
    endloop
  endfacet
  facet normal 0.973904 0 -0.22696
    outer loop
      vertex -2.07674 -16.0651 15.5565
      vertex -2.10869 -21.8869 15.4194
      vertex -2.10869 -16.062 15.4194
    endloop
  endfacet
  facet normal 0.973904 0 -0.22696
    outer loop
      vertex -2.10869 -21.8869 15.4194
      vertex -2.07674 -16.0651 15.5565
      vertex -2.07674 -21.8901 15.5565
    endloop
  endfacet
  facet normal 0.973904 0 -0.22696
    outer loop
      vertex -2.07674 16.0651 15.5565
      vertex -2.10869 21.8869 15.4194
      vertex -2.07674 21.8901 15.5565
    endloop
  endfacet
  facet normal 0.973904 0 -0.22696
    outer loop
      vertex -2.10869 21.8869 15.4194
      vertex -2.07674 16.0651 15.5565
      vertex -2.10869 16.062 15.4194
    endloop
  endfacet
  facet normal -0.634186 -0 -0.773181
    outer loop
      vertex 1.30884 -16.1408 16.7057
      vertex 1.41759 -21.9536 16.6165
      vertex 1.30884 -21.9572 16.7057
    endloop
  endfacet
  facet normal -0.634186 0 -0.773181
    outer loop
      vertex 1.41759 -21.9536 16.6165
      vertex 1.30884 -16.1408 16.7057
      vertex 1.41759 -16.13 16.6165
    endloop
  endfacet
  facet normal -0.634186 0 -0.773181
    outer loop
      vertex 1.30884 16.1408 16.7057
      vertex 1.41759 21.9536 16.6165
      vertex 1.41759 16.13 16.6165
    endloop
  endfacet
  facet normal -0.634186 0 -0.773181
    outer loop
      vertex 1.41759 21.9536 16.6165
      vertex 1.30884 16.1408 16.7057
      vertex 1.30884 21.9572 16.7057
    endloop
  endfacet
  facet normal -0.290019 0 0.957021
    outer loop
      vertex 0.55646 -16.1818 12.9233
      vertex 0.691094 -21.9774 12.9641
      vertex 0.691094 -16.1774 12.9641
    endloop
  endfacet
  facet normal -0.290019 0 0.957021
    outer loop
      vertex 0.691094 -21.9774 12.9641
      vertex 0.55646 -16.1818 12.9233
      vertex 0.55646 -21.9818 12.9233
    endloop
  endfacet
  facet normal -0.290019 0 0.957021
    outer loop
      vertex 0.55646 16.1818 12.9233
      vertex 0.691094 21.9774 12.9641
      vertex 0.55646 21.9818 12.9233
    endloop
  endfacet
  facet normal -0.290019 0 0.957021
    outer loop
      vertex 0.691094 21.9774 12.9641
      vertex 0.55646 16.1818 12.9233
      vertex 0.691094 16.1774 12.9641
    endloop
  endfacet
  facet normal 0.684972 0.0427963 -0.727312
    outer loop
      vertex -1.52028 -21.9449 16.5203
      vertex -1.41759 -21.9536 16.6165
      vertex -1.43887 -21.9529 16.5965
    endloop
  endfacet
  facet normal 0.683669 0 -0.729792
    outer loop
      vertex -1.41759 -21.9536 16.6165
      vertex -1.52028 -21.9449 16.5203
      vertex -1.41759 -16.13 16.6165
    endloop
  endfacet
  facet normal 0.683669 0 -0.729792
    outer loop
      vertex -1.41759 -16.13 16.6165
      vertex -1.52028 -21.9449 16.5203
      vertex -1.52028 -16.1199 16.5203
    endloop
  endfacet
  facet normal 0.683669 0 -0.729792
    outer loop
      vertex -1.52028 21.9449 16.5203
      vertex -1.41759 21.9536 16.6165
      vertex -1.41759 16.13 16.6165
    endloop
  endfacet
  facet normal 0.683669 0 -0.729792
    outer loop
      vertex -1.52028 21.9449 16.5203
      vertex -1.41759 16.13 16.6165
      vertex -1.52028 16.1199 16.5203
    endloop
  endfacet
  facet normal 0.684972 -0.0427963 -0.727312
    outer loop
      vertex -1.41759 21.9536 16.6165
      vertex -1.52028 21.9449 16.5203
      vertex -1.43887 21.9529 16.5965
    endloop
  endfacet
  facet normal 0.16277 0 -0.986664
    outer loop
      vertex -0.419444 -21.9863 17.1087
      vertex -0.280631 -16.1908 17.1316
      vertex -0.280631 -21.9908 17.1316
    endloop
  endfacet
  facet normal 0.16277 0 -0.986664
    outer loop
      vertex -0.280631 -16.1908 17.1316
      vertex -0.419444 -21.9863 17.1087
      vertex -0.419444 -16.1863 17.1087
    endloop
  endfacet
  facet normal 0.16277 0 -0.986664
    outer loop
      vertex -0.419444 21.9863 17.1087
      vertex -0.280631 16.1908 17.1316
      vertex -0.419444 16.1863 17.1087
    endloop
  endfacet
  facet normal 0.16277 0 -0.986664
    outer loop
      vertex -0.280631 16.1908 17.1316
      vertex -0.419444 21.9863 17.1087
      vertex -0.280631 21.9908 17.1316
    endloop
  endfacet
  facet normal -0.88193 0 0.471381
    outer loop
      vertex 1.86195 -16.0863 13.925
      vertex 1.92828 -21.9047 14.0491
      vertex 1.92828 -16.0798 14.0491
    endloop
  endfacet
  facet normal -0.88193 0 0.471381
    outer loop
      vertex 1.92828 -21.9047 14.0491
      vertex 1.86195 -16.0863 13.925
      vertex 1.86195 -21.9112 13.925
    endloop
  endfacet
  facet normal -0.88193 0 0.471381
    outer loop
      vertex 1.86195 16.0863 13.925
      vertex 1.92828 21.9047 14.0491
      vertex 1.86195 21.9112 13.925
    endloop
  endfacet
  facet normal -0.88193 0 0.471381
    outer loop
      vertex 1.92828 21.9047 14.0491
      vertex 1.86195 16.0863 13.925
      vertex 1.92828 16.0798 14.0491
    endloop
  endfacet
  facet normal -0.999465 0 0.0326994
    outer loop
      vertex 2.1454 -16.0563 14.8594
      vertex 2.15 -21.8829 15
      vertex 2.15 -16.0555 15
    endloop
  endfacet
  facet normal -0.999465 0 0.0326994
    outer loop
      vertex 2.15 -21.8829 15
      vertex 2.1454 -16.0563 14.8594
      vertex 2.1454 -21.8833 14.8594
    endloop
  endfacet
  facet normal -0.999465 0 0.0326994
    outer loop
      vertex 2.1454 16.0563 14.8594
      vertex 2.15 21.8829 15
      vertex 2.1454 21.8833 14.8594
    endloop
  endfacet
  facet normal -0.999465 0 0.0326994
    outer loop
      vertex 2.15 21.8829 15
      vertex 2.1454 16.0563 14.8594
      vertex 2.15 16.0555 15
    endloop
  endfacet
  facet normal 0.471692 -1.1485e-05 0.881764
    outer loop
      vertex -1.075 -21.9648 13.138
      vertex -0.95092 -16.1689 13.0717
      vertex -1.05953 -16.1653 13.1298
    endloop
  endfacet
  facet normal 0.468334 -0 0.883552
    outer loop
      vertex -1.075 -21.9648 13.138
      vertex -1.05953 -16.1653 13.1298
      vertex -1.075 -16.1638 13.138
    endloop
  endfacet
  facet normal 0.471274 0 0.881987
    outer loop
      vertex -0.95092 -16.1689 13.0717
      vertex -1.075 -21.9648 13.138
      vertex -0.95092 -21.9689 13.0717
    endloop
  endfacet
  facet normal 0.471274 0 0.881987
    outer loop
      vertex -1.075 21.9648 13.138
      vertex -0.95092 16.1689 13.0717
      vertex -0.95092 21.9689 13.0717
    endloop
  endfacet
  facet normal 0.471692 1.1485e-05 0.881764
    outer loop
      vertex -0.95092 16.1689 13.0717
      vertex -1.075 21.9648 13.138
      vertex -1.05953 16.1653 13.1298
    endloop
  endfacet
  facet normal 0.468334 0 0.883552
    outer loop
      vertex -1.05953 16.1653 13.1298
      vertex -1.075 21.9648 13.138
      vertex -1.075 16.1638 13.138
    endloop
  endfacet
  facet normal -0.995184 0 -0.0980256
    outer loop
      vertex 2.1454 -21.8833 15.1406
      vertex 2.13161 -16.0586 15.2806
      vertex 2.1454 -16.0563 15.1406
    endloop
  endfacet
  facet normal -0.995184 -0 -0.0980256
    outer loop
      vertex 2.13161 -16.0586 15.2806
      vertex 2.1454 -21.8833 15.1406
      vertex 2.13161 -21.8847 15.2806
    endloop
  endfacet
  facet normal -0.995184 0 -0.0980256
    outer loop
      vertex 2.1454 21.8833 15.1406
      vertex 2.13161 16.0586 15.2806
      vertex 2.13161 21.8847 15.2806
    endloop
  endfacet
  facet normal -0.995184 0 -0.0980256
    outer loop
      vertex 2.13161 16.0586 15.2806
      vertex 2.1454 21.8833 15.1406
      vertex 2.1454 16.0563 15.1406
    endloop
  endfacet
  facet normal 0.910814 -0 0.412817
    outer loop
      vertex -1.98634 -21.899 14.1772
      vertex -1.92828 -16.0798 14.0491
      vertex -1.98634 -16.074 14.1772
    endloop
  endfacet
  facet normal 0.910814 0 0.412817
    outer loop
      vertex -1.92828 -16.0798 14.0491
      vertex -1.98634 -21.899 14.1772
      vertex -1.92828 -21.9047 14.0491
    endloop
  endfacet
  facet normal 0.910814 0 0.412817
    outer loop
      vertex -1.98634 21.899 14.1772
      vertex -1.92828 16.0798 14.0491
      vertex -1.92828 21.9047 14.0491
    endloop
  endfacet
  facet normal 0.910814 0 0.412817
    outer loop
      vertex -1.92828 16.0798 14.0491
      vertex -1.98634 21.899 14.1772
      vertex -1.98634 16.074 14.1772
    endloop
  endfacet
  facet normal -0.227429 -0 -0.973795
    outer loop
      vertex 0.419444 -16.1863 17.1087
      vertex 0.55646 -21.9818 17.0767
      vertex 0.419444 -21.9863 17.1087
    endloop
  endfacet
  facet normal -0.227429 0 -0.973795
    outer loop
      vertex 0.55646 -21.9818 17.0767
      vertex 0.419444 -16.1863 17.1087
      vertex 0.55646 -16.1818 17.0767
    endloop
  endfacet
  facet normal -0.227429 0 -0.973795
    outer loop
      vertex 0.419444 16.1863 17.1087
      vertex 0.55646 21.9818 17.0767
      vertex 0.55646 16.1818 17.0767
    endloop
  endfacet
  facet normal -0.227429 0 -0.973795
    outer loop
      vertex 0.55646 21.9818 17.0767
      vertex 0.419444 16.1863 17.1087
      vertex 0.419444 21.9863 17.1087
    endloop
  endfacet
  facet normal 0.812699 0 -0.582683
    outer loop
      vertex -1.70571 -16.1017 16.3088
      vertex -1.78766 -21.9185 16.1945
      vertex -1.78766 -16.0936 16.1945
    endloop
  endfacet
  facet normal 0.812699 0 -0.582683
    outer loop
      vertex -1.78766 -21.9185 16.1945
      vertex -1.70571 -16.1017 16.3088
      vertex -1.70571 -21.9266 16.3088
    endloop
  endfacet
  facet normal 0.812699 0 -0.582683
    outer loop
      vertex -1.70571 16.1017 16.3088
      vertex -1.78766 21.9185 16.1945
      vertex -1.70571 21.9266 16.3088
    endloop
  endfacet
  facet normal 0.812699 0 -0.582683
    outer loop
      vertex -1.78766 21.9185 16.1945
      vertex -1.70571 16.1017 16.3088
      vertex -1.78766 16.0936 16.1945
    endloop
  endfacet
  facet normal 0.773149 0 -0.634224
    outer loop
      vertex -1.61646 -16.1105 16.4176
      vertex -1.70571 -21.9266 16.3088
      vertex -1.70571 -16.1017 16.3088
    endloop
  endfacet
  facet normal 0.773149 0 -0.634224
    outer loop
      vertex -1.70571 -21.9266 16.3088
      vertex -1.61646 -16.1105 16.4176
      vertex -1.61646 -21.9354 16.4176
    endloop
  endfacet
  facet normal 0.773149 0 -0.634224
    outer loop
      vertex -1.61646 16.1105 16.4176
      vertex -1.70571 21.9266 16.3088
      vertex -1.61646 21.9354 16.4176
    endloop
  endfacet
  facet normal 0.773149 0 -0.634224
    outer loop
      vertex -1.70571 21.9266 16.3088
      vertex -1.61646 16.1105 16.4176
      vertex -1.70571 16.1017 16.3088
    endloop
  endfacet
  facet normal -0.352506 -0 -0.93581
    outer loop
      vertex 0.691094 -16.1774 17.0359
      vertex 0.822769 -21.9731 16.9863
      vertex 0.691094 -21.9774 17.0359
    endloop
  endfacet
  facet normal -0.352506 0 -0.93581
    outer loop
      vertex 0.822769 -21.9731 16.9863
      vertex 0.691094 -16.1774 17.0359
      vertex 0.822769 -16.1731 16.9863
    endloop
  endfacet
  facet normal -0.352506 0 -0.93581
    outer loop
      vertex 0.691094 16.1774 17.0359
      vertex 0.822769 21.9731 16.9863
      vertex 0.822769 16.1731 16.9863
    endloop
  endfacet
  facet normal -0.352506 0 -0.93581
    outer loop
      vertex 0.822769 21.9731 16.9863
      vertex 0.691094 16.1774 17.0359
      vertex 0.691094 21.9774 17.0359
    endloop
  endfacet
  facet normal 0.812699 -0 0.582683
    outer loop
      vertex -1.78766 -21.9185 13.8055
      vertex -1.70571 -16.1017 13.6912
      vertex -1.78766 -16.0936 13.8055
    endloop
  endfacet
  facet normal 0.812699 0 0.582683
    outer loop
      vertex -1.70571 -16.1017 13.6912
      vertex -1.78766 -21.9185 13.8055
      vertex -1.70571 -21.9266 13.6912
    endloop
  endfacet
  facet normal 0.812699 0 0.582683
    outer loop
      vertex -1.78766 21.9185 13.8055
      vertex -1.70571 16.1017 13.6912
      vertex -1.70571 21.9266 13.6912
    endloop
  endfacet
  facet normal 0.812699 0 0.582683
    outer loop
      vertex -1.70571 16.1017 13.6912
      vertex -1.78766 21.9185 13.8055
      vertex -1.78766 16.0936 13.8055
    endloop
  endfacet
  facet normal -0.973904 0 0.22696
    outer loop
      vertex 2.07674 -16.0651 14.4435
      vertex 2.10869 -21.8869 14.5806
      vertex 2.10869 -16.062 14.5806
    endloop
  endfacet
  facet normal -0.973904 0 0.22696
    outer loop
      vertex 2.10869 -21.8869 14.5806
      vertex 2.07674 -16.0651 14.4435
      vertex 2.07674 -21.8901 14.4435
    endloop
  endfacet
  facet normal -0.973904 0 0.22696
    outer loop
      vertex 2.07674 16.0651 14.4435
      vertex 2.10869 21.8869 14.5806
      vertex 2.07674 21.8901 14.4435
    endloop
  endfacet
  facet normal -0.973904 0 0.22696
    outer loop
      vertex 2.10869 21.8869 14.5806
      vertex 2.07674 16.0651 14.4435
      vertex 2.10869 16.062 14.5806
    endloop
  endfacet
  facet normal -0.468334 0 0.883552
    outer loop
      vertex 1.05953 -16.1653 13.1298
      vertex 1.075 -21.9648 13.138
      vertex 1.075 -16.1638 13.138
    endloop
  endfacet
  facet normal -0.471692 -1.1485e-05 0.881764
    outer loop
      vertex 0.95092 -16.1689 13.0717
      vertex 1.075 -21.9648 13.138
      vertex 1.05953 -16.1653 13.1298
    endloop
  endfacet
  facet normal -0.471274 0 0.881987
    outer loop
      vertex 1.075 -21.9648 13.138
      vertex 0.95092 -16.1689 13.0717
      vertex 0.95092 -21.9689 13.0717
    endloop
  endfacet
  facet normal -0.468334 0 0.883552
    outer loop
      vertex 1.075 21.9648 13.138
      vertex 1.05953 16.1653 13.1298
      vertex 1.075 16.1638 13.138
    endloop
  endfacet
  facet normal -0.471274 0 0.881987
    outer loop
      vertex 0.95092 16.1689 13.0717
      vertex 1.075 21.9648 13.138
      vertex 0.95092 21.9689 13.0717
    endloop
  endfacet
  facet normal -0.471692 1.1485e-05 0.881764
    outer loop
      vertex 1.075 21.9648 13.138
      vertex 0.95092 16.1689 13.0717
      vertex 1.05953 16.1653 13.1298
    endloop
  endfacet
  facet normal 0.582716 -0 0.812676
    outer loop
      vertex -1.30884 -21.9572 13.2943
      vertex -1.19448 -16.152 13.2123
      vertex -1.30884 -16.1408 13.2943
    endloop
  endfacet
  facet normal 0.582716 0 0.812676
    outer loop
      vertex -1.19448 -16.152 13.2123
      vertex -1.30884 -21.9572 13.2943
      vertex -1.19448 -21.9609 13.2123
    endloop
  endfacet
  facet normal 0.582716 0 0.812676
    outer loop
      vertex -1.30884 21.9572 13.2943
      vertex -1.19448 16.152 13.2123
      vertex -1.19448 21.9609 13.2123
    endloop
  endfacet
  facet normal 0.582716 0 0.812676
    outer loop
      vertex -1.19448 16.152 13.2123
      vertex -1.30884 21.9572 13.2943
      vertex -1.30884 16.1408 13.2943
    endloop
  endfacet
  facet normal -0.812699 0 -0.582683
    outer loop
      vertex 1.78766 -21.9185 16.1945
      vertex 1.70571 -16.1017 16.3088
      vertex 1.78766 -16.0936 16.1945
    endloop
  endfacet
  facet normal -0.812699 -0 -0.582683
    outer loop
      vertex 1.70571 -16.1017 16.3088
      vertex 1.78766 -21.9185 16.1945
      vertex 1.70571 -21.9266 16.3088
    endloop
  endfacet
  facet normal -0.812699 0 -0.582683
    outer loop
      vertex 1.78766 21.9185 16.1945
      vertex 1.70571 16.1017 16.3088
      vertex 1.70571 21.9266 16.3088
    endloop
  endfacet
  facet normal -0.812699 0 -0.582683
    outer loop
      vertex 1.70571 16.1017 16.3088
      vertex 1.78766 21.9185 16.1945
      vertex 1.78766 16.0936 16.1945
    endloop
  endfacet
  facet normal 0.290019 -0 0.957021
    outer loop
      vertex -0.691094 -21.9774 12.9641
      vertex -0.55646 -16.1818 12.9233
      vertex -0.691094 -16.1774 12.9641
    endloop
  endfacet
  facet normal 0.290019 0 0.957021
    outer loop
      vertex -0.55646 -16.1818 12.9233
      vertex -0.691094 -21.9774 12.9641
      vertex -0.55646 -21.9818 12.9233
    endloop
  endfacet
  facet normal 0.290019 0 0.957021
    outer loop
      vertex -0.691094 21.9774 12.9641
      vertex -0.55646 16.1818 12.9233
      vertex -0.55646 21.9818 12.9233
    endloop
  endfacet
  facet normal 0.290019 0 0.957021
    outer loop
      vertex -0.55646 16.1818 12.9233
      vertex -0.691094 21.9774 12.9641
      vertex -0.691094 16.1774 12.9641
    endloop
  endfacet
  facet normal -0.729896 0 0.683558
    outer loop
      vertex 1.52028 -16.1199 13.4797
      vertex 1.61646 -21.9354 13.5824
      vertex 1.61646 -16.1105 13.5824
    endloop
  endfacet
  facet normal -0.729896 0 0.683558
    outer loop
      vertex 1.61646 -21.9354 13.5824
      vertex 1.52028 -16.1199 13.4797
      vertex 1.52028 -21.9449 13.4797
    endloop
  endfacet
  facet normal -0.729896 0 0.683558
    outer loop
      vertex 1.52028 16.1199 13.4797
      vertex 1.61646 21.9354 13.5824
      vertex 1.52028 21.9449 13.4797
    endloop
  endfacet
  facet normal -0.729896 0 0.683558
    outer loop
      vertex 1.61646 21.9354 13.5824
      vertex 1.52028 16.1199 13.4797
      vertex 1.61646 16.1105 13.5824
    endloop
  endfacet
  facet normal -0.773149 0 0.634224
    outer loop
      vertex 1.61646 -16.1105 13.5824
      vertex 1.70571 -21.9266 13.6912
      vertex 1.70571 -16.1017 13.6912
    endloop
  endfacet
  facet normal -0.773149 0 0.634224
    outer loop
      vertex 1.70571 -21.9266 13.6912
      vertex 1.61646 -16.1105 13.5824
      vertex 1.61646 -21.9354 13.5824
    endloop
  endfacet
  facet normal -0.773149 0 0.634224
    outer loop
      vertex 1.61646 16.1105 13.5824
      vertex 1.70571 21.9266 13.6912
      vertex 1.61646 21.9354 13.5824
    endloop
  endfacet
  facet normal -0.773149 0 0.634224
    outer loop
      vertex 1.70571 21.9266 13.6912
      vertex 1.61646 16.1105 13.5824
      vertex 1.70571 16.1017 13.6912
    endloop
  endfacet
  facet normal -0.910814 0 0.412817
    outer loop
      vertex 1.92828 -16.0798 14.0491
      vertex 1.98634 -21.899 14.1772
      vertex 1.98634 -16.074 14.1772
    endloop
  endfacet
  facet normal -0.910814 0 0.412817
    outer loop
      vertex 1.98634 -21.899 14.1772
      vertex 1.92828 -16.0798 14.0491
      vertex 1.92828 -21.9047 14.0491
    endloop
  endfacet
  facet normal -0.910814 0 0.412817
    outer loop
      vertex 1.92828 16.0798 14.0491
      vertex 1.98634 21.899 14.1772
      vertex 1.92828 21.9047 14.0491
    endloop
  endfacet
  facet normal -0.910814 0 0.412817
    outer loop
      vertex 1.98634 21.899 14.1772
      vertex 1.92828 16.0798 14.0491
      vertex 1.98634 16.074 14.1772
    endloop
  endfacet
  facet normal 0.935926 -0 0.352198
    outer loop
      vertex -2.0359 -21.8941 14.3089
      vertex -1.98634 -16.074 14.1772
      vertex -2.0359 -16.0692 14.3089
    endloop
  endfacet
  facet normal 0.935926 0 0.352198
    outer loop
      vertex -1.98634 -16.074 14.1772
      vertex -2.0359 -21.8941 14.3089
      vertex -1.98634 -21.899 14.1772
    endloop
  endfacet
  facet normal 0.935926 0 0.352198
    outer loop
      vertex -2.0359 21.8941 14.3089
      vertex -1.98634 16.074 14.1772
      vertex -1.98634 21.899 14.1772
    endloop
  endfacet
  facet normal 0.935926 0 0.352198
    outer loop
      vertex -1.98634 16.074 14.1772
      vertex -2.0359 21.8941 14.3089
      vertex -2.0359 16.0692 14.3089
    endloop
  endfacet
  facet normal -0.16277 0 0.986664
    outer loop
      vertex 0.280631 -16.1908 12.8684
      vertex 0.419444 -21.9863 12.8913
      vertex 0.419444 -16.1863 12.8913
    endloop
  endfacet
  facet normal -0.16277 0 0.986664
    outer loop
      vertex 0.419444 -21.9863 12.8913
      vertex 0.280631 -16.1908 12.8684
      vertex 0.280631 -21.9908 12.8684
    endloop
  endfacet
  facet normal -0.16277 0 0.986664
    outer loop
      vertex 0.280631 16.1908 12.8684
      vertex 0.419444 21.9863 12.8913
      vertex 0.280631 21.9908 12.8684
    endloop
  endfacet
  facet normal -0.16277 0 0.986664
    outer loop
      vertex 0.419444 21.9863 12.8913
      vertex 0.280631 16.1908 12.8684
      vertex 0.419444 16.1863 12.8913
    endloop
  endfacet
  facet normal 0.999465 0 -0.0326994
    outer loop
      vertex -2.1454 -16.0563 15.1406
      vertex -2.15 -21.8829 15
      vertex -2.15 -16.0555 15
    endloop
  endfacet
  facet normal 0.999465 0 -0.0326994
    outer loop
      vertex -2.15 -21.8829 15
      vertex -2.1454 -16.0563 15.1406
      vertex -2.1454 -21.8833 15.1406
    endloop
  endfacet
  facet normal 0.999465 0 -0.0326994
    outer loop
      vertex -2.1454 16.0563 15.1406
      vertex -2.15 21.8829 15
      vertex -2.1454 21.8833 15.1406
    endloop
  endfacet
  facet normal 0.999465 0 -0.0326994
    outer loop
      vertex -2.15 21.8829 15
      vertex -2.1454 16.0563 15.1406
      vertex -2.15 16.0555 15
    endloop
  endfacet
  facet normal 0.290019 0 -0.957021
    outer loop
      vertex -0.691094 -21.9774 17.0359
      vertex -0.55646 -16.1818 17.0767
      vertex -0.55646 -21.9818 17.0767
    endloop
  endfacet
  facet normal 0.290019 0 -0.957021
    outer loop
      vertex -0.55646 -16.1818 17.0767
      vertex -0.691094 -21.9774 17.0359
      vertex -0.691094 -16.1774 17.0359
    endloop
  endfacet
  facet normal 0.290019 0 -0.957021
    outer loop
      vertex -0.691094 21.9774 17.0359
      vertex -0.55646 16.1818 17.0767
      vertex -0.691094 16.1774 17.0359
    endloop
  endfacet
  facet normal 0.290019 0 -0.957021
    outer loop
      vertex -0.55646 16.1818 17.0767
      vertex -0.691094 21.9774 17.0359
      vertex -0.55646 21.9818 17.0767
    endloop
  endfacet
  facet normal -0.0980856 0 0.995178
    outer loop
      vertex 0.140616 -16.1954 12.8546
      vertex 0.280631 -21.9908 12.8684
      vertex 0.280631 -16.1908 12.8684
    endloop
  endfacet
  facet normal -0.0980856 0 0.995178
    outer loop
      vertex 0.280631 -21.9908 12.8684
      vertex 0.140616 -16.1954 12.8546
      vertex 0.140616 -21.9954 12.8546
    endloop
  endfacet
  facet normal -0.0980856 0 0.995178
    outer loop
      vertex 0.140616 16.1954 12.8546
      vertex 0.280631 21.9908 12.8684
      vertex 0.140616 21.9954 12.8546
    endloop
  endfacet
  facet normal -0.0980856 0 0.995178
    outer loop
      vertex 0.280631 21.9908 12.8684
      vertex 0.140616 16.1954 12.8546
      vertex 0.280631 16.1908 12.8684
    endloop
  endfacet
  facet normal 0.773149 -0 0.634224
    outer loop
      vertex -1.70571 -21.9266 13.6912
      vertex -1.61646 -16.1105 13.5824
      vertex -1.70571 -16.1017 13.6912
    endloop
  endfacet
  facet normal 0.773149 0 0.634224
    outer loop
      vertex -1.61646 -16.1105 13.5824
      vertex -1.70571 -21.9266 13.6912
      vertex -1.61646 -21.9354 13.5824
    endloop
  endfacet
  facet normal 0.773149 0 0.634224
    outer loop
      vertex -1.70571 21.9266 13.6912
      vertex -1.61646 16.1105 13.5824
      vertex -1.61646 21.9354 13.5824
    endloop
  endfacet
  facet normal 0.773149 0 0.634224
    outer loop
      vertex -1.61646 16.1105 13.5824
      vertex -1.70571 21.9266 13.6912
      vertex -1.70571 16.1017 13.6912
    endloop
  endfacet
  facet normal -0.412327 0 0.911036
    outer loop
      vertex 0.822769 -16.1731 13.0137
      vertex 0.95092 -21.9689 13.0717
      vertex 0.95092 -16.1689 13.0717
    endloop
  endfacet
  facet normal -0.412327 0 0.911036
    outer loop
      vertex 0.95092 -21.9689 13.0717
      vertex 0.822769 -16.1731 13.0137
      vertex 0.822769 -21.9731 13.0137
    endloop
  endfacet
  facet normal -0.412327 0 0.911036
    outer loop
      vertex 0.822769 16.1731 13.0137
      vertex 0.95092 21.9689 13.0717
      vertex 0.822769 21.9731 13.0137
    endloop
  endfacet
  facet normal -0.412327 0 0.911036
    outer loop
      vertex 0.95092 21.9689 13.0717
      vertex 0.822769 16.1731 13.0137
      vertex 0.95092 16.1689 13.0717
    endloop
  endfacet
  facet normal 0.910814 0 -0.412817
    outer loop
      vertex -1.92828 -16.0798 15.9509
      vertex -1.98634 -21.899 15.8228
      vertex -1.98634 -16.074 15.8228
    endloop
  endfacet
  facet normal 0.910814 0 -0.412817
    outer loop
      vertex -1.98634 -21.899 15.8228
      vertex -1.92828 -16.0798 15.9509
      vertex -1.92828 -21.9047 15.9509
    endloop
  endfacet
  facet normal 0.910814 0 -0.412817
    outer loop
      vertex -1.92828 16.0798 15.9509
      vertex -1.98634 21.899 15.8228
      vertex -1.92828 21.9047 15.9509
    endloop
  endfacet
  facet normal 0.910814 0 -0.412817
    outer loop
      vertex -1.98634 21.899 15.8228
      vertex -1.92828 16.0798 15.9509
      vertex -1.98634 16.074 15.8228
    endloop
  endfacet
  facet normal -0.773149 0 -0.634224
    outer loop
      vertex 1.70571 -21.9266 16.3088
      vertex 1.61646 -16.1105 16.4176
      vertex 1.70571 -16.1017 16.3088
    endloop
  endfacet
  facet normal -0.773149 -0 -0.634224
    outer loop
      vertex 1.61646 -16.1105 16.4176
      vertex 1.70571 -21.9266 16.3088
      vertex 1.61646 -21.9354 16.4176
    endloop
  endfacet
  facet normal -0.773149 0 -0.634224
    outer loop
      vertex 1.70571 21.9266 16.3088
      vertex 1.61646 16.1105 16.4176
      vertex 1.61646 21.9354 16.4176
    endloop
  endfacet
  facet normal -0.773149 0 -0.634224
    outer loop
      vertex 1.61646 16.1105 16.4176
      vertex 1.70571 21.9266 16.3088
      vertex 1.70571 16.1017 16.3088
    endloop
  endfacet
  facet normal -0.634186 0 0.773181
    outer loop
      vertex 1.30884 -16.1408 13.2943
      vertex 1.41759 -21.9536 13.3835
      vertex 1.41759 -16.13 13.3835
    endloop
  endfacet
  facet normal -0.634186 0 0.773181
    outer loop
      vertex 1.41759 -21.9536 13.3835
      vertex 1.30884 -16.1408 13.2943
      vertex 1.30884 -21.9572 13.2943
    endloop
  endfacet
  facet normal -0.634186 0 0.773181
    outer loop
      vertex 1.30884 16.1408 13.2943
      vertex 1.41759 21.9536 13.3835
      vertex 1.30884 21.9572 13.2943
    endloop
  endfacet
  facet normal -0.634186 0 0.773181
    outer loop
      vertex 1.41759 21.9536 13.3835
      vertex 1.30884 16.1408 13.2943
      vertex 1.41759 16.13 13.3835
    endloop
  endfacet
  facet normal 0.412327 -0 0.911036
    outer loop
      vertex -0.95092 -21.9689 13.0717
      vertex -0.822769 -16.1731 13.0137
      vertex -0.95092 -16.1689 13.0717
    endloop
  endfacet
  facet normal 0.412327 0 0.911036
    outer loop
      vertex -0.822769 -16.1731 13.0137
      vertex -0.95092 -21.9689 13.0717
      vertex -0.822769 -21.9731 13.0137
    endloop
  endfacet
  facet normal 0.412327 0 0.911036
    outer loop
      vertex -0.95092 21.9689 13.0717
      vertex -0.822769 16.1731 13.0137
      vertex -0.822769 21.9731 13.0137
    endloop
  endfacet
  facet normal 0.412327 0 0.911036
    outer loop
      vertex -0.822769 16.1731 13.0137
      vertex -0.95092 21.9689 13.0717
      vertex -0.95092 16.1689 13.0717
    endloop
  endfacet
  facet normal -0.528081 0 0.849194
    outer loop
      vertex 1.075 -16.1638 13.138
      vertex 1.19448 -21.9609 13.2123
      vertex 1.19448 -16.152 13.2123
    endloop
  endfacet
  facet normal -0.528081 0 0.849194
    outer loop
      vertex 1.19448 -21.9609 13.2123
      vertex 1.075 -16.1638 13.138
      vertex 1.075 -21.9648 13.138
    endloop
  endfacet
  facet normal -0.528081 0 0.849194
    outer loop
      vertex 1.075 16.1638 13.138
      vertex 1.19448 21.9609 13.2123
      vertex 1.075 21.9648 13.138
    endloop
  endfacet
  facet normal -0.528081 0 0.849194
    outer loop
      vertex 1.19448 21.9609 13.2123
      vertex 1.075 16.1638 13.138
      vertex 1.19448 16.152 13.2123
    endloop
  endfacet
  facet normal -0.412327 -0 -0.911036
    outer loop
      vertex 0.822769 -16.1731 16.9863
      vertex 0.95092 -21.9689 16.9283
      vertex 0.822769 -21.9731 16.9863
    endloop
  endfacet
  facet normal -0.412327 0 -0.911036
    outer loop
      vertex 0.95092 -21.9689 16.9283
      vertex 0.822769 -16.1731 16.9863
      vertex 0.95092 -16.1689 16.9283
    endloop
  endfacet
  facet normal -0.412327 0 -0.911036
    outer loop
      vertex 0.822769 16.1731 16.9863
      vertex 0.95092 21.9689 16.9283
      vertex 0.95092 16.1689 16.9283
    endloop
  endfacet
  facet normal -0.412327 0 -0.911036
    outer loop
      vertex 0.95092 21.9689 16.9283
      vertex 0.822769 16.1731 16.9863
      vertex 0.822769 21.9731 16.9863
    endloop
  endfacet
  facet normal -0.995184 0 0.0980256
    outer loop
      vertex 2.13161 -16.0586 14.7194
      vertex 2.1454 -21.8833 14.8594
      vertex 2.1454 -16.0563 14.8594
    endloop
  endfacet
  facet normal -0.995184 0 0.0980256
    outer loop
      vertex 2.1454 -21.8833 14.8594
      vertex 2.13161 -16.0586 14.7194
      vertex 2.13161 -21.8847 14.7194
    endloop
  endfacet
  facet normal -0.995184 0 0.0980256
    outer loop
      vertex 2.13161 16.0586 14.7194
      vertex 2.1454 21.8833 14.8594
      vertex 2.13161 21.8847 14.7194
    endloop
  endfacet
  facet normal -0.995184 0 0.0980256
    outer loop
      vertex 2.1454 21.8833 14.8594
      vertex 2.13161 16.0586 14.7194
      vertex 2.1454 16.0563 14.8594
    endloop
  endfacet
  facet normal -0.0326957 0 0.999465
    outer loop
      vertex 0 16.2 12.85
      vertex 0.140616 21.9954 12.8546
      vertex 0 22 12.85
    endloop
  endfacet
  facet normal -0.0326957 0 0.999465
    outer loop
      vertex 0.140616 21.9954 12.8546
      vertex 0 16.2 12.85
      vertex 0.140616 16.1954 12.8546
    endloop
  endfacet
  facet normal -0.0326957 0 0.999465
    outer loop
      vertex 0 -16.2 12.85
      vertex 0.140616 -21.9954 12.8546
      vertex 0.140616 -16.1954 12.8546
    endloop
  endfacet
  facet normal -0.0326957 0 0.999465
    outer loop
      vertex 0.140616 -21.9954 12.8546
      vertex 0 -16.2 12.85
      vertex 0 -22 12.85
    endloop
  endfacet
  facet normal -0.910814 0 -0.412817
    outer loop
      vertex 1.98634 -21.899 15.8228
      vertex 1.92828 -16.0798 15.9509
      vertex 1.98634 -16.074 15.8228
    endloop
  endfacet
  facet normal -0.910814 -0 -0.412817
    outer loop
      vertex 1.92828 -16.0798 15.9509
      vertex 1.98634 -21.899 15.8228
      vertex 1.92828 -21.9047 15.9509
    endloop
  endfacet
  facet normal -0.910814 0 -0.412817
    outer loop
      vertex 1.98634 21.899 15.8228
      vertex 1.92828 16.0798 15.9509
      vertex 1.92828 21.9047 15.9509
    endloop
  endfacet
  facet normal -0.910814 0 -0.412817
    outer loop
      vertex 1.92828 16.0798 15.9509
      vertex 1.98634 21.899 15.8228
      vertex 1.98634 16.074 15.8228
    endloop
  endfacet
  facet normal -0.935926 0 0.352198
    outer loop
      vertex 1.98634 -16.074 14.1772
      vertex 2.0359 -21.8941 14.3089
      vertex 2.0359 -16.0692 14.3089
    endloop
  endfacet
  facet normal -0.935926 0 0.352198
    outer loop
      vertex 2.0359 -21.8941 14.3089
      vertex 1.98634 -16.074 14.1772
      vertex 1.98634 -21.899 14.1772
    endloop
  endfacet
  facet normal -0.935926 0 0.352198
    outer loop
      vertex 1.98634 16.074 14.1772
      vertex 2.0359 21.8941 14.3089
      vertex 1.98634 21.899 14.1772
    endloop
  endfacet
  facet normal -0.935926 0 0.352198
    outer loop
      vertex 2.0359 21.8941 14.3089
      vertex 1.98634 16.074 14.1772
      vertex 2.0359 16.0692 14.3089
    endloop
  endfacet
  facet normal 0.683669 0 0.729792
    outer loop
      vertex -1.52028 -21.9449 13.4797
      vertex -1.41759 -21.9536 13.3835
      vertex -1.41759 -16.13 13.3835
    endloop
  endfacet
  facet normal 0.683669 -0 0.729792
    outer loop
      vertex -1.52028 -21.9449 13.4797
      vertex -1.41759 -16.13 13.3835
      vertex -1.52028 -16.1199 13.4797
    endloop
  endfacet
  facet normal 0.684972 0.0427963 0.727312
    outer loop
      vertex -1.41759 -21.9536 13.3835
      vertex -1.52028 -21.9449 13.4797
      vertex -1.43887 -21.9529 13.4035
    endloop
  endfacet
  facet normal 0.684972 -0.0427963 0.727312
    outer loop
      vertex -1.52028 21.9449 13.4797
      vertex -1.41759 21.9536 13.3835
      vertex -1.43887 21.9529 13.4035
    endloop
  endfacet
  facet normal 0.683669 0 0.729792
    outer loop
      vertex -1.41759 21.9536 13.3835
      vertex -1.52028 21.9449 13.4797
      vertex -1.41759 16.13 13.3835
    endloop
  endfacet
  facet normal 0.683669 0 0.729792
    outer loop
      vertex -1.41759 16.13 13.3835
      vertex -1.52028 21.9449 13.4797
      vertex -1.52028 16.1199 13.4797
    endloop
  endfacet
  facet normal -0.956922 0 0.290347
    outer loop
      vertex 2.0359 -16.0692 14.3089
      vertex 2.07674 -21.8901 14.4435
      vertex 2.07674 -16.0651 14.4435
    endloop
  endfacet
  facet normal -0.956922 0 0.290347
    outer loop
      vertex 2.07674 -21.8901 14.4435
      vertex 2.0359 -16.0692 14.3089
      vertex 2.0359 -21.8941 14.3089
    endloop
  endfacet
  facet normal -0.956922 0 0.290347
    outer loop
      vertex 2.0359 16.0692 14.3089
      vertex 2.07674 21.8901 14.4435
      vertex 2.0359 21.8941 14.3089
    endloop
  endfacet
  facet normal -0.956922 0 0.290347
    outer loop
      vertex 2.07674 21.8901 14.4435
      vertex 2.0359 16.0692 14.3089
      vertex 2.07674 16.0651 14.4435
    endloop
  endfacet
  facet normal -0.227429 0 0.973795
    outer loop
      vertex 0.419444 -16.1863 12.8913
      vertex 0.55646 -21.9818 12.9233
      vertex 0.55646 -16.1818 12.9233
    endloop
  endfacet
  facet normal -0.227429 0 0.973795
    outer loop
      vertex 0.55646 -21.9818 12.9233
      vertex 0.419444 -16.1863 12.8913
      vertex 0.419444 -21.9863 12.8913
    endloop
  endfacet
  facet normal -0.227429 0 0.973795
    outer loop
      vertex 0.419444 16.1863 12.8913
      vertex 0.55646 21.9818 12.9233
      vertex 0.419444 21.9863 12.8913
    endloop
  endfacet
  facet normal -0.227429 0 0.973795
    outer loop
      vertex 0.55646 21.9818 12.9233
      vertex 0.419444 16.1863 12.8913
      vertex 0.55646 16.1818 12.9233
    endloop
  endfacet
  facet normal 0.98664 0 -0.162915
    outer loop
      vertex -2.11452 -16.0614 15.3841
      vertex -2.13161 -21.8847 15.2806
      vertex -2.13161 -16.0586 15.2806
    endloop
  endfacet
  facet normal 0.986635 6.14174e-07 -0.162948
    outer loop
      vertex -2.10869 -16.062 15.4194
      vertex -2.13161 -21.8847 15.2806
      vertex -2.11452 -16.0614 15.3841
    endloop
  endfacet
  facet normal 0.986639 0 -0.162923
    outer loop
      vertex -2.13161 -21.8847 15.2806
      vertex -2.10869 -16.062 15.4194
      vertex -2.10869 -21.8869 15.4194
    endloop
  endfacet
  facet normal 0.986639 0 -0.162923
    outer loop
      vertex -2.10869 16.062 15.4194
      vertex -2.13161 21.8847 15.2806
      vertex -2.10869 21.8869 15.4194
    endloop
  endfacet
  facet normal 0.986635 -6.14174e-07 -0.162948
    outer loop
      vertex -2.11452 16.0614 15.3841
      vertex -2.13161 21.8847 15.2806
      vertex -2.10869 16.062 15.4194
    endloop
  endfacet
  facet normal 0.98664 0 -0.162915
    outer loop
      vertex -2.13161 21.8847 15.2806
      vertex -2.11452 16.0614 15.3841
      vertex -2.13161 16.0586 15.2806
    endloop
  endfacet
  facet normal 0.98664 -0 0.162915
    outer loop
      vertex -2.13161 -21.8847 14.7194
      vertex -2.11452 -16.0614 14.6159
      vertex -2.13161 -16.0586 14.7194
    endloop
  endfacet
  facet normal 0.986635 6.14174e-07 0.162948
    outer loop
      vertex -2.13161 -21.8847 14.7194
      vertex -2.10869 -16.062 14.5806
      vertex -2.11452 -16.0614 14.6159
    endloop
  endfacet
  facet normal 0.986639 0 0.162923
    outer loop
      vertex -2.10869 -16.062 14.5806
      vertex -2.13161 -21.8847 14.7194
      vertex -2.10869 -21.8869 14.5806
    endloop
  endfacet
  facet normal 0.986639 0 0.162923
    outer loop
      vertex -2.13161 21.8847 14.7194
      vertex -2.10869 16.062 14.5806
      vertex -2.10869 21.8869 14.5806
    endloop
  endfacet
  facet normal 0.986635 -6.14174e-07 0.162948
    outer loop
      vertex -2.13161 21.8847 14.7194
      vertex -2.11452 16.0614 14.6159
      vertex -2.10869 16.062 14.5806
    endloop
  endfacet
  facet normal 0.98664 0 0.162915
    outer loop
      vertex -2.11452 16.0614 14.6159
      vertex -2.13161 21.8847 14.7194
      vertex -2.13161 16.0586 14.7194
    endloop
  endfacet
  facet normal -0.849266 0 0.527966
    outer loop
      vertex 1.78766 -16.0936 13.8055
      vertex 1.86195 -21.9112 13.925
      vertex 1.86195 -16.0863 13.925
    endloop
  endfacet
  facet normal -0.849266 0 0.527966
    outer loop
      vertex 1.86195 -21.9112 13.925
      vertex 1.78766 -16.0936 13.8055
      vertex 1.78766 -21.9185 13.8055
    endloop
  endfacet
  facet normal -0.849266 0 0.527966
    outer loop
      vertex 1.78766 16.0936 13.8055
      vertex 1.86195 21.9112 13.925
      vertex 1.78766 21.9185 13.8055
    endloop
  endfacet
  facet normal -0.849266 0 0.527966
    outer loop
      vertex 1.86195 21.9112 13.925
      vertex 1.78766 16.0936 13.8055
      vertex 1.86195 16.0863 13.925
    endloop
  endfacet
  facet normal 0.995184 -0 0.0980256
    outer loop
      vertex -2.1454 -21.8833 14.8594
      vertex -2.13161 -16.0586 14.7194
      vertex -2.1454 -16.0563 14.8594
    endloop
  endfacet
  facet normal 0.995184 0 0.0980256
    outer loop
      vertex -2.13161 -16.0586 14.7194
      vertex -2.1454 -21.8833 14.8594
      vertex -2.13161 -21.8847 14.7194
    endloop
  endfacet
  facet normal 0.995184 0 0.0980256
    outer loop
      vertex -2.1454 21.8833 14.8594
      vertex -2.13161 16.0586 14.7194
      vertex -2.13161 21.8847 14.7194
    endloop
  endfacet
  facet normal 0.995184 0 0.0980256
    outer loop
      vertex -2.13161 16.0586 14.7194
      vertex -2.1454 21.8833 14.8594
      vertex -2.1454 16.0563 14.8594
    endloop
  endfacet
  facet normal -0.582716 0 0.812676
    outer loop
      vertex 1.19448 -16.152 13.2123
      vertex 1.30884 -21.9572 13.2943
      vertex 1.30884 -16.1408 13.2943
    endloop
  endfacet
  facet normal -0.582716 0 0.812676
    outer loop
      vertex 1.30884 -21.9572 13.2943
      vertex 1.19448 -16.152 13.2123
      vertex 1.19448 -21.9609 13.2123
    endloop
  endfacet
  facet normal -0.582716 0 0.812676
    outer loop
      vertex 1.19448 16.152 13.2123
      vertex 1.30884 21.9572 13.2943
      vertex 1.19448 21.9609 13.2123
    endloop
  endfacet
  facet normal -0.582716 0 0.812676
    outer loop
      vertex 1.30884 21.9572 13.2943
      vertex 1.19448 16.152 13.2123
      vertex 1.30884 16.1408 13.2943
    endloop
  endfacet
  facet normal -0.16277 -0 -0.986664
    outer loop
      vertex 0.280631 -16.1908 17.1316
      vertex 0.419444 -21.9863 17.1087
      vertex 0.280631 -21.9908 17.1316
    endloop
  endfacet
  facet normal -0.16277 0 -0.986664
    outer loop
      vertex 0.419444 -21.9863 17.1087
      vertex 0.280631 -16.1908 17.1316
      vertex 0.419444 -16.1863 17.1087
    endloop
  endfacet
  facet normal -0.16277 0 -0.986664
    outer loop
      vertex 0.280631 16.1908 17.1316
      vertex 0.419444 21.9863 17.1087
      vertex 0.419444 16.1863 17.1087
    endloop
  endfacet
  facet normal -0.16277 0 -0.986664
    outer loop
      vertex 0.419444 21.9863 17.1087
      vertex 0.280631 16.1908 17.1316
      vertex 0.280631 21.9908 17.1316
    endloop
  endfacet
  facet normal 0.528081 -0 0.849194
    outer loop
      vertex -1.19448 -21.9609 13.2123
      vertex -1.075 -16.1638 13.138
      vertex -1.19448 -16.152 13.2123
    endloop
  endfacet
  facet normal 0.528081 0 0.849194
    outer loop
      vertex -1.075 -16.1638 13.138
      vertex -1.19448 -21.9609 13.2123
      vertex -1.075 -21.9648 13.138
    endloop
  endfacet
  facet normal 0.528081 0 0.849194
    outer loop
      vertex -1.19448 21.9609 13.2123
      vertex -1.075 16.1638 13.138
      vertex -1.075 21.9648 13.138
    endloop
  endfacet
  facet normal 0.528081 0 0.849194
    outer loop
      vertex -1.075 16.1638 13.138
      vertex -1.19448 21.9609 13.2123
      vertex -1.19448 16.152 13.2123
    endloop
  endfacet
  facet normal 0.634186 -0 0.773181
    outer loop
      vertex -1.41759 -21.9536 13.3835
      vertex -1.30884 -16.1408 13.2943
      vertex -1.41759 -16.13 13.3835
    endloop
  endfacet
  facet normal 0.634186 0 0.773181
    outer loop
      vertex -1.30884 -16.1408 13.2943
      vertex -1.41759 -21.9536 13.3835
      vertex -1.30884 -21.9572 13.2943
    endloop
  endfacet
  facet normal 0.634186 0 0.773181
    outer loop
      vertex -1.41759 21.9536 13.3835
      vertex -1.30884 16.1408 13.2943
      vertex -1.30884 21.9572 13.2943
    endloop
  endfacet
  facet normal 0.634186 0 0.773181
    outer loop
      vertex -1.30884 16.1408 13.2943
      vertex -1.41759 21.9536 13.3835
      vertex -1.41759 16.13 13.3835
    endloop
  endfacet
  facet normal 0.88193 0 -0.471381
    outer loop
      vertex -1.86195 -16.0863 16.075
      vertex -1.92828 -21.9047 15.9509
      vertex -1.92828 -16.0798 15.9509
    endloop
  endfacet
  facet normal 0.88193 0 -0.471381
    outer loop
      vertex -1.92828 -21.9047 15.9509
      vertex -1.86195 -16.0863 16.075
      vertex -1.86195 -21.9112 16.075
    endloop
  endfacet
  facet normal 0.88193 0 -0.471381
    outer loop
      vertex -1.86195 16.0863 16.075
      vertex -1.92828 21.9047 15.9509
      vertex -1.86195 21.9112 16.075
    endloop
  endfacet
  facet normal 0.88193 0 -0.471381
    outer loop
      vertex -1.92828 21.9047 15.9509
      vertex -1.86195 16.0863 16.075
      vertex -1.92828 16.0798 15.9509
    endloop
  endfacet
  facet normal 0.227429 0 -0.973795
    outer loop
      vertex -0.55646 -21.9818 17.0767
      vertex -0.419444 -16.1863 17.1087
      vertex -0.419444 -21.9863 17.1087
    endloop
  endfacet
  facet normal 0.227429 0 -0.973795
    outer loop
      vertex -0.419444 -16.1863 17.1087
      vertex -0.55646 -21.9818 17.0767
      vertex -0.55646 -16.1818 17.0767
    endloop
  endfacet
  facet normal 0.227429 0 -0.973795
    outer loop
      vertex -0.55646 21.9818 17.0767
      vertex -0.419444 16.1863 17.1087
      vertex -0.55646 16.1818 17.0767
    endloop
  endfacet
  facet normal 0.227429 0 -0.973795
    outer loop
      vertex -0.419444 16.1863 17.1087
      vertex -0.55646 21.9818 17.0767
      vertex -0.419444 21.9863 17.1087
    endloop
  endfacet
  facet normal -0.528081 -0 -0.849194
    outer loop
      vertex 1.075 -16.1638 16.862
      vertex 1.19448 -21.9609 16.7877
      vertex 1.075 -21.9648 16.862
    endloop
  endfacet
  facet normal -0.528081 0 -0.849194
    outer loop
      vertex 1.19448 -21.9609 16.7877
      vertex 1.075 -16.1638 16.862
      vertex 1.19448 -16.152 16.7877
    endloop
  endfacet
  facet normal -0.528081 0 -0.849194
    outer loop
      vertex 1.075 16.1638 16.862
      vertex 1.19448 21.9609 16.7877
      vertex 1.19448 16.152 16.7877
    endloop
  endfacet
  facet normal -0.528081 0 -0.849194
    outer loop
      vertex 1.19448 21.9609 16.7877
      vertex 1.075 16.1638 16.862
      vertex 1.075 21.9648 16.862
    endloop
  endfacet
  facet normal 0.582716 0 -0.812676
    outer loop
      vertex -1.30884 -21.9572 16.7057
      vertex -1.19448 -16.152 16.7877
      vertex -1.19448 -21.9609 16.7877
    endloop
  endfacet
  facet normal 0.582716 0 -0.812676
    outer loop
      vertex -1.19448 -16.152 16.7877
      vertex -1.30884 -21.9572 16.7057
      vertex -1.30884 -16.1408 16.7057
    endloop
  endfacet
  facet normal 0.582716 0 -0.812676
    outer loop
      vertex -1.30884 21.9572 16.7057
      vertex -1.19448 16.152 16.7877
      vertex -1.30884 16.1408 16.7057
    endloop
  endfacet
  facet normal 0.582716 0 -0.812676
    outer loop
      vertex -1.19448 16.152 16.7877
      vertex -1.30884 21.9572 16.7057
      vertex -1.19448 21.9609 16.7877
    endloop
  endfacet
  facet normal -0.683669 0 0.729792
    outer loop
      vertex 1.41759 -16.13 13.3835
      vertex 1.52028 -21.9449 13.4797
      vertex 1.52028 -16.1199 13.4797
    endloop
  endfacet
  facet normal -0.683669 0 0.729792
    outer loop
      vertex 1.41759 -21.9536 13.3835
      vertex 1.52028 -21.9449 13.4797
      vertex 1.41759 -16.13 13.3835
    endloop
  endfacet
  facet normal -0.684972 0.0427963 0.727312
    outer loop
      vertex 1.52028 -21.9449 13.4797
      vertex 1.41759 -21.9536 13.3835
      vertex 1.43887 -21.9529 13.4035
    endloop
  endfacet
  facet normal -0.684972 -0.0427963 0.727312
    outer loop
      vertex 1.41759 21.9536 13.3835
      vertex 1.52028 21.9449 13.4797
      vertex 1.43887 21.9529 13.4035
    endloop
  endfacet
  facet normal -0.683669 0 0.729792
    outer loop
      vertex 1.52028 21.9449 13.4797
      vertex 1.41759 21.9536 13.3835
      vertex 1.41759 16.13 13.3835
    endloop
  endfacet
  facet normal -0.683669 0 0.729792
    outer loop
      vertex 1.52028 21.9449 13.4797
      vertex 1.41759 16.13 13.3835
      vertex 1.52028 16.1199 13.4797
    endloop
  endfacet
  facet normal 0.973904 -0 0.22696
    outer loop
      vertex -2.10869 -21.8869 14.5806
      vertex -2.07674 -16.0651 14.4435
      vertex -2.10869 -16.062 14.5806
    endloop
  endfacet
  facet normal 0.973904 0 0.22696
    outer loop
      vertex -2.07674 -16.0651 14.4435
      vertex -2.10869 -21.8869 14.5806
      vertex -2.07674 -21.8901 14.4435
    endloop
  endfacet
  facet normal 0.973904 0 0.22696
    outer loop
      vertex -2.10869 21.8869 14.5806
      vertex -2.07674 16.0651 14.4435
      vertex -2.07674 21.8901 14.4435
    endloop
  endfacet
  facet normal 0.973904 0 0.22696
    outer loop
      vertex -2.07674 16.0651 14.4435
      vertex -2.10869 21.8869 14.5806
      vertex -2.10869 16.062 14.5806
    endloop
  endfacet
  facet normal 0.227429 -0 0.973795
    outer loop
      vertex -0.55646 -21.9818 12.9233
      vertex -0.419444 -16.1863 12.8913
      vertex -0.55646 -16.1818 12.9233
    endloop
  endfacet
  facet normal 0.227429 0 0.973795
    outer loop
      vertex -0.419444 -16.1863 12.8913
      vertex -0.55646 -21.9818 12.9233
      vertex -0.419444 -21.9863 12.8913
    endloop
  endfacet
  facet normal 0.227429 0 0.973795
    outer loop
      vertex -0.55646 21.9818 12.9233
      vertex -0.419444 16.1863 12.8913
      vertex -0.419444 21.9863 12.8913
    endloop
  endfacet
  facet normal 0.227429 0 0.973795
    outer loop
      vertex -0.419444 16.1863 12.8913
      vertex -0.55646 21.9818 12.9233
      vertex -0.55646 16.1818 12.9233
    endloop
  endfacet
  facet normal 0.999465 -0 0.0326994
    outer loop
      vertex -2.15 -21.8829 15
      vertex -2.1454 -16.0563 14.8594
      vertex -2.15 -16.0555 15
    endloop
  endfacet
  facet normal 0.999465 0 0.0326994
    outer loop
      vertex -2.1454 -16.0563 14.8594
      vertex -2.15 -21.8829 15
      vertex -2.1454 -21.8833 14.8594
    endloop
  endfacet
  facet normal 0.999465 0 0.0326994
    outer loop
      vertex -2.15 21.8829 15
      vertex -2.1454 16.0563 14.8594
      vertex -2.1454 21.8833 14.8594
    endloop
  endfacet
  facet normal 0.999465 0 0.0326994
    outer loop
      vertex -2.1454 16.0563 14.8594
      vertex -2.15 21.8829 15
      vertex -2.15 16.0555 15
    endloop
  endfacet
  facet normal 0.352506 -0 0.93581
    outer loop
      vertex -0.822769 -21.9731 13.0137
      vertex -0.691094 -16.1774 12.9641
      vertex -0.822769 -16.1731 13.0137
    endloop
  endfacet
  facet normal 0.352506 0 0.93581
    outer loop
      vertex -0.691094 -16.1774 12.9641
      vertex -0.822769 -21.9731 13.0137
      vertex -0.691094 -21.9774 12.9641
    endloop
  endfacet
  facet normal 0.352506 0 0.93581
    outer loop
      vertex -0.822769 21.9731 13.0137
      vertex -0.691094 16.1774 12.9641
      vertex -0.691094 21.9774 12.9641
    endloop
  endfacet
  facet normal 0.352506 0 0.93581
    outer loop
      vertex -0.691094 16.1774 12.9641
      vertex -0.822769 21.9731 13.0137
      vertex -0.822769 16.1731 13.0137
    endloop
  endfacet
  facet normal 0.729896 0 -0.683558
    outer loop
      vertex -1.52028 -16.1199 16.5203
      vertex -1.61646 -21.9354 16.4176
      vertex -1.61646 -16.1105 16.4176
    endloop
  endfacet
  facet normal 0.729896 0 -0.683558
    outer loop
      vertex -1.61646 -21.9354 16.4176
      vertex -1.52028 -16.1199 16.5203
      vertex -1.52028 -21.9449 16.5203
    endloop
  endfacet
  facet normal 0.729896 0 -0.683558
    outer loop
      vertex -1.52028 16.1199 16.5203
      vertex -1.61646 21.9354 16.4176
      vertex -1.52028 21.9449 16.5203
    endloop
  endfacet
  facet normal 0.729896 0 -0.683558
    outer loop
      vertex -1.61646 21.9354 16.4176
      vertex -1.52028 16.1199 16.5203
      vertex -1.61646 16.1105 16.4176
    endloop
  endfacet
  facet normal 0.16277 -0 0.986664
    outer loop
      vertex -0.419444 -21.9863 12.8913
      vertex -0.280631 -16.1908 12.8684
      vertex -0.419444 -16.1863 12.8913
    endloop
  endfacet
  facet normal 0.16277 0 0.986664
    outer loop
      vertex -0.280631 -16.1908 12.8684
      vertex -0.419444 -21.9863 12.8913
      vertex -0.280631 -21.9908 12.8684
    endloop
  endfacet
  facet normal 0.16277 0 0.986664
    outer loop
      vertex -0.419444 21.9863 12.8913
      vertex -0.280631 16.1908 12.8684
      vertex -0.280631 21.9908 12.8684
    endloop
  endfacet
  facet normal 0.16277 0 0.986664
    outer loop
      vertex -0.280631 16.1908 12.8684
      vertex -0.419444 21.9863 12.8913
      vertex -0.419444 16.1863 12.8913
    endloop
  endfacet
  facet normal 0.935926 0 -0.352198
    outer loop
      vertex -1.98634 -16.074 15.8228
      vertex -2.0359 -21.8941 15.6911
      vertex -2.0359 -16.0692 15.6911
    endloop
  endfacet
  facet normal 0.935926 0 -0.352198
    outer loop
      vertex -2.0359 -21.8941 15.6911
      vertex -1.98634 -16.074 15.8228
      vertex -1.98634 -21.899 15.8228
    endloop
  endfacet
  facet normal 0.935926 0 -0.352198
    outer loop
      vertex -1.98634 16.074 15.8228
      vertex -2.0359 21.8941 15.6911
      vertex -1.98634 21.899 15.8228
    endloop
  endfacet
  facet normal 0.935926 0 -0.352198
    outer loop
      vertex -2.0359 21.8941 15.6911
      vertex -1.98634 16.074 15.8228
      vertex -2.0359 16.0692 15.6911
    endloop
  endfacet
  facet normal -0.849266 0 -0.527966
    outer loop
      vertex 1.86195 -21.9112 16.075
      vertex 1.78766 -16.0936 16.1945
      vertex 1.86195 -16.0863 16.075
    endloop
  endfacet
  facet normal -0.849266 -0 -0.527966
    outer loop
      vertex 1.78766 -16.0936 16.1945
      vertex 1.86195 -21.9112 16.075
      vertex 1.78766 -21.9185 16.1945
    endloop
  endfacet
  facet normal -0.849266 0 -0.527966
    outer loop
      vertex 1.86195 21.9112 16.075
      vertex 1.78766 16.0936 16.1945
      vertex 1.78766 21.9185 16.1945
    endloop
  endfacet
  facet normal -0.849266 0 -0.527966
    outer loop
      vertex 1.78766 16.0936 16.1945
      vertex 1.86195 21.9112 16.075
      vertex 1.86195 16.0863 16.075
    endloop
  endfacet
  facet normal -0.0980856 -0 -0.995178
    outer loop
      vertex 0.140616 -16.1954 17.1454
      vertex 0.280631 -21.9908 17.1316
      vertex 0.140616 -21.9954 17.1454
    endloop
  endfacet
  facet normal -0.0980856 0 -0.995178
    outer loop
      vertex 0.280631 -21.9908 17.1316
      vertex 0.140616 -16.1954 17.1454
      vertex 0.280631 -16.1908 17.1316
    endloop
  endfacet
  facet normal -0.0980856 0 -0.995178
    outer loop
      vertex 0.140616 16.1954 17.1454
      vertex 0.280631 21.9908 17.1316
      vertex 0.280631 16.1908 17.1316
    endloop
  endfacet
  facet normal -0.0980856 0 -0.995178
    outer loop
      vertex 0.280631 21.9908 17.1316
      vertex 0.140616 16.1954 17.1454
      vertex 0.140616 21.9954 17.1454
    endloop
  endfacet
  facet normal -0.290019 -0 -0.957021
    outer loop
      vertex 0.55646 -16.1818 17.0767
      vertex 0.691094 -21.9774 17.0359
      vertex 0.55646 -21.9818 17.0767
    endloop
  endfacet
  facet normal -0.290019 0 -0.957021
    outer loop
      vertex 0.691094 -21.9774 17.0359
      vertex 0.55646 -16.1818 17.0767
      vertex 0.691094 -16.1774 17.0359
    endloop
  endfacet
  facet normal -0.290019 0 -0.957021
    outer loop
      vertex 0.55646 16.1818 17.0767
      vertex 0.691094 21.9774 17.0359
      vertex 0.691094 16.1774 17.0359
    endloop
  endfacet
  facet normal -0.290019 0 -0.957021
    outer loop
      vertex 0.691094 21.9774 17.0359
      vertex 0.55646 16.1818 17.0767
      vertex 0.55646 21.9818 17.0767
    endloop
  endfacet
  facet normal 0.995184 0 -0.0980256
    outer loop
      vertex -2.13161 -16.0586 15.2806
      vertex -2.1454 -21.8833 15.1406
      vertex -2.1454 -16.0563 15.1406
    endloop
  endfacet
  facet normal 0.995184 0 -0.0980256
    outer loop
      vertex -2.1454 -21.8833 15.1406
      vertex -2.13161 -16.0586 15.2806
      vertex -2.13161 -21.8847 15.2806
    endloop
  endfacet
  facet normal 0.995184 0 -0.0980256
    outer loop
      vertex -2.13161 16.0586 15.2806
      vertex -2.1454 21.8833 15.1406
      vertex -2.13161 21.8847 15.2806
    endloop
  endfacet
  facet normal 0.995184 0 -0.0980256
    outer loop
      vertex -2.1454 21.8833 15.1406
      vertex -2.13161 16.0586 15.2806
      vertex -2.1454 16.0563 15.1406
    endloop
  endfacet
  facet normal 0.352506 0 -0.93581
    outer loop
      vertex -0.822769 -21.9731 16.9863
      vertex -0.691094 -16.1774 17.0359
      vertex -0.691094 -21.9774 17.0359
    endloop
  endfacet
  facet normal 0.352506 0 -0.93581
    outer loop
      vertex -0.691094 -16.1774 17.0359
      vertex -0.822769 -21.9731 16.9863
      vertex -0.822769 -16.1731 16.9863
    endloop
  endfacet
  facet normal 0.352506 0 -0.93581
    outer loop
      vertex -0.822769 21.9731 16.9863
      vertex -0.691094 16.1774 17.0359
      vertex -0.822769 16.1731 16.9863
    endloop
  endfacet
  facet normal 0.352506 0 -0.93581
    outer loop
      vertex -0.691094 16.1774 17.0359
      vertex -0.822769 21.9731 16.9863
      vertex -0.691094 21.9774 17.0359
    endloop
  endfacet
  facet normal -0.0326957 0 -0.999465
    outer loop
      vertex 0 16.2 17.15
      vertex 0.140616 21.9954 17.1454
      vertex 0.140616 16.1954 17.1454
    endloop
  endfacet
  facet normal -0.0326957 0 -0.999465
    outer loop
      vertex 0.140616 21.9954 17.1454
      vertex 0 16.2 17.15
      vertex 0 22 17.15
    endloop
  endfacet
  facet normal -0.0326957 -0 -0.999465
    outer loop
      vertex 0 -16.2 17.15
      vertex 0.140616 -21.9954 17.1454
      vertex 0 -22 17.15
    endloop
  endfacet
  facet normal -0.0326957 0 -0.999465
    outer loop
      vertex 0.140616 -21.9954 17.1454
      vertex 0 -16.2 17.15
      vertex 0.140616 -16.1954 17.1454
    endloop
  endfacet
  facet normal -0.729896 0 -0.683558
    outer loop
      vertex 1.61646 -21.9354 16.4176
      vertex 1.52028 -16.1199 16.5203
      vertex 1.61646 -16.1105 16.4176
    endloop
  endfacet
  facet normal -0.729896 -0 -0.683558
    outer loop
      vertex 1.52028 -16.1199 16.5203
      vertex 1.61646 -21.9354 16.4176
      vertex 1.52028 -21.9449 16.5203
    endloop
  endfacet
  facet normal -0.729896 0 -0.683558
    outer loop
      vertex 1.61646 21.9354 16.4176
      vertex 1.52028 16.1199 16.5203
      vertex 1.52028 21.9449 16.5203
    endloop
  endfacet
  facet normal -0.729896 0 -0.683558
    outer loop
      vertex 1.52028 16.1199 16.5203
      vertex 1.61646 21.9354 16.4176
      vertex 1.61646 16.1105 16.4176
    endloop
  endfacet
  facet normal -0.973904 0 -0.22696
    outer loop
      vertex 2.10869 -21.8869 15.4194
      vertex 2.07674 -16.0651 15.5565
      vertex 2.10869 -16.062 15.4194
    endloop
  endfacet
  facet normal -0.973904 -0 -0.22696
    outer loop
      vertex 2.07674 -16.0651 15.5565
      vertex 2.10869 -21.8869 15.4194
      vertex 2.07674 -21.8901 15.5565
    endloop
  endfacet
  facet normal -0.973904 0 -0.22696
    outer loop
      vertex 2.10869 21.8869 15.4194
      vertex 2.07674 16.0651 15.5565
      vertex 2.07674 21.8901 15.5565
    endloop
  endfacet
  facet normal -0.973904 0 -0.22696
    outer loop
      vertex 2.07674 16.0651 15.5565
      vertex 2.10869 21.8869 15.4194
      vertex 2.10869 16.062 15.4194
    endloop
  endfacet
  facet normal -0.684972 0.0427963 -0.727312
    outer loop
      vertex 1.41759 -21.9536 16.6165
      vertex 1.52028 -21.9449 16.5203
      vertex 1.43887 -21.9529 16.5965
    endloop
  endfacet
  facet normal -0.683669 0 -0.729792
    outer loop
      vertex 1.52028 -21.9449 16.5203
      vertex 1.41759 -21.9536 16.6165
      vertex 1.41759 -16.13 16.6165
    endloop
  endfacet
  facet normal -0.683669 0 -0.729792
    outer loop
      vertex 1.52028 -21.9449 16.5203
      vertex 1.41759 -16.13 16.6165
      vertex 1.52028 -16.1199 16.5203
    endloop
  endfacet
  facet normal -0.683669 0 -0.729792
    outer loop
      vertex 1.41759 16.13 16.6165
      vertex 1.52028 21.9449 16.5203
      vertex 1.52028 16.1199 16.5203
    endloop
  endfacet
  facet normal -0.683669 -0 -0.729792
    outer loop
      vertex 1.41759 21.9536 16.6165
      vertex 1.52028 21.9449 16.5203
      vertex 1.41759 16.13 16.6165
    endloop
  endfacet
  facet normal -0.684972 -0.0427963 -0.727312
    outer loop
      vertex 1.52028 21.9449 16.5203
      vertex 1.41759 21.9536 16.6165
      vertex 1.43887 21.9529 16.5965
    endloop
  endfacet
  facet normal 0.0326957 0 -0.999465
    outer loop
      vertex -0.140616 21.9954 17.1454
      vertex 0 16.2 17.15
      vertex -0.140616 16.1954 17.1454
    endloop
  endfacet
  facet normal 0.0326957 0 -0.999465
    outer loop
      vertex 0 16.2 17.15
      vertex -0.140616 21.9954 17.1454
      vertex 0 22 17.15
    endloop
  endfacet
  facet normal 0.0326957 0 -0.999465
    outer loop
      vertex -0.140616 -21.9954 17.1454
      vertex 0 -16.2 17.15
      vertex 0 -22 17.15
    endloop
  endfacet
  facet normal 0.0326957 0 -0.999465
    outer loop
      vertex 0 -16.2 17.15
      vertex -0.140616 -21.9954 17.1454
      vertex -0.140616 -16.1954 17.1454
    endloop
  endfacet
  facet normal 0.729896 -0 0.683558
    outer loop
      vertex -1.61646 -21.9354 13.5824
      vertex -1.52028 -16.1199 13.4797
      vertex -1.61646 -16.1105 13.5824
    endloop
  endfacet
  facet normal 0.729896 0 0.683558
    outer loop
      vertex -1.52028 -16.1199 13.4797
      vertex -1.61646 -21.9354 13.5824
      vertex -1.52028 -21.9449 13.4797
    endloop
  endfacet
  facet normal 0.729896 0 0.683558
    outer loop
      vertex -1.61646 21.9354 13.5824
      vertex -1.52028 16.1199 13.4797
      vertex -1.52028 21.9449 13.4797
    endloop
  endfacet
  facet normal 0.729896 0 0.683558
    outer loop
      vertex -1.52028 16.1199 13.4797
      vertex -1.61646 21.9354 13.5824
      vertex -1.61646 16.1105 13.5824
    endloop
  endfacet
  facet normal 0.956922 -0 0.290347
    outer loop
      vertex -2.07674 -21.8901 14.4435
      vertex -2.0359 -16.0692 14.3089
      vertex -2.07674 -16.0651 14.4435
    endloop
  endfacet
  facet normal 0.956922 0 0.290347
    outer loop
      vertex -2.0359 -16.0692 14.3089
      vertex -2.07674 -21.8901 14.4435
      vertex -2.0359 -21.8941 14.3089
    endloop
  endfacet
  facet normal 0.956922 0 0.290347
    outer loop
      vertex -2.07674 21.8901 14.4435
      vertex -2.0359 16.0692 14.3089
      vertex -2.0359 21.8941 14.3089
    endloop
  endfacet
  facet normal 0.956922 0 0.290347
    outer loop
      vertex -2.0359 16.0692 14.3089
      vertex -2.07674 21.8901 14.4435
      vertex -2.07674 16.0651 14.4435
    endloop
  endfacet
  facet normal 0.634186 0 -0.773181
    outer loop
      vertex -1.41759 -21.9536 16.6165
      vertex -1.30884 -16.1408 16.7057
      vertex -1.30884 -21.9572 16.7057
    endloop
  endfacet
  facet normal 0.634186 0 -0.773181
    outer loop
      vertex -1.30884 -16.1408 16.7057
      vertex -1.41759 -21.9536 16.6165
      vertex -1.41759 -16.13 16.6165
    endloop
  endfacet
  facet normal 0.634186 0 -0.773181
    outer loop
      vertex -1.41759 21.9536 16.6165
      vertex -1.30884 16.1408 16.7057
      vertex -1.41759 16.13 16.6165
    endloop
  endfacet
  facet normal 0.634186 0 -0.773181
    outer loop
      vertex -1.30884 16.1408 16.7057
      vertex -1.41759 21.9536 16.6165
      vertex -1.30884 21.9572 16.7057
    endloop
  endfacet
  facet normal 0.528081 0 -0.849194
    outer loop
      vertex -1.19448 -21.9609 16.7877
      vertex -1.075 -16.1638 16.862
      vertex -1.075 -21.9648 16.862
    endloop
  endfacet
  facet normal 0.528081 0 -0.849194
    outer loop
      vertex -1.075 -16.1638 16.862
      vertex -1.19448 -21.9609 16.7877
      vertex -1.19448 -16.152 16.7877
    endloop
  endfacet
  facet normal 0.528081 0 -0.849194
    outer loop
      vertex -1.19448 21.9609 16.7877
      vertex -1.075 16.1638 16.862
      vertex -1.19448 16.152 16.7877
    endloop
  endfacet
  facet normal 0.528081 0 -0.849194
    outer loop
      vertex -1.075 16.1638 16.862
      vertex -1.19448 21.9609 16.7877
      vertex -1.075 21.9648 16.862
    endloop
  endfacet
  facet normal 0.0980856 0 -0.995178
    outer loop
      vertex -0.280631 -21.9908 17.1316
      vertex -0.140616 -16.1954 17.1454
      vertex -0.140616 -21.9954 17.1454
    endloop
  endfacet
  facet normal 0.0980856 0 -0.995178
    outer loop
      vertex -0.140616 -16.1954 17.1454
      vertex -0.280631 -21.9908 17.1316
      vertex -0.280631 -16.1908 17.1316
    endloop
  endfacet
  facet normal 0.0980856 0 -0.995178
    outer loop
      vertex -0.280631 21.9908 17.1316
      vertex -0.140616 16.1954 17.1454
      vertex -0.280631 16.1908 17.1316
    endloop
  endfacet
  facet normal 0.0980856 0 -0.995178
    outer loop
      vertex -0.140616 16.1954 17.1454
      vertex -0.280631 21.9908 17.1316
      vertex -0.140616 21.9954 17.1454
    endloop
  endfacet
  facet normal 0.412327 0 -0.911036
    outer loop
      vertex -0.95092 -21.9689 16.9283
      vertex -0.822769 -16.1731 16.9863
      vertex -0.822769 -21.9731 16.9863
    endloop
  endfacet
  facet normal 0.412327 0 -0.911036
    outer loop
      vertex -0.822769 -16.1731 16.9863
      vertex -0.95092 -21.9689 16.9283
      vertex -0.95092 -16.1689 16.9283
    endloop
  endfacet
  facet normal 0.412327 0 -0.911036
    outer loop
      vertex -0.95092 21.9689 16.9283
      vertex -0.822769 16.1731 16.9863
      vertex -0.95092 16.1689 16.9283
    endloop
  endfacet
  facet normal 0.412327 0 -0.911036
    outer loop
      vertex -0.822769 16.1731 16.9863
      vertex -0.95092 21.9689 16.9283
      vertex -0.822769 21.9731 16.9863
    endloop
  endfacet
  facet normal -0.352506 0 0.93581
    outer loop
      vertex 0.691094 -16.1774 12.9641
      vertex 0.822769 -21.9731 13.0137
      vertex 0.822769 -16.1731 13.0137
    endloop
  endfacet
  facet normal -0.352506 0 0.93581
    outer loop
      vertex 0.822769 -21.9731 13.0137
      vertex 0.691094 -16.1774 12.9641
      vertex 0.691094 -21.9774 12.9641
    endloop
  endfacet
  facet normal -0.352506 0 0.93581
    outer loop
      vertex 0.691094 16.1774 12.9641
      vertex 0.822769 21.9731 13.0137
      vertex 0.691094 21.9774 12.9641
    endloop
  endfacet
  facet normal -0.352506 0 0.93581
    outer loop
      vertex 0.822769 21.9731 13.0137
      vertex 0.691094 16.1774 12.9641
      vertex 0.822769 16.1731 13.0137
    endloop
  endfacet
  facet normal -0.999465 0 -0.0326994
    outer loop
      vertex 2.15 -21.8829 15
      vertex 2.1454 -16.0563 15.1406
      vertex 2.15 -16.0555 15
    endloop
  endfacet
  facet normal -0.999465 -0 -0.0326994
    outer loop
      vertex 2.1454 -16.0563 15.1406
      vertex 2.15 -21.8829 15
      vertex 2.1454 -21.8833 15.1406
    endloop
  endfacet
  facet normal -0.999465 0 -0.0326994
    outer loop
      vertex 2.15 21.8829 15
      vertex 2.1454 16.0563 15.1406
      vertex 2.1454 21.8833 15.1406
    endloop
  endfacet
  facet normal -0.999465 0 -0.0326994
    outer loop
      vertex 2.1454 16.0563 15.1406
      vertex 2.15 21.8829 15
      vertex 2.15 16.0555 15
    endloop
  endfacet
  facet normal 0.849266 0 -0.527966
    outer loop
      vertex -1.78766 -16.0936 16.1945
      vertex -1.86195 -21.9112 16.075
      vertex -1.86195 -16.0863 16.075
    endloop
  endfacet
  facet normal 0.849266 0 -0.527966
    outer loop
      vertex -1.86195 -21.9112 16.075
      vertex -1.78766 -16.0936 16.1945
      vertex -1.78766 -21.9185 16.1945
    endloop
  endfacet
  facet normal 0.849266 0 -0.527966
    outer loop
      vertex -1.78766 16.0936 16.1945
      vertex -1.86195 21.9112 16.075
      vertex -1.78766 21.9185 16.1945
    endloop
  endfacet
  facet normal 0.849266 0 -0.527966
    outer loop
      vertex -1.86195 21.9112 16.075
      vertex -1.78766 16.0936 16.1945
      vertex -1.86195 16.0863 16.075
    endloop
  endfacet
  facet normal -0.956922 0 -0.290347
    outer loop
      vertex 2.07674 -21.8901 15.5565
      vertex 2.0359 -16.0692 15.6911
      vertex 2.07674 -16.0651 15.5565
    endloop
  endfacet
  facet normal -0.956922 -0 -0.290347
    outer loop
      vertex 2.0359 -16.0692 15.6911
      vertex 2.07674 -21.8901 15.5565
      vertex 2.0359 -21.8941 15.6911
    endloop
  endfacet
  facet normal -0.956922 0 -0.290347
    outer loop
      vertex 2.07674 21.8901 15.5565
      vertex 2.0359 16.0692 15.6911
      vertex 2.0359 21.8941 15.6911
    endloop
  endfacet
  facet normal -0.956922 0 -0.290347
    outer loop
      vertex 2.0359 16.0692 15.6911
      vertex 2.07674 21.8901 15.5565
      vertex 2.07674 16.0651 15.5565
    endloop
  endfacet
  facet normal -0.935926 0 -0.352198
    outer loop
      vertex 2.0359 -21.8941 15.6911
      vertex 1.98634 -16.074 15.8228
      vertex 2.0359 -16.0692 15.6911
    endloop
  endfacet
  facet normal -0.935926 -0 -0.352198
    outer loop
      vertex 1.98634 -16.074 15.8228
      vertex 2.0359 -21.8941 15.6911
      vertex 1.98634 -21.899 15.8228
    endloop
  endfacet
  facet normal -0.935926 0 -0.352198
    outer loop
      vertex 2.0359 21.8941 15.6911
      vertex 1.98634 16.074 15.8228
      vertex 1.98634 21.899 15.8228
    endloop
  endfacet
  facet normal -0.935926 0 -0.352198
    outer loop
      vertex 1.98634 16.074 15.8228
      vertex 2.0359 21.8941 15.6911
      vertex 2.0359 16.0692 15.6911
    endloop
  endfacet
  facet normal 0.471274 0 -0.881987
    outer loop
      vertex -1.075 -21.9648 16.862
      vertex -0.95092 -16.1689 16.9283
      vertex -0.95092 -21.9689 16.9283
    endloop
  endfacet
  facet normal 0.471692 -1.1485e-05 -0.881764
    outer loop
      vertex -0.95092 -16.1689 16.9283
      vertex -1.075 -21.9648 16.862
      vertex -1.05953 -16.1653 16.8702
    endloop
  endfacet
  facet normal 0.468334 0 -0.883552
    outer loop
      vertex -1.05953 -16.1653 16.8702
      vertex -1.075 -21.9648 16.862
      vertex -1.075 -16.1638 16.862
    endloop
  endfacet
  facet normal 0.471692 1.1485e-05 -0.881764
    outer loop
      vertex -1.075 21.9648 16.862
      vertex -0.95092 16.1689 16.9283
      vertex -1.05953 16.1653 16.8702
    endloop
  endfacet
  facet normal 0.468334 0 -0.883552
    outer loop
      vertex -1.075 21.9648 16.862
      vertex -1.05953 16.1653 16.8702
      vertex -1.075 16.1638 16.862
    endloop
  endfacet
  facet normal 0.471274 0 -0.881987
    outer loop
      vertex -0.95092 16.1689 16.9283
      vertex -1.075 21.9648 16.862
      vertex -0.95092 21.9689 16.9283
    endloop
  endfacet
  facet normal 0.995185 0.0980105 0
    outer loop
      vertex 21.9529 1.43887 38
      vertex 21.8118 2.87158 0
      vertex 21.8118 2.87158 38
    endloop
  endfacet
  facet normal 0.995185 0.0980105 0
    outer loop
      vertex 21.8118 2.87158 0
      vertex 21.9529 1.43887 38
      vertex 21.9529 1.43887 0
    endloop
  endfacet
  facet normal 0.999465 0.0327165 0
    outer loop
      vertex 22 0 38
      vertex 21.9529 1.43887 0
      vertex 21.9529 1.43887 38
    endloop
  endfacet
  facet normal 0.999465 0.0327165 0
    outer loop
      vertex 21.9529 1.43887 0
      vertex 22 0 38
      vertex 22 0 0
    endloop
  endfacet
  facet normal -0.973878 -0.227071 0
    outer loop
      vertex -21.2504 -5.69402 0
      vertex -21.5773 -4.29199 38
      vertex -21.5773 -4.29199 0
    endloop
  endfacet
  facet normal -0.973878 -0.227071 0
    outer loop
      vertex -21.5773 -4.29199 38
      vertex -21.2504 -5.69402 0
      vertex -21.2504 -5.69402 38
    endloop
  endfacet
  facet normal -0.956941 -0.290281 0
    outer loop
      vertex -20.8325 -7.07167 0
      vertex -21.2504 -5.69402 38
      vertex -21.2504 -5.69402 0
    endloop
  endfacet
  facet normal -0.956941 -0.290281 0
    outer loop
      vertex -21.2504 -5.69402 38
      vertex -20.8325 -7.07167 0
      vertex -20.8325 -7.07167 38
    endloop
  endfacet
  facet normal 0.634413 -0.772994 0
    outer loop
      vertex 13.3928 -17.4538 0
      vertex 14.5056 -16.5405 38
      vertex 13.3928 -17.4538 38
    endloop
  endfacet
  facet normal 0.634413 -0.772994 0
    outer loop
      vertex 14.5056 -16.5405 38
      vertex 13.3928 -17.4538 0
      vertex 14.5056 -16.5405 0
    endloop
  endfacet
  facet normal 0.0326957 -0.999465 0
    outer loop
      vertex 0.140616 -21.9954 17.1454
      vertex 0 -22 38
      vertex 0 -22 17.15
    endloop
  endfacet
  facet normal 0.0327165 -0.999465 1.40279e-07
    outer loop
      vertex 0 -22 38
      vertex 0.140616 -21.9954 17.1454
      vertex 1.43887 -21.9529 38
    endloop
  endfacet
  facet normal 0.0328352 -0.999461 -7.25675e-06
    outer loop
      vertex 0.280631 -21.9908 17.1316
      vertex 1.43887 -21.9529 38
      vertex 0.140616 -21.9954 17.1454
    endloop
  endfacet
  facet normal 0.0324034 -0.999475 1.67314e-05
    outer loop
      vertex 0.419444 -21.9863 17.1087
      vertex 1.43887 -21.9529 38
      vertex 0.280631 -21.9908 17.1316
    endloop
  endfacet
  facet normal 0.0328243 -0.999461 -3.82604e-06
    outer loop
      vertex 0.55646 -21.9818 17.0767
      vertex 1.43887 -21.9529 38
      vertex 0.419444 -21.9863 17.1087
    endloop
  endfacet
  facet normal 0.0326646 -0.999466 2.91419e-06
    outer loop
      vertex 0.691094 -21.9774 17.0359
      vertex 1.43887 -21.9529 38
      vertex 0.55646 -21.9818 17.0767
    endloop
  endfacet
  facet normal 0.0326402 -0.999467 3.78728e-06
    outer loop
      vertex 0.822769 -21.9731 16.9863
      vertex 1.43887 -21.9529 38
      vertex 0.691094 -21.9774 17.0359
    endloop
  endfacet
  facet normal 0.0327564 -0.999463 3.75807e-07
    outer loop
      vertex 0.95092 -21.9689 16.9283
      vertex 1.43887 -21.9529 38
      vertex 0.822769 -21.9731 16.9863
    endloop
  endfacet
  facet normal 0.0330221 -0.999455 -5.7828e-06
    outer loop
      vertex 1.075 -21.9648 16.862
      vertex 1.43887 -21.9529 38
      vertex 0.95092 -21.9689 16.9283
    endloop
  endfacet
  facet normal 0.0326247 -0.999468 1.06462e-06
    outer loop
      vertex 1.19448 -21.9609 16.7877
      vertex 1.43887 -21.9529 38
      vertex 1.075 -21.9648 16.862
    endloop
  endfacet
  facet normal 0.0323402 -0.999477 4.34667e-06
    outer loop
      vertex 1.30884 -21.9572 16.7057
      vertex 1.43887 -21.9529 38
      vertex 1.19448 -21.9609 16.7877
    endloop
  endfacet
  facet normal 0.0330852 -0.999453 -2.07418e-07
    outer loop
      vertex 1.41759 -21.9536 16.6165
      vertex 1.43887 -21.9529 38
      vertex 1.30884 -21.9572 16.7057
    endloop
  endfacet
  facet normal 0.032877 -0.999459 0
    outer loop
      vertex 1.43887 -21.9529 38
      vertex 1.41759 -21.9536 16.6165
      vertex 1.43887 -21.9529 16.5965
    endloop
  endfacet
  facet normal 0.0326957 -0.999465 0
    outer loop
      vertex 0 -22 0
      vertex 0.140616 -21.9954 12.8546
      vertex 0 -22 12.85
    endloop
  endfacet
  facet normal 0.0327165 -0.999465 -2.2758e-07
    outer loop
      vertex 1.43887 -21.9529 0
      vertex 0.140616 -21.9954 12.8546
      vertex 0 -22 0
    endloop
  endfacet
  facet normal 0.0328348 -0.999461 1.17284e-05
    outer loop
      vertex 0.140616 -21.9954 12.8546
      vertex 1.43887 -21.9529 0
      vertex 0.280631 -21.9908 12.8684
    endloop
  endfacet
  facet normal 0.0324051 -0.999475 -2.69808e-05
    outer loop
      vertex 0.280631 -21.9908 12.8684
      vertex 1.43887 -21.9529 0
      vertex 0.419444 -21.9863 12.8913
    endloop
  endfacet
  facet normal 0.0328237 -0.999461 6.15732e-06
    outer loop
      vertex 0.419444 -21.9863 12.8913
      vertex 1.43887 -21.9529 0
      vertex 0.55646 -21.9818 12.9233
    endloop
  endfacet
  facet normal 0.0326652 -0.999466 -4.68161e-06
    outer loop
      vertex 0.55646 -21.9818 12.9233
      vertex 1.43887 -21.9529 0
      vertex 0.691094 -21.9774 12.9641
    endloop
  endfacet
  facet normal 0.032641 -0.999467 -6.07466e-06
    outer loop
      vertex 0.691094 -21.9774 12.9641
      vertex 1.43887 -21.9529 0
      vertex 0.822769 -21.9731 13.0137
    endloop
  endfacet
  facet normal 0.0327565 -0.999463 -6.01983e-07
    outer loop
      vertex 0.822769 -21.9731 13.0137
      vertex 1.43887 -21.9529 0
      vertex 0.95092 -21.9689 13.0717
    endloop
  endfacet
  facet normal 0.0330202 -0.999455 9.25271e-06
    outer loop
      vertex 0.95092 -21.9689 13.0717
      vertex 1.43887 -21.9529 0
      vertex 1.075 -21.9648 13.138
    endloop
  endfacet
  facet normal 0.0326251 -0.999468 -1.70191e-06
    outer loop
      vertex 1.075 -21.9648 13.138
      vertex 1.43887 -21.9529 0
      vertex 1.19448 -21.9609 13.2123
    endloop
  endfacet
  facet normal 0.032342 -0.999477 -6.94412e-06
    outer loop
      vertex 1.19448 -21.9609 13.2123
      vertex 1.43887 -21.9529 0
      vertex 1.30884 -21.9572 13.2943
    endloop
  endfacet
  facet normal 0.0330851 -0.999453 3.31241e-07
    outer loop
      vertex 1.30884 -21.9572 13.2943
      vertex 1.43887 -21.9529 0
      vertex 1.41759 -21.9536 13.3835
    endloop
  endfacet
  facet normal 0.032877 -0.999459 0
    outer loop
      vertex 1.41759 -21.9536 13.3835
      vertex 1.43887 -21.9529 0
      vertex 1.43887 -21.9529 13.4035
    endloop
  endfacet
  facet normal -0.58242 0.812888 0
    outer loop
      vertex -12.2225 18.2923 0
      vertex -13.3928 17.4538 38
      vertex -12.2225 18.2923 38
    endloop
  endfacet
  facet normal -0.58242 0.812888 0
    outer loop
      vertex -13.3928 17.4538 38
      vertex -12.2225 18.2923 0
      vertex -13.3928 17.4538 0
    endloop
  endfacet
  facet normal -0.812888 -0.58242 0
    outer loop
      vertex -17.4538 -13.3928 0
      vertex -18.2923 -12.2225 38
      vertex -18.2923 -12.2225 0
    endloop
  endfacet
  facet normal -0.812888 -0.58242 0
    outer loop
      vertex -18.2923 -12.2225 38
      vertex -17.4538 -13.3928 0
      vertex -17.4538 -13.3928 38
    endloop
  endfacet
  facet normal -0.729825 -0.683634 0
    outer loop
      vertex -15.5563 -15.5563 0
      vertex -16.5405 -14.5056 38
      vertex -16.5405 -14.5056 0
    endloop
  endfacet
  facet normal -0.729825 -0.683634 0
    outer loop
      vertex -16.5405 -14.5056 38
      vertex -15.5563 -15.5563 0
      vertex -15.5563 -15.5563 38
    endloop
  endfacet
  facet normal 0.634413 0.772994 -0
    outer loop
      vertex 14.5056 16.5405 0
      vertex 13.3928 17.4538 38
      vertex 14.5056 16.5405 38
    endloop
  endfacet
  facet normal 0.634413 0.772994 0
    outer loop
      vertex 13.3928 17.4538 38
      vertex 14.5056 16.5405 0
      vertex 13.3928 17.4538 0
    endloop
  endfacet
  facet normal -0.683634 0.729825 0
    outer loop
      vertex -14.5056 16.5405 0
      vertex -15.5563 15.5563 38
      vertex -14.5056 16.5405 38
    endloop
  endfacet
  facet normal -0.683634 0.729825 0
    outer loop
      vertex -15.5563 15.5563 38
      vertex -14.5056 16.5405 0
      vertex -15.5563 15.5563 0
    endloop
  endfacet
  facet normal -0.986645 -0.162888 0
    outer loop
      vertex -21.5773 -4.29199 0
      vertex -21.8118 -2.87158 38
      vertex -21.8118 -2.87158 0
    endloop
  endfacet
  facet normal -0.986645 -0.162888 0
    outer loop
      vertex -21.8118 -2.87158 38
      vertex -21.5773 -4.29199 0
      vertex -21.5773 -4.29199 38
    endloop
  endfacet
  facet normal 0.812888 -0.58242 0
    outer loop
      vertex 17.4538 -13.3928 38
      vertex 18.2923 -12.2225 0
      vertex 18.2923 -12.2225 38
    endloop
  endfacet
  facet normal 0.812888 -0.58242 0
    outer loop
      vertex 18.2923 -12.2225 0
      vertex 17.4538 -13.3928 38
      vertex 17.4538 -13.3928 0
    endloop
  endfacet
  facet normal -0.812888 0.58242 0
    outer loop
      vertex -18.2923 12.2225 0
      vertex -17.4538 13.3928 38
      vertex -17.4538 13.3928 0
    endloop
  endfacet
  facet normal -0.812888 0.58242 0
    outer loop
      vertex -17.4538 13.3928 38
      vertex -18.2923 12.2225 0
      vertex -18.2923 12.2225 38
    endloop
  endfacet
  facet normal 0.162888 -0.986645 0
    outer loop
      vertex 2.87158 -21.8118 0
      vertex 4.29199 -21.5773 38
      vertex 2.87158 -21.8118 38
    endloop
  endfacet
  facet normal 0.162888 -0.986645 0
    outer loop
      vertex 4.29199 -21.5773 38
      vertex 2.87158 -21.8118 0
      vertex 4.29199 -21.5773 0
    endloop
  endfacet
  facet normal 0.162888 0.986645 -0
    outer loop
      vertex 4.29199 21.5773 0
      vertex 2.87158 21.8118 38
      vertex 4.29199 21.5773 38
    endloop
  endfacet
  facet normal 0.162888 0.986645 0
    outer loop
      vertex 2.87158 21.8118 38
      vertex 4.29199 21.5773 0
      vertex 2.87158 21.8118 0
    endloop
  endfacet
  facet normal -0.973878 0.227071 0
    outer loop
      vertex -21.5773 4.29199 0
      vertex -21.2504 5.69402 38
      vertex -21.2504 5.69402 0
    endloop
  endfacet
  facet normal -0.973878 0.227071 0
    outer loop
      vertex -21.2504 5.69402 38
      vertex -21.5773 4.29199 0
      vertex -21.5773 4.29199 38
    endloop
  endfacet
  facet normal 0.910877 0.412677 0
    outer loop
      vertex 20.3253 8.41903 38
      vertex 19.7312 9.73035 0
      vertex 19.7312 9.73035 38
    endloop
  endfacet
  facet normal 0.910877 0.412677 0
    outer loop
      vertex 19.7312 9.73035 0
      vertex 20.3253 8.41903 38
      vertex 20.3253 8.41903 0
    endloop
  endfacet
  facet normal -0.935885 0.352305 0
    outer loop
      vertex -20.8325 7.07167 0
      vertex -20.3253 8.41903 38
      vertex -20.3253 8.41903 0
    endloop
  endfacet
  facet normal -0.935885 0.352305 0
    outer loop
      vertex -20.3253 8.41903 38
      vertex -20.8325 7.07167 0
      vertex -20.8325 7.07167 38
    endloop
  endfacet
  facet normal -0.227071 0.973878 0
    outer loop
      vertex -4.29199 21.5773 0
      vertex -5.69402 21.2504 38
      vertex -4.29199 21.5773 38
    endloop
  endfacet
  facet normal -0.227071 0.973878 0
    outer loop
      vertex -5.69402 21.2504 38
      vertex -4.29199 21.5773 0
      vertex -5.69402 21.2504 0
    endloop
  endfacet
  facet normal -0.634413 -0.772994 0
    outer loop
      vertex -14.5056 -16.5405 0
      vertex -13.3928 -17.4538 38
      vertex -14.5056 -16.5405 38
    endloop
  endfacet
  facet normal -0.634413 -0.772994 -0
    outer loop
      vertex -13.3928 -17.4538 38
      vertex -14.5056 -16.5405 0
      vertex -13.3928 -17.4538 0
    endloop
  endfacet
  facet normal 0.935885 0.352305 0
    outer loop
      vertex 20.8325 7.07167 38
      vertex 20.3253 8.41903 0
      vertex 20.3253 8.41903 38
    endloop
  endfacet
  facet normal 0.935885 0.352305 0
    outer loop
      vertex 20.3253 8.41903 0
      vertex 20.8325 7.07167 38
      vertex 20.8325 7.07167 0
    endloop
  endfacet
  facet normal -0.352305 0.935885 0
    outer loop
      vertex -7.07167 20.8325 0
      vertex -8.41903 20.3253 38
      vertex -7.07167 20.8325 38
    endloop
  endfacet
  facet normal -0.352305 0.935885 0
    outer loop
      vertex -8.41903 20.3253 38
      vertex -7.07167 20.8325 0
      vertex -8.41903 20.3253 0
    endloop
  endfacet
  facet normal 0.0980105 -0.995185 0
    outer loop
      vertex 1.43887 -21.9529 16.5965
      vertex 2.87158 -21.8118 38
      vertex 1.43887 -21.9529 38
    endloop
  endfacet
  facet normal 0.0978096 -0.995205 1.35825e-05
    outer loop
      vertex 1.52028 -21.9449 16.5203
      vertex 2.87158 -21.8118 38
      vertex 1.43887 -21.9529 16.5965
    endloop
  endfacet
  facet normal 0.0982777 -0.995159 -1.61558e-05
    outer loop
      vertex 1.61646 -21.9354 16.4176
      vertex 2.87158 -21.8118 38
      vertex 1.52028 -21.9449 16.5203
    endloop
  endfacet
  facet normal 0.0981156 -0.995175 -6.63647e-06
    outer loop
      vertex 1.70571 -21.9266 16.3088
      vertex 2.87158 -21.8118 38
      vertex 1.61646 -21.9354 16.4176
    endloop
  endfacet
  facet normal 0.0983358 -0.995153 -1.85854e-05
    outer loop
      vertex 1.78766 -21.9185 16.1945
      vertex 2.87158 -21.8118 38
      vertex 1.70571 -21.9266 16.3088
    endloop
  endfacet
  facet normal 0.0978054 -0.995206 8.03635e-06
    outer loop
      vertex 1.86195 -21.9112 16.075
      vertex 2.87158 -21.8118 38
      vertex 1.78766 -21.9185 16.1945
    endloop
  endfacet
  facet normal 0.0975635 -0.995229 1.92842e-05
    outer loop
      vertex 1.92828 -21.9047 15.9509
      vertex 2.87158 -21.8118 38
      vertex 1.86195 -21.9112 16.075
    endloop
  endfacet
  facet normal 0.0977309 -0.995213 1.20505e-05
    outer loop
      vertex 1.98634 -21.899 15.8228
      vertex 2.87158 -21.8118 38
      vertex 1.92828 -21.9047 15.9509
    endloop
  endfacet
  facet normal 0.0983558 -0.995151 -1.31335e-05
    outer loop
      vertex 2.0359 -21.8941 15.6911
      vertex 2.87158 -21.8118 38
      vertex 1.98634 -21.899 15.8228
    endloop
  endfacet
  facet normal 0.0975352 -0.995232 1.79021e-05
    outer loop
      vertex 2.07674 -21.8901 15.5565
      vertex 2.87158 -21.8118 38
      vertex 2.0359 -21.8941 15.6911
    endloop
  endfacet
  facet normal 0.099444 -0.995043 -5.03555e-05
    outer loop
      vertex 2.10869 -21.8869 15.4194
      vertex 2.87158 -21.8118 38
      vertex 2.07674 -21.8901 15.5565
    endloop
  endfacet
  facet normal 0.0959582 -0.995385 6.85489e-05
    outer loop
      vertex 2.13161 -21.8847 15.2806
      vertex 2.87158 -21.8118 38
      vertex 2.10869 -21.8869 15.4194
    endloop
  endfacet
  facet normal 0.100268 -0.99496 -7.31895e-05
    outer loop
      vertex 2.1454 -21.8833 15.1406
      vertex 2.87158 -21.8118 38
      vertex 2.13161 -21.8847 15.2806
    endloop
  endfacet
  facet normal 0.092229 -0.995738 0.000184625
    outer loop
      vertex 2.15 -21.8829 15
      vertex 2.87158 -21.8118 38
      vertex 2.1454 -21.8833 15.1406
    endloop
  endfacet
  facet normal 0.0980105 -0.995185 0
    outer loop
      vertex 2.87158 -21.8118 0
      vertex 1.43887 -21.9529 13.4035
      vertex 1.43887 -21.9529 0
    endloop
  endfacet
  facet normal 0.0978164 -0.995204 -2.0952e-05
    outer loop
      vertex 1.43887 -21.9529 13.4035
      vertex 2.87158 -21.8118 0
      vertex 1.52028 -21.9449 13.4797
    endloop
  endfacet
  facet normal 0.0982686 -0.99516 2.4817e-05
    outer loop
      vertex 1.52028 -21.9449 13.4797
      vertex 2.87158 -21.8118 0
      vertex 1.61646 -21.9354 13.5824
    endloop
  endfacet
  facet normal 0.0981114 -0.995175 1.01496e-05
    outer loop
      vertex 1.61646 -21.9354 13.5824
      vertex 2.87158 -21.8118 0
      vertex 1.70571 -21.9266 13.6912
    endloop
  endfacet
  facet normal 0.0983224 -0.995155 2.82924e-05
    outer loop
      vertex 1.70571 -21.9266 13.6912
      vertex 2.87158 -21.8118 0
      vertex 1.78766 -21.9185 13.8055
    endloop
  endfacet
  facet normal 0.097812 -0.995205 -1.21711e-05
    outer loop
      vertex 1.78766 -21.9185 13.8055
      vertex 2.87158 -21.8118 0
      vertex 1.86195 -21.9112 13.925
    endloop
  endfacet
  facet normal 0.0975815 -0.995228 -2.90397e-05
    outer loop
      vertex 1.86195 -21.9112 13.925
      vertex 2.87158 -21.8118 0
      vertex 1.92828 -21.9047 14.0491
    endloop
  endfacet
  facet normal 0.097744 -0.995212 -1.8027e-05
    outer loop
      vertex 1.92828 -21.9047 14.0491
      vertex 2.87158 -21.8118 0
      vertex 1.98634 -21.899 14.1772
    endloop
  endfacet
  facet normal 0.098339 -0.995153 1.94898e-05
    outer loop
      vertex 1.98634 -21.899 14.1772
      vertex 2.87158 -21.8118 0
      vertex 2.0359 -21.8941 14.3089
    endloop
  endfacet
  facet normal 0.0975626 -0.995229 -2.62954e-05
    outer loop
      vertex 2.0359 -21.8941 14.3089
      vertex 2.87158 -21.8118 0
      vertex 2.07674 -21.8901 14.4435
    endloop
  endfacet
  facet normal 0.0993481 -0.995053 7.29192e-05
    outer loop
      vertex 2.07674 -21.8901 14.4435
      vertex 2.87158 -21.8118 0
      vertex 2.10869 -21.8869 14.5806
    endloop
  endfacet
  facet normal 0.0961296 -0.995369 -9.71085e-05
    outer loop
      vertex 2.10869 -21.8869 14.5806
      vertex 2.87158 -21.8118 0
      vertex 2.13161 -21.8847 14.7194
    endloop
  endfacet
  facet normal 0.0980589 -0.995181 0
    outer loop
      vertex 2.15 -21.8829 15
      vertex 2.87158 -21.8118 0
      vertex 2.87158 -21.8118 38
    endloop
  endfacet
  facet normal 0.0934367 -0.995625 -0.000224459
    outer loop
      vertex 2.1454 -21.8833 14.8594
      vertex 2.87158 -21.8118 0
      vertex 2.15 -21.8829 15
    endloop
  endfacet
  facet normal 0.100003 -0.994987 9.95291e-05
    outer loop
      vertex 2.13161 -21.8847 14.7194
      vertex 2.87158 -21.8118 0
      vertex 2.1454 -21.8833 14.8594
    endloop
  endfacet
  facet normal -0.729825 0.683634 0
    outer loop
      vertex -16.5405 14.5056 0
      vertex -15.5563 15.5563 38
      vertex -15.5563 15.5563 0
    endloop
  endfacet
  facet normal -0.729825 0.683634 0
    outer loop
      vertex -15.5563 15.5563 38
      vertex -16.5405 14.5056 0
      vertex -16.5405 14.5056 38
    endloop
  endfacet
  facet normal -0.772994 0.634413 0
    outer loop
      vertex -17.4538 13.3928 0
      vertex -16.5405 14.5056 38
      vertex -16.5405 14.5056 0
    endloop
  endfacet
  facet normal -0.772994 0.634413 0
    outer loop
      vertex -16.5405 14.5056 38
      vertex -17.4538 13.3928 0
      vertex -17.4538 13.3928 38
    endloop
  endfacet
  facet normal -0.881933 0.471374 0
    outer loop
      vertex -19.7312 9.73035 0
      vertex -19.0526 11 38
      vertex -19.0526 11 0
    endloop
  endfacet
  facet normal -0.881933 0.471374 0
    outer loop
      vertex -19.0526 11 38
      vertex -19.7312 9.73035 0
      vertex -19.7312 9.73035 38
    endloop
  endfacet
  facet normal 0.528118 -0.849171 0
    outer loop
      vertex 11 -19.0526 0
      vertex 12.2225 -18.2923 38
      vertex 11 -19.0526 38
    endloop
  endfacet
  facet normal 0.528118 -0.849171 0
    outer loop
      vertex 12.2225 -18.2923 38
      vertex 11 -19.0526 0
      vertex 12.2225 -18.2923 0
    endloop
  endfacet
  facet normal -0.032877 -0.999459 0
    outer loop
      vertex -1.43887 -21.9529 0
      vertex -1.41759 -21.9536 13.3835
      vertex -1.43887 -21.9529 13.4035
    endloop
  endfacet
  facet normal -0.0330851 -0.999453 3.31241e-07
    outer loop
      vertex -1.43887 -21.9529 0
      vertex -1.30884 -21.9572 13.2943
      vertex -1.41759 -21.9536 13.3835
    endloop
  endfacet
  facet normal -0.032342 -0.999477 -6.94412e-06
    outer loop
      vertex -1.43887 -21.9529 0
      vertex -1.19448 -21.9609 13.2123
      vertex -1.30884 -21.9572 13.2943
    endloop
  endfacet
  facet normal -0.0326251 -0.999468 -1.70191e-06
    outer loop
      vertex -1.43887 -21.9529 0
      vertex -1.075 -21.9648 13.138
      vertex -1.19448 -21.9609 13.2123
    endloop
  endfacet
  facet normal -0.0330202 -0.999455 9.25271e-06
    outer loop
      vertex -1.43887 -21.9529 0
      vertex -0.95092 -21.9689 13.0717
      vertex -1.075 -21.9648 13.138
    endloop
  endfacet
  facet normal -0.0327565 -0.999463 -6.01983e-07
    outer loop
      vertex -1.43887 -21.9529 0
      vertex -0.822769 -21.9731 13.0137
      vertex -0.95092 -21.9689 13.0717
    endloop
  endfacet
  facet normal -0.032641 -0.999467 -6.07466e-06
    outer loop
      vertex -1.43887 -21.9529 0
      vertex -0.691094 -21.9774 12.9641
      vertex -0.822769 -21.9731 13.0137
    endloop
  endfacet
  facet normal -0.0326652 -0.999466 -4.68161e-06
    outer loop
      vertex -1.43887 -21.9529 0
      vertex -0.55646 -21.9818 12.9233
      vertex -0.691094 -21.9774 12.9641
    endloop
  endfacet
  facet normal -0.0328237 -0.999461 6.15732e-06
    outer loop
      vertex -1.43887 -21.9529 0
      vertex -0.419444 -21.9863 12.8913
      vertex -0.55646 -21.9818 12.9233
    endloop
  endfacet
  facet normal -0.0324051 -0.999475 -2.69808e-05
    outer loop
      vertex -1.43887 -21.9529 0
      vertex -0.280631 -21.9908 12.8684
      vertex -0.419444 -21.9863 12.8913
    endloop
  endfacet
  facet normal -0.0328348 -0.999461 1.17284e-05
    outer loop
      vertex -1.43887 -21.9529 0
      vertex -0.140616 -21.9954 12.8546
      vertex -0.280631 -21.9908 12.8684
    endloop
  endfacet
  facet normal -0.0327165 -0.999465 -2.2758e-07
    outer loop
      vertex 0 -22 0
      vertex -0.140616 -21.9954 12.8546
      vertex -1.43887 -21.9529 0
    endloop
  endfacet
  facet normal -0.0326957 -0.999465 0
    outer loop
      vertex -0.140616 -21.9954 12.8546
      vertex 0 -22 0
      vertex 0 -22 12.85
    endloop
  endfacet
  facet normal -0.0327165 -0.999465 1.40279e-07
    outer loop
      vertex -0.140616 -21.9954 17.1454
      vertex 0 -22 38
      vertex -1.43887 -21.9529 38
    endloop
  endfacet
  facet normal -0.0326957 -0.999465 -0
    outer loop
      vertex 0 -22 38
      vertex -0.140616 -21.9954 17.1454
      vertex 0 -22 17.15
    endloop
  endfacet
  facet normal -0.0328352 -0.999461 -7.25675e-06
    outer loop
      vertex -1.43887 -21.9529 38
      vertex -0.280631 -21.9908 17.1316
      vertex -0.140616 -21.9954 17.1454
    endloop
  endfacet
  facet normal -0.0324034 -0.999475 1.67314e-05
    outer loop
      vertex -1.43887 -21.9529 38
      vertex -0.419444 -21.9863 17.1087
      vertex -0.280631 -21.9908 17.1316
    endloop
  endfacet
  facet normal -0.0328243 -0.999461 -3.82604e-06
    outer loop
      vertex -1.43887 -21.9529 38
      vertex -0.55646 -21.9818 17.0767
      vertex -0.419444 -21.9863 17.1087
    endloop
  endfacet
  facet normal -0.0326646 -0.999466 2.91419e-06
    outer loop
      vertex -1.43887 -21.9529 38
      vertex -0.691094 -21.9774 17.0359
      vertex -0.55646 -21.9818 17.0767
    endloop
  endfacet
  facet normal -0.0326402 -0.999467 3.78728e-06
    outer loop
      vertex -1.43887 -21.9529 38
      vertex -0.822769 -21.9731 16.9863
      vertex -0.691094 -21.9774 17.0359
    endloop
  endfacet
  facet normal -0.0327564 -0.999463 3.75807e-07
    outer loop
      vertex -1.43887 -21.9529 38
      vertex -0.95092 -21.9689 16.9283
      vertex -0.822769 -21.9731 16.9863
    endloop
  endfacet
  facet normal -0.0330221 -0.999455 -5.7828e-06
    outer loop
      vertex -1.43887 -21.9529 38
      vertex -1.075 -21.9648 16.862
      vertex -0.95092 -21.9689 16.9283
    endloop
  endfacet
  facet normal -0.0326247 -0.999468 1.06462e-06
    outer loop
      vertex -1.43887 -21.9529 38
      vertex -1.19448 -21.9609 16.7877
      vertex -1.075 -21.9648 16.862
    endloop
  endfacet
  facet normal -0.0323402 -0.999477 4.34667e-06
    outer loop
      vertex -1.43887 -21.9529 38
      vertex -1.30884 -21.9572 16.7057
      vertex -1.19448 -21.9609 16.7877
    endloop
  endfacet
  facet normal -0.0330852 -0.999453 -2.07418e-07
    outer loop
      vertex -1.43887 -21.9529 38
      vertex -1.41759 -21.9536 16.6165
      vertex -1.30884 -21.9572 16.7057
    endloop
  endfacet
  facet normal -0.032877 -0.999459 0
    outer loop
      vertex -1.41759 -21.9536 16.6165
      vertex -1.43887 -21.9529 38
      vertex -1.43887 -21.9529 16.5965
    endloop
  endfacet
  facet normal -0.849171 -0.528118 0
    outer loop
      vertex -18.2923 -12.2225 0
      vertex -19.0526 -11 38
      vertex -19.0526 -11 0
    endloop
  endfacet
  facet normal -0.849171 -0.528118 0
    outer loop
      vertex -19.0526 -11 38
      vertex -18.2923 -12.2225 0
      vertex -18.2923 -12.2225 38
    endloop
  endfacet
  facet normal -0.412677 -0.910877 0
    outer loop
      vertex -9.73035 -19.7312 0
      vertex -8.41903 -20.3253 38
      vertex -9.73035 -19.7312 38
    endloop
  endfacet
  facet normal -0.412677 -0.910877 -0
    outer loop
      vertex -8.41903 -20.3253 38
      vertex -9.73035 -19.7312 0
      vertex -8.41903 -20.3253 0
    endloop
  endfacet
  facet normal -0.995185 0.0980105 0
    outer loop
      vertex -21.9529 1.43887 0
      vertex -21.8118 2.87158 38
      vertex -21.8118 2.87158 0
    endloop
  endfacet
  facet normal -0.995185 0.0980105 0
    outer loop
      vertex -21.8118 2.87158 38
      vertex -21.9529 1.43887 0
      vertex -21.9529 1.43887 38
    endloop
  endfacet
  facet normal -0.910877 0.412677 0
    outer loop
      vertex -20.3253 8.41903 0
      vertex -19.7312 9.73035 38
      vertex -19.7312 9.73035 0
    endloop
  endfacet
  facet normal -0.910877 0.412677 0
    outer loop
      vertex -19.7312 9.73035 38
      vertex -20.3253 8.41903 0
      vertex -20.3253 8.41903 38
    endloop
  endfacet
  facet normal -0.999465 -0.0327165 0
    outer loop
      vertex -21.9529 -1.43887 0
      vertex -22 0 38
      vertex -22 0 0
    endloop
  endfacet
  facet normal -0.999465 -0.0327165 0
    outer loop
      vertex -22 0 38
      vertex -21.9529 -1.43887 0
      vertex -21.9529 -1.43887 38
    endloop
  endfacet
  facet normal -0.849171 0.528118 0
    outer loop
      vertex -19.0526 11 0
      vertex -18.2923 12.2225 38
      vertex -18.2923 12.2225 0
    endloop
  endfacet
  facet normal -0.849171 0.528118 0
    outer loop
      vertex -18.2923 12.2225 38
      vertex -19.0526 11 0
      vertex -19.0526 11 38
    endloop
  endfacet
  facet normal -0.986645 0.162888 0
    outer loop
      vertex -21.8118 2.87158 0
      vertex -21.5773 4.29199 38
      vertex -21.5773 4.29199 0
    endloop
  endfacet
  facet normal -0.986645 0.162888 0
    outer loop
      vertex -21.5773 4.29199 38
      vertex -21.8118 2.87158 0
      vertex -21.8118 2.87158 38
    endloop
  endfacet
  facet normal 0.812888 0.58242 0
    outer loop
      vertex 18.2923 12.2225 38
      vertex 17.4538 13.3928 0
      vertex 17.4538 13.3928 38
    endloop
  endfacet
  facet normal 0.812888 0.58242 0
    outer loop
      vertex 17.4538 13.3928 0
      vertex 18.2923 12.2225 38
      vertex 18.2923 12.2225 0
    endloop
  endfacet
  facet normal 0 0 1
    outer loop
      vertex -12.3045 -1.53073 38
      vertex -10.4102 -1.37052 38
      vertex -12.2123 -1.28576 38
    endloop
  endfacet
  facet normal 0 0 1
    outer loop
      vertex -10.4102 -1.37052 38
      vertex -12.3045 -1.53073 38
      vertex -10.2982 -2.04845 38
    endloop
  endfacet
  facet normal -0 0 1
    outer loop
      vertex -12.4125 -1.76915 38
      vertex -10.2982 -2.04845 38
      vertex -12.3045 -1.53073 38
    endloop
  endfacet
  facet normal -0 0 1
    outer loop
      vertex -12.5359 -2 38
      vertex -10.2982 -2.04845 38
      vertex -12.4125 -1.76915 38
    endloop
  endfacet
  facet normal 0 0 1
    outer loop
      vertex -10.2982 -2.04845 38
      vertex -12.5359 -2 38
      vertex -10.1422 -2.7176 38
    endloop
  endfacet
  facet normal -0 0 1
    outer loop
      vertex -12.6741 -2.22228 38
      vertex -10.1422 -2.7176 38
      vertex -12.5359 -2 38
    endloop
  endfacet
  facet normal -0 0 1
    outer loop
      vertex -12.8266 -2.43505 38
      vertex -10.1422 -2.7176 38
      vertex -12.6741 -2.22228 38
    endloop
  endfacet
  facet normal 0 0 1
    outer loop
      vertex -10.1422 -2.7176 38
      vertex -12.8266 -2.43505 38
      vertex -9.94277 -3.37511 38
    endloop
  endfacet
  facet normal -0 0 1
    outer loop
      vertex -12.9926 -2.63738 38
      vertex -9.94277 -3.37511 38
      vertex -12.8266 -2.43505 38
    endloop
  endfacet
  facet normal -0 0 1
    outer loop
      vertex -13.1716 -2.82843 38
      vertex -9.94277 -3.37511 38
      vertex -12.9926 -2.63738 38
    endloop
  endfacet
  facet normal 0 0 1
    outer loop
      vertex -9.94277 -3.37511 38
      vertex -13.1716 -2.82843 38
      vertex -9.70073 -4.01818 38
    endloop
  endfacet
  facet normal -0 0 1
    outer loop
      vertex -13.3626 -3.00736 38
      vertex -9.70073 -4.01818 38
      vertex -13.1716 -2.82843 38
    endloop
  endfacet
  facet normal 0 0 1
    outer loop
      vertex -9.70073 -4.01818 38
      vertex -12.2225 -18.2923 38
      vertex -11 -19.0526 38
    endloop
  endfacet
  facet normal -0 0 1
    outer loop
      vertex -13.565 -3.17341 38
      vertex -9.70073 -4.01818 38
      vertex -13.3626 -3.00736 38
    endloop
  endfacet
  facet normal 0 0 1
    outer loop
      vertex -9.70073 -4.01818 38
      vertex -13.3928 -17.4538 38
      vertex -12.2225 -18.2923 38
    endloop
  endfacet
  facet normal -0 0 1
    outer loop
      vertex -13.7777 -3.32588 38
      vertex -9.70073 -4.01818 38
      vertex -13.565 -3.17341 38
    endloop
  endfacet
  facet normal -0 0 1
    outer loop
      vertex -14 -3.4641 38
      vertex -9.70073 -4.01818 38
      vertex -13.7777 -3.32588 38
    endloop
  endfacet
  facet normal -0 0 1
    outer loop
      vertex -14.2308 -3.58749 38
      vertex -9.70073 -4.01818 38
      vertex -14 -3.4641 38
    endloop
  endfacet
  facet normal -0 0 1
    outer loop
      vertex -14.4693 -3.69552 38
      vertex -9.70073 -4.01818 38
      vertex -14.2308 -3.58749 38
    endloop
  endfacet
  facet normal -0 0 1
    outer loop
      vertex -14.7142 -3.78772 38
      vertex -9.70073 -4.01818 38
      vertex -14.4693 -3.69552 38
    endloop
  endfacet
  facet normal 0 0 1
    outer loop
      vertex -9.70073 -4.01818 38
      vertex -14.5056 -16.5405 38
      vertex -13.3928 -17.4538 38
    endloop
  endfacet
  facet normal 0 0 1
    outer loop
      vertex -9.70073 -4.01818 38
      vertex -14.7142 -3.78772 38
      vertex -17.4538 -13.3928 38
    endloop
  endfacet
  facet normal 0 0 1
    outer loop
      vertex -17.4538 -13.3928 38
      vertex -14.7142 -3.78772 38
      vertex -14.9647 -3.8637 38
    endloop
  endfacet
  facet normal 0 0 1
    outer loop
      vertex -18.2923 -12.2225 38
      vertex -14.9647 -3.8637 38
      vertex -15.2196 -3.92314 38
    endloop
  endfacet
  facet normal 0 0 1
    outer loop
      vertex -19.0526 -11 38
      vertex -15.2196 -3.92314 38
      vertex -15.4779 -3.96578 38
    endloop
  endfacet
  facet normal 0 0 1
    outer loop
      vertex -9.70073 -4.01818 38
      vertex -15.5563 -15.5563 38
      vertex -14.5056 -16.5405 38
    endloop
  endfacet
  facet normal 0 0 1
    outer loop
      vertex -19.0526 -11 38
      vertex -15.4779 -3.96578 38
      vertex -15.7384 -3.99144 38
    endloop
  endfacet
  facet normal 0 0 1
    outer loop
      vertex -19.7312 -9.73035 38
      vertex -15.7384 -3.99144 38
      vertex -16 -4 38
    endloop
  endfacet
  facet normal 0 0 1
    outer loop
      vertex -19.7312 -9.73035 38
      vertex -16 -4 38
      vertex -16.2616 -3.99144 38
    endloop
  endfacet
  facet normal 0 0 1
    outer loop
      vertex -19.7312 -9.73035 38
      vertex -16.2616 -3.99144 38
      vertex -16.5221 -3.96578 38
    endloop
  endfacet
  facet normal 0 0 1
    outer loop
      vertex -9.70073 -4.01818 38
      vertex -16.5405 -14.5056 38
      vertex -15.5563 -15.5563 38
    endloop
  endfacet
  facet normal 0 0 1
    outer loop
      vertex -20.3253 -8.41903 38
      vertex -16.5221 -3.96578 38
      vertex -16.7804 -3.92314 38
    endloop
  endfacet
  facet normal 0 0 1
    outer loop
      vertex -20.3253 -8.41903 38
      vertex -16.7804 -3.92314 38
      vertex -17.0353 -3.8637 38
    endloop
  endfacet
  facet normal 0 0 1
    outer loop
      vertex -20.8325 -7.07167 38
      vertex -17.0353 -3.8637 38
      vertex -17.2858 -3.78772 38
    endloop
  endfacet
  facet normal 0 0 1
    outer loop
      vertex -9.70073 -4.01818 38
      vertex -17.4538 -13.3928 38
      vertex -16.5405 -14.5056 38
    endloop
  endfacet
  facet normal 0 0 1
    outer loop
      vertex -20.8325 -7.07167 38
      vertex -17.2858 -3.78772 38
      vertex -17.5307 -3.69552 38
    endloop
  endfacet
  facet normal 0 0 1
    outer loop
      vertex -20.8325 -7.07167 38
      vertex -17.5307 -3.69552 38
      vertex -17.7692 -3.58749 38
    endloop
  endfacet
  facet normal 0 0 1
    outer loop
      vertex -21.2504 -5.69402 38
      vertex -17.7692 -3.58749 38
      vertex -18 -3.4641 38
    endloop
  endfacet
  facet normal 0 0 1
    outer loop
      vertex -21.2504 -5.69402 38
      vertex -18 -3.4641 38
      vertex -18.2223 -3.32588 38
    endloop
  endfacet
  facet normal 0 0 1
    outer loop
      vertex -14.9647 -3.8637 38
      vertex -18.2923 -12.2225 38
      vertex -17.4538 -13.3928 38
    endloop
  endfacet
  facet normal 0 0 1
    outer loop
      vertex -21.2504 -5.69402 38
      vertex -18.2223 -3.32588 38
      vertex -18.435 -3.17341 38
    endloop
  endfacet
  facet normal 0 0 1
    outer loop
      vertex -21.5773 -4.29199 38
      vertex -18.435 -3.17341 38
      vertex -18.6374 -3.00736 38
    endloop
  endfacet
  facet normal 0 0 1
    outer loop
      vertex -21.5773 -4.29199 38
      vertex -18.6374 -3.00736 38
      vertex -18.8284 -2.82843 38
    endloop
  endfacet
  facet normal 0 0 1
    outer loop
      vertex -21.5773 -4.29199 38
      vertex -18.8284 -2.82843 38
      vertex -19.0074 -2.63738 38
    endloop
  endfacet
  facet normal 0 0 1
    outer loop
      vertex -15.2196 -3.92314 38
      vertex -19.0526 -11 38
      vertex -18.2923 -12.2225 38
    endloop
  endfacet
  facet normal 0 0 1
    outer loop
      vertex -21.5773 -4.29199 38
      vertex -19.0074 -2.63738 38
      vertex -19.1734 -2.43505 38
    endloop
  endfacet
  facet normal 0 0 1
    outer loop
      vertex -21.8118 -2.87158 38
      vertex -19.1734 -2.43505 38
      vertex -19.3259 -2.22228 38
    endloop
  endfacet
  facet normal 0 0 1
    outer loop
      vertex -21.8118 -2.87158 38
      vertex -19.3259 -2.22228 38
      vertex -19.4641 -2 38
    endloop
  endfacet
  facet normal 0 0 1
    outer loop
      vertex -21.8118 -2.87158 38
      vertex -19.4641 -2 38
      vertex -19.5875 -1.76915 38
    endloop
  endfacet
  facet normal 0 0 1
    outer loop
      vertex -21.8118 -2.87158 38
      vertex -19.5875 -1.76915 38
      vertex -19.6955 -1.53073 38
    endloop
  endfacet
  facet normal 0 0 1
    outer loop
      vertex -15.7384 -3.99144 38
      vertex -19.7312 -9.73035 38
      vertex -19.0526 -11 38
    endloop
  endfacet
  facet normal -0 0 1
    outer loop
      vertex -21.9529 -1.43887 38
      vertex -19.6955 -1.53073 38
      vertex -19.7877 -1.28576 38
    endloop
  endfacet
  facet normal 0 0 1
    outer loop
      vertex -21.9529 -1.43887 38
      vertex -19.7877 -1.28576 38
      vertex -19.8637 -1.03528 38
    endloop
  endfacet
  facet normal 0 0 1
    outer loop
      vertex -21.9529 -1.43887 38
      vertex -19.8637 -1.03528 38
      vertex -19.9231 -0.780361 38
    endloop
  endfacet
  facet normal 0 0 1
    outer loop
      vertex -21.9529 -1.43887 38
      vertex -19.9231 -0.780361 38
      vertex -19.9658 -0.522104 38
    endloop
  endfacet
  facet normal 0 0 1
    outer loop
      vertex -22 0 38
      vertex -19.9658 -0.522104 38
      vertex -19.9914 -0.261612 38
    endloop
  endfacet
  facet normal -0 0 1
    outer loop
      vertex -22 0 38
      vertex -19.9914 -0.261612 38
      vertex -20 0 38
    endloop
  endfacet
  facet normal 0 0 1
    outer loop
      vertex -19.7877 1.28576 38
      vertex -21.9529 1.43887 38
      vertex -19.8637 1.03528 38
    endloop
  endfacet
  facet normal 0 0 1
    outer loop
      vertex -16.5221 -3.96578 38
      vertex -20.3253 -8.41903 38
      vertex -19.7312 -9.73035 38
    endloop
  endfacet
  facet normal 0 0 1
    outer loop
      vertex -19.8637 1.03528 38
      vertex -21.9529 1.43887 38
      vertex -19.9231 0.780361 38
    endloop
  endfacet
  facet normal 0 0 1
    outer loop
      vertex -17.0353 -3.8637 38
      vertex -20.8325 -7.07167 38
      vertex -20.3253 -8.41903 38
    endloop
  endfacet
  facet normal 0 0 1
    outer loop
      vertex -19.9231 0.780361 38
      vertex -21.9529 1.43887 38
      vertex -19.9658 0.522104 38
    endloop
  endfacet
  facet normal 0 0 1
    outer loop
      vertex -17.7692 -3.58749 38
      vertex -21.2504 -5.69402 38
      vertex -20.8325 -7.07167 38
    endloop
  endfacet
  facet normal 0 0 1
    outer loop
      vertex -22 0 38
      vertex -19.9658 0.522104 38
      vertex -21.9529 1.43887 38
    endloop
  endfacet
  facet normal 0 0 1
    outer loop
      vertex -18.435 -3.17341 38
      vertex -21.5773 -4.29199 38
      vertex -21.2504 -5.69402 38
    endloop
  endfacet
  facet normal 0 0 1
    outer loop
      vertex -19.9658 0.522104 38
      vertex -22 0 38
      vertex -19.9914 0.261612 38
    endloop
  endfacet
  facet normal 0 0 1
    outer loop
      vertex -19.1734 -2.43505 38
      vertex -21.8118 -2.87158 38
      vertex -21.5773 -4.29199 38
    endloop
  endfacet
  facet normal 0 0 1
    outer loop
      vertex -19.9914 0.261612 38
      vertex -22 0 38
      vertex -20 0 38
    endloop
  endfacet
  facet normal 0 0 1
    outer loop
      vertex -19.6955 -1.53073 38
      vertex -21.9529 -1.43887 38
      vertex -21.8118 -2.87158 38
    endloop
  endfacet
  facet normal 0 0 1
    outer loop
      vertex -19.9658 -0.522104 38
      vertex -22 0 38
      vertex -21.9529 -1.43887 38
    endloop
  endfacet
  facet normal 0 0 1
    outer loop
      vertex 12.5359 -2 38
      vertex 10.1422 -2.7176 38
      vertex 12.6741 -2.22228 38
    endloop
  endfacet
  facet normal 0 0 1
    outer loop
      vertex 12.6741 -2.22228 38
      vertex 10.1422 -2.7176 38
      vertex 12.8266 -2.43505 38
    endloop
  endfacet
  facet normal 0 0 1
    outer loop
      vertex 9.94277 -3.37511 38
      vertex 12.8266 -2.43505 38
      vertex 10.1422 -2.7176 38
    endloop
  endfacet
  facet normal 0 0 1
    outer loop
      vertex 12.8266 -2.43505 38
      vertex 9.94277 -3.37511 38
      vertex 12.9926 -2.63738 38
    endloop
  endfacet
  facet normal 0 0 1
    outer loop
      vertex 9.70073 -4.01818 38
      vertex 12.9926 -2.63738 38
      vertex 9.94277 -3.37511 38
    endloop
  endfacet
  facet normal 0 0 1
    outer loop
      vertex 9.41716 -4.64403 38
      vertex 12.9926 -2.63738 38
      vertex 9.70073 -4.01818 38
    endloop
  endfacet
  facet normal 0 0 1
    outer loop
      vertex 9.09327 -5.25 38
      vertex 12.9926 -2.63738 38
      vertex 9.41716 -4.64403 38
    endloop
  endfacet
  facet normal 0 0 1
    outer loop
      vertex 8.73043 -5.83349 38
      vertex 12.9926 -2.63738 38
      vertex 9.09327 -5.25 38
    endloop
  endfacet
  facet normal 0 0 1
    outer loop
      vertex 12.9926 -2.63738 38
      vertex 8.73043 -5.83349 38
      vertex 11 -19.0526 38
    endloop
  endfacet
  facet normal -0 0 1
    outer loop
      vertex 8.33021 -6.39199 38
      vertex 11 -19.0526 38
      vertex 8.73043 -5.83349 38
    endloop
  endfacet
  facet normal -0 0 1
    outer loop
      vertex 7.89432 -6.92313 38
      vertex 11 -19.0526 38
      vertex 8.33021 -6.39199 38
    endloop
  endfacet
  facet normal -0 0 1
    outer loop
      vertex 7.42462 -7.42462 38
      vertex 11 -19.0526 38
      vertex 7.89432 -6.92313 38
    endloop
  endfacet
  facet normal -0 0 1
    outer loop
      vertex 6.92313 -7.89432 38
      vertex 11 -19.0526 38
      vertex 7.42462 -7.42462 38
    endloop
  endfacet
  facet normal -0 0 1
    outer loop
      vertex 6.39199 -8.33021 38
      vertex 11 -19.0526 38
      vertex 6.92313 -7.89432 38
    endloop
  endfacet
  facet normal -0 0 1
    outer loop
      vertex 5.83349 -8.73043 38
      vertex 11 -19.0526 38
      vertex 6.39199 -8.33021 38
    endloop
  endfacet
  facet normal -0 0 1
    outer loop
      vertex 5.25 -9.09327 38
      vertex 11 -19.0526 38
      vertex 5.83349 -8.73043 38
    endloop
  endfacet
  facet normal 0 0 1
    outer loop
      vertex 11 -19.0526 38
      vertex 5.25 -9.09327 38
      vertex 9.73035 -19.7312 38
    endloop
  endfacet
  facet normal -0 0 1
    outer loop
      vertex 4.64403 -9.41716 38
      vertex 9.73035 -19.7312 38
      vertex 5.25 -9.09327 38
    endloop
  endfacet
  facet normal 0 0 1
    outer loop
      vertex 9.73035 -19.7312 38
      vertex 4.64403 -9.41716 38
      vertex 8.41903 -20.3253 38
    endloop
  endfacet
  facet normal -0 0 1
    outer loop
      vertex 4.01818 -9.70073 38
      vertex 8.41903 -20.3253 38
      vertex 4.64403 -9.41716 38
    endloop
  endfacet
  facet normal 0 0 1
    outer loop
      vertex 8.41903 -20.3253 38
      vertex 4.01818 -9.70073 38
      vertex 7.07167 -20.8325 38
    endloop
  endfacet
  facet normal -0 0 1
    outer loop
      vertex 3.37511 -9.94277 38
      vertex 7.07167 -20.8325 38
      vertex 4.01818 -9.70073 38
    endloop
  endfacet
  facet normal 0 0 1
    outer loop
      vertex 7.07167 -20.8325 38
      vertex 3.37511 -9.94277 38
      vertex 5.69402 -21.2504 38
    endloop
  endfacet
  facet normal -0 0 1
    outer loop
      vertex 2.7176 -10.1422 38
      vertex 5.69402 -21.2504 38
      vertex 3.37511 -9.94277 38
    endloop
  endfacet
  facet normal 0 0 1
    outer loop
      vertex 5.69402 -21.2504 38
      vertex 2.7176 -10.1422 38
      vertex 4.29199 -21.5773 38
    endloop
  endfacet
  facet normal -0 0 1
    outer loop
      vertex 2.04845 -10.2982 38
      vertex 4.29199 -21.5773 38
      vertex 2.7176 -10.1422 38
    endloop
  endfacet
  facet normal 0 0 1
    outer loop
      vertex 4.29199 -21.5773 38
      vertex 2.04845 -10.2982 38
      vertex 2.87158 -21.8118 38
    endloop
  endfacet
  facet normal -0 0 1
    outer loop
      vertex 1.37052 -10.4102 38
      vertex 2.87158 -21.8118 38
      vertex 2.04845 -10.2982 38
    endloop
  endfacet
  facet normal 0 0 1
    outer loop
      vertex 2.87158 -21.8118 38
      vertex 1.37052 -10.4102 38
      vertex 1.43887 -21.9529 38
    endloop
  endfacet
  facet normal -0 0 1
    outer loop
      vertex 0.686732 -10.4775 38
      vertex 1.43887 -21.9529 38
      vertex 1.37052 -10.4102 38
    endloop
  endfacet
  facet normal -0 0 1
    outer loop
      vertex 0 -10.5 38
      vertex 1.43887 -21.9529 38
      vertex 0.686732 -10.4775 38
    endloop
  endfacet
  facet normal 0 0 1
    outer loop
      vertex 0 -10.5 38
      vertex 0 -22 38
      vertex 1.43887 -21.9529 38
    endloop
  endfacet
  facet normal 0 0 1
    outer loop
      vertex -0.686732 -10.4775 38
      vertex 0 -22 38
      vertex 0 -10.5 38
    endloop
  endfacet
  facet normal 0 0 1
    outer loop
      vertex -1.43887 -21.9529 38
      vertex -0.686732 -10.4775 38
      vertex -1.37052 -10.4102 38
    endloop
  endfacet
  facet normal 0 0 1
    outer loop
      vertex -0.686732 -10.4775 38
      vertex -1.43887 -21.9529 38
      vertex 0 -22 38
    endloop
  endfacet
  facet normal 0 0 1
    outer loop
      vertex -2.87158 -21.8118 38
      vertex -1.37052 -10.4102 38
      vertex -2.04845 -10.2982 38
    endloop
  endfacet
  facet normal 0 0 1
    outer loop
      vertex -4.29199 -21.5773 38
      vertex -2.04845 -10.2982 38
      vertex -2.7176 -10.1422 38
    endloop
  endfacet
  facet normal 0 0 1
    outer loop
      vertex -1.37052 -10.4102 38
      vertex -2.87158 -21.8118 38
      vertex -1.43887 -21.9529 38
    endloop
  endfacet
  facet normal 0 0 1
    outer loop
      vertex -5.69402 -21.2504 38
      vertex -2.7176 -10.1422 38
      vertex -3.37511 -9.94277 38
    endloop
  endfacet
  facet normal 0 0 1
    outer loop
      vertex -7.07167 -20.8325 38
      vertex -3.37511 -9.94277 38
      vertex -4.01818 -9.70073 38
    endloop
  endfacet
  facet normal 0 0 1
    outer loop
      vertex -2.04845 -10.2982 38
      vertex -4.29199 -21.5773 38
      vertex -2.87158 -21.8118 38
    endloop
  endfacet
  facet normal 0 0 1
    outer loop
      vertex -8.41903 -20.3253 38
      vertex -4.01818 -9.70073 38
      vertex -4.64403 -9.41716 38
    endloop
  endfacet
  facet normal 0 0 1
    outer loop
      vertex -9.73035 -19.7312 38
      vertex -4.64403 -9.41716 38
      vertex -5.25 -9.09327 38
    endloop
  endfacet
  facet normal 0 0 1
    outer loop
      vertex -2.7176 -10.1422 38
      vertex -5.69402 -21.2504 38
      vertex -4.29199 -21.5773 38
    endloop
  endfacet
  facet normal 0 0 1
    outer loop
      vertex -11 -19.0526 38
      vertex -5.25 -9.09327 38
      vertex -5.83349 -8.73043 38
    endloop
  endfacet
  facet normal 0 0 1
    outer loop
      vertex -11 -19.0526 38
      vertex -5.83349 -8.73043 38
      vertex -6.39199 -8.33021 38
    endloop
  endfacet
  facet normal 0 0 1
    outer loop
      vertex -11 -19.0526 38
      vertex -6.39199 -8.33021 38
      vertex -6.92313 -7.89432 38
    endloop
  endfacet
  facet normal 0 0 1
    outer loop
      vertex -3.37511 -9.94277 38
      vertex -7.07167 -20.8325 38
      vertex -5.69402 -21.2504 38
    endloop
  endfacet
  facet normal 0 0 1
    outer loop
      vertex -11 -19.0526 38
      vertex -6.92313 -7.89432 38
      vertex -7.42462 -7.42462 38
    endloop
  endfacet
  facet normal 0 0 1
    outer loop
      vertex -11 -19.0526 38
      vertex -7.42462 -7.42462 38
      vertex -7.89432 -6.92313 38
    endloop
  endfacet
  facet normal 0 0 1
    outer loop
      vertex -11 -19.0526 38
      vertex -7.89432 -6.92313 38
      vertex -8.33021 -6.39199 38
    endloop
  endfacet
  facet normal 0 0 1
    outer loop
      vertex -4.01818 -9.70073 38
      vertex -8.41903 -20.3253 38
      vertex -7.07167 -20.8325 38
    endloop
  endfacet
  facet normal 0 0 1
    outer loop
      vertex -11 -19.0526 38
      vertex -8.33021 -6.39199 38
      vertex -8.73043 -5.83349 38
    endloop
  endfacet
  facet normal 0 0 1
    outer loop
      vertex -11 -19.0526 38
      vertex -8.73043 -5.83349 38
      vertex -9.09327 -5.25 38
    endloop
  endfacet
  facet normal 0 0 1
    outer loop
      vertex -11 -19.0526 38
      vertex -9.09327 -5.25 38
      vertex -9.41716 -4.64403 38
    endloop
  endfacet
  facet normal 0 0 1
    outer loop
      vertex -11 -19.0526 38
      vertex -9.41716 -4.64403 38
      vertex -9.70073 -4.01818 38
    endloop
  endfacet
  facet normal 0 0 1
    outer loop
      vertex -4.64403 -9.41716 38
      vertex -9.73035 -19.7312 38
      vertex -8.41903 -20.3253 38
    endloop
  endfacet
  facet normal -0 0 1
    outer loop
      vertex -12.1363 -1.03528 38
      vertex -10.4102 -1.37052 38
      vertex -12.0769 -0.780361 38
    endloop
  endfacet
  facet normal 0 0 1
    outer loop
      vertex -10.4775 -0.686732 38
      vertex -12.0769 -0.780361 38
      vertex -10.4102 -1.37052 38
    endloop
  endfacet
  facet normal 0 0 1
    outer loop
      vertex -12.0769 -0.780361 38
      vertex -10.4775 -0.686732 38
      vertex -12.0342 -0.522104 38
    endloop
  endfacet
  facet normal -0 0 1
    outer loop
      vertex -12.0342 -0.522104 38
      vertex -10.4775 -0.686732 38
      vertex -12.0086 -0.261612 38
    endloop
  endfacet
  facet normal 0 0 1
    outer loop
      vertex -10.5 0 38
      vertex -12.0086 -0.261612 38
      vertex -10.4775 -0.686732 38
    endloop
  endfacet
  facet normal 0 0 1
    outer loop
      vertex -5.25 -9.09327 38
      vertex -11 -19.0526 38
      vertex -9.73035 -19.7312 38
    endloop
  endfacet
  facet normal 0 0 1
    outer loop
      vertex -12.0086 -0.261612 38
      vertex -10.5 0 38
      vertex -12 0 38
    endloop
  endfacet
  facet normal 0 -0 1
    outer loop
      vertex -12.4125 1.76915 38
      vertex -10.2982 2.04845 38
      vertex -12.5359 2 38
    endloop
  endfacet
  facet normal -0 0 1
    outer loop
      vertex -12.2123 -1.28576 38
      vertex -10.4102 -1.37052 38
      vertex -12.1363 -1.03528 38
    endloop
  endfacet
  facet normal 0 0 1
    outer loop
      vertex -10.5 0 38
      vertex -12.0086 0.261612 38
      vertex -12 0 38
    endloop
  endfacet
  facet normal 0 0 1
    outer loop
      vertex -10.4775 0.686732 38
      vertex -12.0086 0.261612 38
      vertex -10.5 0 38
    endloop
  endfacet
  facet normal 0 -0 1
    outer loop
      vertex -12.0086 0.261612 38
      vertex -10.4775 0.686732 38
      vertex -12.0342 0.522104 38
    endloop
  endfacet
  facet normal 0 -0 1
    outer loop
      vertex -12.0342 0.522104 38
      vertex -10.4775 0.686732 38
      vertex -12.0769 0.780361 38
    endloop
  endfacet
  facet normal -0 -0 1
    outer loop
      vertex -12.0769 0.780361 38
      vertex -10.4775 0.686732 38
      vertex -12.1363 1.03528 38
    endloop
  endfacet
  facet normal 0 0 1
    outer loop
      vertex -13.1716 2.82843 38
      vertex -11 19.0526 38
      vertex -12.2225 18.2923 38
    endloop
  endfacet
  facet normal 0 0 1
    outer loop
      vertex -10.4102 1.37052 38
      vertex -12.1363 1.03528 38
      vertex -10.4775 0.686732 38
    endloop
  endfacet
  facet normal 0 -0 1
    outer loop
      vertex -12.1363 1.03528 38
      vertex -10.4102 1.37052 38
      vertex -12.2123 1.28576 38
    endloop
  endfacet
  facet normal 0 -0 1
    outer loop
      vertex -12.2123 1.28576 38
      vertex -10.4102 1.37052 38
      vertex -12.3045 1.53073 38
    endloop
  endfacet
  facet normal 0 0 1
    outer loop
      vertex -10.2982 2.04845 38
      vertex -12.3045 1.53073 38
      vertex -10.4102 1.37052 38
    endloop
  endfacet
  facet normal 0 -0 1
    outer loop
      vertex -12.3045 1.53073 38
      vertex -10.2982 2.04845 38
      vertex -12.4125 1.76915 38
    endloop
  endfacet
  facet normal 0 0 1
    outer loop
      vertex -11 19.0526 38
      vertex -12.9926 2.63738 38
      vertex -12.8266 2.43505 38
    endloop
  endfacet
  facet normal 0 0 1
    outer loop
      vertex -11 19.0526 38
      vertex -13.1716 2.82843 38
      vertex -12.9926 2.63738 38
    endloop
  endfacet
  facet normal 0 0 1
    outer loop
      vertex -12.2225 18.2923 38
      vertex -13.3626 3.00736 38
      vertex -13.1716 2.82843 38
    endloop
  endfacet
  facet normal -0 0 1
    outer loop
      vertex -13.3928 17.4538 38
      vertex -13.3626 3.00736 38
      vertex -12.2225 18.2923 38
    endloop
  endfacet
  facet normal 0 0 1
    outer loop
      vertex -13.3928 17.4538 38
      vertex -13.565 3.17341 38
      vertex -13.3626 3.00736 38
    endloop
  endfacet
  facet normal -0 0 1
    outer loop
      vertex -14.5056 16.5405 38
      vertex -13.565 3.17341 38
      vertex -13.3928 17.4538 38
    endloop
  endfacet
  facet normal 0 0 1
    outer loop
      vertex -13.565 3.17341 38
      vertex -14.5056 16.5405 38
      vertex -13.7777 3.32588 38
    endloop
  endfacet
  facet normal -0 0 1
    outer loop
      vertex -15.5563 15.5563 38
      vertex -13.7777 3.32588 38
      vertex -14.5056 16.5405 38
    endloop
  endfacet
  facet normal 0 0 1
    outer loop
      vertex -13.7777 3.32588 38
      vertex -15.5563 15.5563 38
      vertex -14 3.4641 38
    endloop
  endfacet
  facet normal 0 0 1
    outer loop
      vertex -14 3.4641 38
      vertex -15.5563 15.5563 38
      vertex -14.2308 3.58749 38
    endloop
  endfacet
  facet normal -0 0 1
    outer loop
      vertex -16.5405 14.5056 38
      vertex -14.2308 3.58749 38
      vertex -15.5563 15.5563 38
    endloop
  endfacet
  facet normal 0 0 1
    outer loop
      vertex -14.2308 3.58749 38
      vertex -16.5405 14.5056 38
      vertex -14.4693 3.69552 38
    endloop
  endfacet
  facet normal -0 0 1
    outer loop
      vertex -17.4538 13.3928 38
      vertex -14.4693 3.69552 38
      vertex -16.5405 14.5056 38
    endloop
  endfacet
  facet normal 0 0 1
    outer loop
      vertex -14.4693 3.69552 38
      vertex -17.4538 13.3928 38
      vertex -14.7142 3.78772 38
    endloop
  endfacet
  facet normal 0 0 1
    outer loop
      vertex -14.7142 3.78772 38
      vertex -17.4538 13.3928 38
      vertex -14.9647 3.8637 38
    endloop
  endfacet
  facet normal -0 0 1
    outer loop
      vertex -18.2923 12.2225 38
      vertex -14.9647 3.8637 38
      vertex -17.4538 13.3928 38
    endloop
  endfacet
  facet normal 0 0 1
    outer loop
      vertex -14.9647 3.8637 38
      vertex -18.2923 12.2225 38
      vertex -15.2196 3.92314 38
    endloop
  endfacet
  facet normal -0 0 1
    outer loop
      vertex -19.0526 11 38
      vertex -15.2196 3.92314 38
      vertex -18.2923 12.2225 38
    endloop
  endfacet
  facet normal 0 0 1
    outer loop
      vertex -15.2196 3.92314 38
      vertex -19.0526 11 38
      vertex -15.4779 3.96578 38
    endloop
  endfacet
  facet normal 0 0 1
    outer loop
      vertex -15.4779 3.96578 38
      vertex -19.0526 11 38
      vertex -15.7384 3.99144 38
    endloop
  endfacet
  facet normal -0 0 1
    outer loop
      vertex -19.7312 9.73035 38
      vertex -15.7384 3.99144 38
      vertex -19.0526 11 38
    endloop
  endfacet
  facet normal 0 0 1
    outer loop
      vertex -15.7384 3.99144 38
      vertex -19.7312 9.73035 38
      vertex -16 4 38
    endloop
  endfacet
  facet normal 0 0 1
    outer loop
      vertex -16 4 38
      vertex -19.7312 9.73035 38
      vertex -16.2616 3.99144 38
    endloop
  endfacet
  facet normal 0 0 1
    outer loop
      vertex -16.2616 3.99144 38
      vertex -19.7312 9.73035 38
      vertex -16.5221 3.96578 38
    endloop
  endfacet
  facet normal -0 0 1
    outer loop
      vertex -20.3253 8.41903 38
      vertex -16.5221 3.96578 38
      vertex -19.7312 9.73035 38
    endloop
  endfacet
  facet normal 0 0 1
    outer loop
      vertex -16.5221 3.96578 38
      vertex -20.3253 8.41903 38
      vertex -16.7804 3.92314 38
    endloop
  endfacet
  facet normal 0 0 1
    outer loop
      vertex -16.7804 3.92314 38
      vertex -20.3253 8.41903 38
      vertex -17.0353 3.8637 38
    endloop
  endfacet
  facet normal -0 0 1
    outer loop
      vertex -20.8325 7.07167 38
      vertex -17.0353 3.8637 38
      vertex -20.3253 8.41903 38
    endloop
  endfacet
  facet normal 0 0 1
    outer loop
      vertex -17.0353 3.8637 38
      vertex -20.8325 7.07167 38
      vertex -17.2858 3.78772 38
    endloop
  endfacet
  facet normal 0 0 1
    outer loop
      vertex -17.2858 3.78772 38
      vertex -20.8325 7.07167 38
      vertex -17.5307 3.69552 38
    endloop
  endfacet
  facet normal 0 0 1
    outer loop
      vertex -17.5307 3.69552 38
      vertex -20.8325 7.07167 38
      vertex -17.7692 3.58749 38
    endloop
  endfacet
  facet normal -0 0 1
    outer loop
      vertex -21.2504 5.69402 38
      vertex -17.7692 3.58749 38
      vertex -20.8325 7.07167 38
    endloop
  endfacet
  facet normal 0 0 1
    outer loop
      vertex -17.7692 3.58749 38
      vertex -21.2504 5.69402 38
      vertex -18 3.4641 38
    endloop
  endfacet
  facet normal 0 0 1
    outer loop
      vertex -18 3.4641 38
      vertex -21.2504 5.69402 38
      vertex -18.2223 3.32588 38
    endloop
  endfacet
  facet normal 0 0 1
    outer loop
      vertex -18.2223 3.32588 38
      vertex -21.2504 5.69402 38
      vertex -18.435 3.17341 38
    endloop
  endfacet
  facet normal -0 0 1
    outer loop
      vertex -21.5773 4.29199 38
      vertex -18.435 3.17341 38
      vertex -21.2504 5.69402 38
    endloop
  endfacet
  facet normal 0 0 1
    outer loop
      vertex -18.435 3.17341 38
      vertex -21.5773 4.29199 38
      vertex -18.6374 3.00736 38
    endloop
  endfacet
  facet normal 0 0 1
    outer loop
      vertex -18.6374 3.00736 38
      vertex -21.5773 4.29199 38
      vertex -18.8284 2.82843 38
    endloop
  endfacet
  facet normal 0 0 1
    outer loop
      vertex -18.8284 2.82843 38
      vertex -21.5773 4.29199 38
      vertex -19.0074 2.63738 38
    endloop
  endfacet
  facet normal 0 0 1
    outer loop
      vertex -19.0074 2.63738 38
      vertex -21.5773 4.29199 38
      vertex -19.1734 2.43505 38
    endloop
  endfacet
  facet normal -0 0 1
    outer loop
      vertex -21.8118 2.87158 38
      vertex -19.1734 2.43505 38
      vertex -21.5773 4.29199 38
    endloop
  endfacet
  facet normal 0 0 1
    outer loop
      vertex -19.1734 2.43505 38
      vertex -21.8118 2.87158 38
      vertex -19.3259 2.22228 38
    endloop
  endfacet
  facet normal 0 0 1
    outer loop
      vertex -19.3259 2.22228 38
      vertex -21.8118 2.87158 38
      vertex -19.4641 2 38
    endloop
  endfacet
  facet normal 0 0 1
    outer loop
      vertex -19.4641 2 38
      vertex -21.8118 2.87158 38
      vertex -19.5875 1.76915 38
    endloop
  endfacet
  facet normal 0 0 1
    outer loop
      vertex -19.5875 1.76915 38
      vertex -21.8118 2.87158 38
      vertex -19.6955 1.53073 38
    endloop
  endfacet
  facet normal 0 0 1
    outer loop
      vertex -21.9529 1.43887 38
      vertex -19.6955 1.53073 38
      vertex -21.8118 2.87158 38
    endloop
  endfacet
  facet normal 0 0 1
    outer loop
      vertex -19.6955 1.53073 38
      vertex -21.9529 1.43887 38
      vertex -19.7877 1.28576 38
    endloop
  endfacet
  facet normal -0 0 1
    outer loop
      vertex 19.9658 0.522104 38
      vertex 22 0 38
      vertex 21.9529 1.43887 38
    endloop
  endfacet
  facet normal -0 0 1
    outer loop
      vertex 19.6955 1.53073 38
      vertex 21.9529 1.43887 38
      vertex 21.8118 2.87158 38
    endloop
  endfacet
  facet normal 0 0 1
    outer loop
      vertex 22 0 38
      vertex 19.9658 0.522104 38
      vertex 19.9914 0.261612 38
    endloop
  endfacet
  facet normal 0 0 1
    outer loop
      vertex 19.1734 2.43505 38
      vertex 21.8118 2.87158 38
      vertex 21.5773 4.29199 38
    endloop
  endfacet
  facet normal 0 0 1
    outer loop
      vertex 19.9914 -0.261612 38
      vertex 22 0 38
      vertex 20 0 38
    endloop
  endfacet
  facet normal 0 0 1
    outer loop
      vertex 18.435 3.17341 38
      vertex 21.5773 4.29199 38
      vertex 21.2504 5.69402 38
    endloop
  endfacet
  facet normal 0 0 1
    outer loop
      vertex 19.9658 -0.522104 38
      vertex 22 0 38
      vertex 19.9914 -0.261612 38
    endloop
  endfacet
  facet normal 0 0 1
    outer loop
      vertex 17.7692 3.58749 38
      vertex 21.2504 5.69402 38
      vertex 20.8325 7.07167 38
    endloop
  endfacet
  facet normal 0 0 1
    outer loop
      vertex 22 0 38
      vertex 19.9658 -0.522104 38
      vertex 21.9529 -1.43887 38
    endloop
  endfacet
  facet normal 0 0 1
    outer loop
      vertex 17.0353 3.8637 38
      vertex 20.8325 7.07167 38
      vertex 20.3253 8.41903 38
    endloop
  endfacet
  facet normal -0 0 1
    outer loop
      vertex 19.9231 -0.780361 38
      vertex 21.9529 -1.43887 38
      vertex 19.9658 -0.522104 38
    endloop
  endfacet
  facet normal -0 0 1
    outer loop
      vertex 19.7877 -1.28576 38
      vertex 21.9529 -1.43887 38
      vertex 19.8637 -1.03528 38
    endloop
  endfacet
  facet normal -0 0 1
    outer loop
      vertex 19.8637 -1.03528 38
      vertex 21.9529 -1.43887 38
      vertex 19.9231 -0.780361 38
    endloop
  endfacet
  facet normal 0 0 1
    outer loop
      vertex 22 0 38
      vertex 19.9914 0.261612 38
      vertex 20 0 38
    endloop
  endfacet
  facet normal 0 0 1
    outer loop
      vertex 21.9529 1.43887 38
      vertex 19.9231 0.780361 38
      vertex 19.9658 0.522104 38
    endloop
  endfacet
  facet normal 0 0 1
    outer loop
      vertex 21.9529 1.43887 38
      vertex 19.8637 1.03528 38
      vertex 19.9231 0.780361 38
    endloop
  endfacet
  facet normal 0 0 1
    outer loop
      vertex 21.9529 1.43887 38
      vertex 19.7877 1.28576 38
      vertex 19.8637 1.03528 38
    endloop
  endfacet
  facet normal 0 0 1
    outer loop
      vertex 16.5221 3.96578 38
      vertex 20.3253 8.41903 38
      vertex 19.7312 9.73035 38
    endloop
  endfacet
  facet normal 0 0 1
    outer loop
      vertex 21.9529 1.43887 38
      vertex 19.6955 1.53073 38
      vertex 19.7877 1.28576 38
    endloop
  endfacet
  facet normal 0 0 1
    outer loop
      vertex 21.8118 2.87158 38
      vertex 19.5875 1.76915 38
      vertex 19.6955 1.53073 38
    endloop
  endfacet
  facet normal 0 0 1
    outer loop
      vertex 21.8118 2.87158 38
      vertex 19.4641 2 38
      vertex 19.5875 1.76915 38
    endloop
  endfacet
  facet normal 0 0 1
    outer loop
      vertex 21.8118 2.87158 38
      vertex 19.3259 2.22228 38
      vertex 19.4641 2 38
    endloop
  endfacet
  facet normal 0 0 1
    outer loop
      vertex 21.8118 2.87158 38
      vertex 19.1734 2.43505 38
      vertex 19.3259 2.22228 38
    endloop
  endfacet
  facet normal 0 0 1
    outer loop
      vertex 15.7384 3.99144 38
      vertex 19.7312 9.73035 38
      vertex 19.0526 11 38
    endloop
  endfacet
  facet normal 0 0 1
    outer loop
      vertex 21.5773 4.29199 38
      vertex 19.0074 2.63738 38
      vertex 19.1734 2.43505 38
    endloop
  endfacet
  facet normal 0 0 1
    outer loop
      vertex 21.5773 4.29199 38
      vertex 18.8284 2.82843 38
      vertex 19.0074 2.63738 38
    endloop
  endfacet
  facet normal 0 0 1
    outer loop
      vertex 21.5773 4.29199 38
      vertex 18.6374 3.00736 38
      vertex 18.8284 2.82843 38
    endloop
  endfacet
  facet normal 0 0 1
    outer loop
      vertex 21.5773 4.29199 38
      vertex 18.435 3.17341 38
      vertex 18.6374 3.00736 38
    endloop
  endfacet
  facet normal 0 0 1
    outer loop
      vertex 15.2196 3.92314 38
      vertex 19.0526 11 38
      vertex 18.2923 12.2225 38
    endloop
  endfacet
  facet normal 0 0 1
    outer loop
      vertex 21.2504 5.69402 38
      vertex 18.2223 3.32588 38
      vertex 18.435 3.17341 38
    endloop
  endfacet
  facet normal 0 0 1
    outer loop
      vertex 21.2504 5.69402 38
      vertex 18 3.4641 38
      vertex 18.2223 3.32588 38
    endloop
  endfacet
  facet normal 0 0 1
    outer loop
      vertex 21.2504 5.69402 38
      vertex 17.7692 3.58749 38
      vertex 18 3.4641 38
    endloop
  endfacet
  facet normal 0 0 1
    outer loop
      vertex 20.8325 7.07167 38
      vertex 17.5307 3.69552 38
      vertex 17.7692 3.58749 38
    endloop
  endfacet
  facet normal 0 0 1
    outer loop
      vertex 8.73043 5.83349 38
      vertex 18.2923 12.2225 38
      vertex 17.4538 13.3928 38
    endloop
  endfacet
  facet normal 0 0 1
    outer loop
      vertex 20.8325 7.07167 38
      vertex 17.2858 3.78772 38
      vertex 17.5307 3.69552 38
    endloop
  endfacet
  facet normal 0 0 1
    outer loop
      vertex 20.8325 7.07167 38
      vertex 17.0353 3.8637 38
      vertex 17.2858 3.78772 38
    endloop
  endfacet
  facet normal 0 0 1
    outer loop
      vertex 20.3253 8.41903 38
      vertex 16.7804 3.92314 38
      vertex 17.0353 3.8637 38
    endloop
  endfacet
  facet normal 0 0 1
    outer loop
      vertex 8.33021 6.39199 38
      vertex 17.4538 13.3928 38
      vertex 16.5405 14.5056 38
    endloop
  endfacet
  facet normal 0 0 1
    outer loop
      vertex 20.3253 8.41903 38
      vertex 16.5221 3.96578 38
      vertex 16.7804 3.92314 38
    endloop
  endfacet
  facet normal 0 0 1
    outer loop
      vertex 19.7312 9.73035 38
      vertex 16.2616 3.99144 38
      vertex 16.5221 3.96578 38
    endloop
  endfacet
  facet normal 0 0 1
    outer loop
      vertex 19.7312 9.73035 38
      vertex 16 4 38
      vertex 16.2616 3.99144 38
    endloop
  endfacet
  facet normal 0 0 1
    outer loop
      vertex 19.7312 9.73035 38
      vertex 15.7384 3.99144 38
      vertex 16 4 38
    endloop
  endfacet
  facet normal 0 0 1
    outer loop
      vertex 7.89432 6.92313 38
      vertex 16.5405 14.5056 38
      vertex 15.5563 15.5563 38
    endloop
  endfacet
  facet normal 0 0 1
    outer loop
      vertex 19.0526 11 38
      vertex 15.4779 3.96578 38
      vertex 15.7384 3.99144 38
    endloop
  endfacet
  facet normal 0 0 1
    outer loop
      vertex 19.0526 11 38
      vertex 15.2196 3.92314 38
      vertex 15.4779 3.96578 38
    endloop
  endfacet
  facet normal 0 0 1
    outer loop
      vertex 18.2923 12.2225 38
      vertex 14.9647 3.8637 38
      vertex 15.2196 3.92314 38
    endloop
  endfacet
  facet normal 0 -0 1
    outer loop
      vertex 8.73043 5.83349 38
      vertex 17.4538 13.3928 38
      vertex 8.33021 6.39199 38
    endloop
  endfacet
  facet normal 0 0 1
    outer loop
      vertex 7.42462 7.42462 38
      vertex 15.5563 15.5563 38
      vertex 14.5056 16.5405 38
    endloop
  endfacet
  facet normal 0 0 1
    outer loop
      vertex 18.2923 12.2225 38
      vertex 8.73043 5.83349 38
      vertex 14.9647 3.8637 38
    endloop
  endfacet
  facet normal 0 0 1
    outer loop
      vertex 14.9647 3.8637 38
      vertex 8.73043 5.83349 38
      vertex 14.7142 3.78772 38
    endloop
  endfacet
  facet normal 0 0 1
    outer loop
      vertex 14.7142 3.78772 38
      vertex 8.73043 5.83349 38
      vertex 14.4693 3.69552 38
    endloop
  endfacet
  facet normal -0 -0 1
    outer loop
      vertex 9.09327 5.25 38
      vertex 14.4693 3.69552 38
      vertex 8.73043 5.83349 38
    endloop
  endfacet
  facet normal 0 0 1
    outer loop
      vertex 14.2308 3.58749 38
      vertex 9.09327 5.25 38
      vertex 14 3.4641 38
    endloop
  endfacet
  facet normal 0 0 1
    outer loop
      vertex 6.92313 7.89432 38
      vertex 14.5056 16.5405 38
      vertex 13.3928 17.4538 38
    endloop
  endfacet
  facet normal -0 -0 1
    outer loop
      vertex 9.41716 4.64403 38
      vertex 14 3.4641 38
      vertex 9.09327 5.25 38
    endloop
  endfacet
  facet normal 0 0 1
    outer loop
      vertex 14 3.4641 38
      vertex 9.41716 4.64403 38
      vertex 13.7777 3.32588 38
    endloop
  endfacet
  facet normal 0 0 1
    outer loop
      vertex 13.7777 3.32588 38
      vertex 9.41716 4.64403 38
      vertex 13.565 3.17341 38
    endloop
  endfacet
  facet normal -0 -0 1
    outer loop
      vertex 9.70073 4.01818 38
      vertex 13.565 3.17341 38
      vertex 9.41716 4.64403 38
    endloop
  endfacet
  facet normal 0 0 1
    outer loop
      vertex 13.565 3.17341 38
      vertex 9.70073 4.01818 38
      vertex 13.3626 3.00736 38
    endloop
  endfacet
  facet normal -0 -0 1
    outer loop
      vertex 9.94277 3.37511 38
      vertex 13.1716 2.82843 38
      vertex 9.70073 4.01818 38
    endloop
  endfacet
  facet normal 0 0 1
    outer loop
      vertex 13.1716 2.82843 38
      vertex 9.94277 3.37511 38
      vertex 12.9926 2.63738 38
    endloop
  endfacet
  facet normal 0 0 1
    outer loop
      vertex 12.9926 2.63738 38
      vertex 9.94277 3.37511 38
      vertex 12.8266 2.43505 38
    endloop
  endfacet
  facet normal 0 0 1
    outer loop
      vertex 6.39199 8.33021 38
      vertex 13.3928 17.4538 38
      vertex 12.2225 18.2923 38
    endloop
  endfacet
  facet normal -0 -0 1
    outer loop
      vertex 10.1422 2.7176 38
      vertex 12.8266 2.43505 38
      vertex 9.94277 3.37511 38
    endloop
  endfacet
  facet normal 0 0 1
    outer loop
      vertex 12.6741 2.22228 38
      vertex 10.1422 2.7176 38
      vertex 12.5359 2 38
    endloop
  endfacet
  facet normal -0 -0 1
    outer loop
      vertex 10.2982 2.04845 38
      vertex 12.5359 2 38
      vertex 10.1422 2.7176 38
    endloop
  endfacet
  facet normal 0 0 1
    outer loop
      vertex 12.5359 2 38
      vertex 10.2982 2.04845 38
      vertex 12.4125 1.76915 38
    endloop
  endfacet
  facet normal 0 -0 1
    outer loop
      vertex 10.4102 1.37052 38
      vertex 12.3045 1.53073 38
      vertex 10.2982 2.04845 38
    endloop
  endfacet
  facet normal 0 0 1
    outer loop
      vertex 12.3045 1.53073 38
      vertex 10.4102 1.37052 38
      vertex 12.2123 1.28576 38
    endloop
  endfacet
  facet normal 0 0 1
    outer loop
      vertex 5.83349 8.73043 38
      vertex 12.2225 18.2923 38
      vertex 11 19.0526 38
    endloop
  endfacet
  facet normal 0 0 1
    outer loop
      vertex 19.6955 -1.53073 38
      vertex 21.9529 -1.43887 38
      vertex 19.7877 -1.28576 38
    endloop
  endfacet
  facet normal 0 0 1
    outer loop
      vertex 21.9529 -1.43887 38
      vertex 19.6955 -1.53073 38
      vertex 21.8118 -2.87158 38
    endloop
  endfacet
  facet normal -0 0 1
    outer loop
      vertex 19.5875 -1.76915 38
      vertex 21.8118 -2.87158 38
      vertex 19.6955 -1.53073 38
    endloop
  endfacet
  facet normal -0 0 1
    outer loop
      vertex 19.4641 -2 38
      vertex 21.8118 -2.87158 38
      vertex 19.5875 -1.76915 38
    endloop
  endfacet
  facet normal -0 0 1
    outer loop
      vertex 19.3259 -2.22228 38
      vertex 21.8118 -2.87158 38
      vertex 19.4641 -2 38
    endloop
  endfacet
  facet normal -0 0 1
    outer loop
      vertex 19.1734 -2.43505 38
      vertex 21.8118 -2.87158 38
      vertex 19.3259 -2.22228 38
    endloop
  endfacet
  facet normal 0 0 1
    outer loop
      vertex 21.8118 -2.87158 38
      vertex 19.1734 -2.43505 38
      vertex 21.5773 -4.29199 38
    endloop
  endfacet
  facet normal -0 0 1
    outer loop
      vertex 19.0074 -2.63738 38
      vertex 21.5773 -4.29199 38
      vertex 19.1734 -2.43505 38
    endloop
  endfacet
  facet normal -0 0 1
    outer loop
      vertex 18.8284 -2.82843 38
      vertex 21.5773 -4.29199 38
      vertex 19.0074 -2.63738 38
    endloop
  endfacet
  facet normal -0 0 1
    outer loop
      vertex 18.6374 -3.00736 38
      vertex 21.5773 -4.29199 38
      vertex 18.8284 -2.82843 38
    endloop
  endfacet
  facet normal -0 0 1
    outer loop
      vertex 18.435 -3.17341 38
      vertex 21.5773 -4.29199 38
      vertex 18.6374 -3.00736 38
    endloop
  endfacet
  facet normal 0 0 1
    outer loop
      vertex 21.5773 -4.29199 38
      vertex 18.435 -3.17341 38
      vertex 21.2504 -5.69402 38
    endloop
  endfacet
  facet normal -0 0 1
    outer loop
      vertex 18.2223 -3.32588 38
      vertex 21.2504 -5.69402 38
      vertex 18.435 -3.17341 38
    endloop
  endfacet
  facet normal -0 0 1
    outer loop
      vertex 18 -3.4641 38
      vertex 21.2504 -5.69402 38
      vertex 18.2223 -3.32588 38
    endloop
  endfacet
  facet normal -0 0 1
    outer loop
      vertex 17.7692 -3.58749 38
      vertex 21.2504 -5.69402 38
      vertex 18 -3.4641 38
    endloop
  endfacet
  facet normal 0 0 1
    outer loop
      vertex 21.2504 -5.69402 38
      vertex 17.7692 -3.58749 38
      vertex 20.8325 -7.07167 38
    endloop
  endfacet
  facet normal -0 0 1
    outer loop
      vertex 17.5307 -3.69552 38
      vertex 20.8325 -7.07167 38
      vertex 17.7692 -3.58749 38
    endloop
  endfacet
  facet normal -0 0 1
    outer loop
      vertex 17.2858 -3.78772 38
      vertex 20.8325 -7.07167 38
      vertex 17.5307 -3.69552 38
    endloop
  endfacet
  facet normal -0 0 1
    outer loop
      vertex 17.0353 -3.8637 38
      vertex 20.8325 -7.07167 38
      vertex 17.2858 -3.78772 38
    endloop
  endfacet
  facet normal 0 0 1
    outer loop
      vertex 20.8325 -7.07167 38
      vertex 17.0353 -3.8637 38
      vertex 20.3253 -8.41903 38
    endloop
  endfacet
  facet normal -0 0 1
    outer loop
      vertex 16.7804 -3.92314 38
      vertex 20.3253 -8.41903 38
      vertex 17.0353 -3.8637 38
    endloop
  endfacet
  facet normal -0 0 1
    outer loop
      vertex 16.5221 -3.96578 38
      vertex 20.3253 -8.41903 38
      vertex 16.7804 -3.92314 38
    endloop
  endfacet
  facet normal 0 0 1
    outer loop
      vertex 20.3253 -8.41903 38
      vertex 16.5221 -3.96578 38
      vertex 19.7312 -9.73035 38
    endloop
  endfacet
  facet normal -0 0 1
    outer loop
      vertex 16.2616 -3.99144 38
      vertex 19.7312 -9.73035 38
      vertex 16.5221 -3.96578 38
    endloop
  endfacet
  facet normal -0 0 1
    outer loop
      vertex 16 -4 38
      vertex 19.7312 -9.73035 38
      vertex 16.2616 -3.99144 38
    endloop
  endfacet
  facet normal 0 0 1
    outer loop
      vertex 15.7384 -3.99144 38
      vertex 19.7312 -9.73035 38
      vertex 16 -4 38
    endloop
  endfacet
  facet normal 0 0 1
    outer loop
      vertex 19.7312 -9.73035 38
      vertex 15.7384 -3.99144 38
      vertex 19.0526 -11 38
    endloop
  endfacet
  facet normal 0 0 1
    outer loop
      vertex 15.4779 -3.96578 38
      vertex 19.0526 -11 38
      vertex 15.7384 -3.99144 38
    endloop
  endfacet
  facet normal 0 0 1
    outer loop
      vertex 15.2196 -3.92314 38
      vertex 19.0526 -11 38
      vertex 15.4779 -3.96578 38
    endloop
  endfacet
  facet normal 0 0 1
    outer loop
      vertex 19.0526 -11 38
      vertex 15.2196 -3.92314 38
      vertex 18.2923 -12.2225 38
    endloop
  endfacet
  facet normal 0 0 1
    outer loop
      vertex 14.9647 -3.8637 38
      vertex 18.2923 -12.2225 38
      vertex 15.2196 -3.92314 38
    endloop
  endfacet
  facet normal 0 0 1
    outer loop
      vertex 18.2923 -12.2225 38
      vertex 14.9647 -3.8637 38
      vertex 17.4538 -13.3928 38
    endloop
  endfacet
  facet normal 0 0 1
    outer loop
      vertex 14.7142 -3.78772 38
      vertex 17.4538 -13.3928 38
      vertex 14.9647 -3.8637 38
    endloop
  endfacet
  facet normal 0 0 1
    outer loop
      vertex 14.4693 -3.69552 38
      vertex 17.4538 -13.3928 38
      vertex 14.7142 -3.78772 38
    endloop
  endfacet
  facet normal 0 0 1
    outer loop
      vertex 17.4538 -13.3928 38
      vertex 14.4693 -3.69552 38
      vertex 16.5405 -14.5056 38
    endloop
  endfacet
  facet normal 0 0 1
    outer loop
      vertex 14.2308 -3.58749 38
      vertex 16.5405 -14.5056 38
      vertex 14.4693 -3.69552 38
    endloop
  endfacet
  facet normal 0 0 1
    outer loop
      vertex 16.5405 -14.5056 38
      vertex 14.2308 -3.58749 38
      vertex 15.5563 -15.5563 38
    endloop
  endfacet
  facet normal 0 0 1
    outer loop
      vertex 14 -3.4641 38
      vertex 15.5563 -15.5563 38
      vertex 14.2308 -3.58749 38
    endloop
  endfacet
  facet normal 0 0 1
    outer loop
      vertex 13.7777 -3.32588 38
      vertex 15.5563 -15.5563 38
      vertex 14 -3.4641 38
    endloop
  endfacet
  facet normal 0 0 1
    outer loop
      vertex 15.5563 -15.5563 38
      vertex 13.7777 -3.32588 38
      vertex 14.5056 -16.5405 38
    endloop
  endfacet
  facet normal 0 0 1
    outer loop
      vertex 13.565 -3.17341 38
      vertex 14.5056 -16.5405 38
      vertex 13.7777 -3.32588 38
    endloop
  endfacet
  facet normal 0 0 1
    outer loop
      vertex 13.565 -3.17341 38
      vertex 13.3928 -17.4538 38
      vertex 14.5056 -16.5405 38
    endloop
  endfacet
  facet normal 0 0 1
    outer loop
      vertex 13.3626 -3.00736 38
      vertex 13.3928 -17.4538 38
      vertex 13.565 -3.17341 38
    endloop
  endfacet
  facet normal 0 0 1
    outer loop
      vertex 12.2225 -18.2923 38
      vertex 13.3626 -3.00736 38
      vertex 13.1716 -2.82843 38
    endloop
  endfacet
  facet normal 0 0 1
    outer loop
      vertex 11 -19.0526 38
      vertex 13.1716 -2.82843 38
      vertex 12.9926 -2.63738 38
    endloop
  endfacet
  facet normal 0 0 1
    outer loop
      vertex 10.1422 -2.7176 38
      vertex 12.5359 -2 38
      vertex 10.2982 -2.04845 38
    endloop
  endfacet
  facet normal 0 0 1
    outer loop
      vertex 12.3045 -1.53073 38
      vertex 10.2982 -2.04845 38
      vertex 12.4125 -1.76915 38
    endloop
  endfacet
  facet normal 0 0 1
    outer loop
      vertex 10.2982 -2.04845 38
      vertex 12.3045 -1.53073 38
      vertex 10.4102 -1.37052 38
    endloop
  endfacet
  facet normal 0 0 1
    outer loop
      vertex 12.2123 -1.28576 38
      vertex 10.4102 -1.37052 38
      vertex 12.3045 -1.53073 38
    endloop
  endfacet
  facet normal 0 0 1
    outer loop
      vertex 12.1363 -1.03528 38
      vertex 10.4102 -1.37052 38
      vertex 12.2123 -1.28576 38
    endloop
  endfacet
  facet normal 0 0 1
    outer loop
      vertex 13.3626 -3.00736 38
      vertex 12.2225 -18.2923 38
      vertex 13.3928 -17.4538 38
    endloop
  endfacet
  facet normal 0 0 1
    outer loop
      vertex 10.4102 -1.37052 38
      vertex 12.1363 -1.03528 38
      vertex 10.4775 -0.686732 38
    endloop
  endfacet
  facet normal 0 0 1
    outer loop
      vertex 12.0769 -0.780361 38
      vertex 10.4775 -0.686732 38
      vertex 12.1363 -1.03528 38
    endloop
  endfacet
  facet normal 0 0 1
    outer loop
      vertex 12.0342 -0.522104 38
      vertex 10.4775 -0.686732 38
      vertex 12.0769 -0.780361 38
    endloop
  endfacet
  facet normal 0 0 1
    outer loop
      vertex 12.0086 -0.261612 38
      vertex 10.4775 -0.686732 38
      vertex 12.0342 -0.522104 38
    endloop
  endfacet
  facet normal 0 0 1
    outer loop
      vertex 10.4775 -0.686732 38
      vertex 12.0086 -0.261612 38
      vertex 10.5 0 38
    endloop
  endfacet
  facet normal -0 0 1
    outer loop
      vertex 10.5 0 38
      vertex 12.0086 -0.261612 38
      vertex 12 0 38
    endloop
  endfacet
  facet normal 0 0 1
    outer loop
      vertex 12.2123 1.28576 38
      vertex 10.4102 1.37052 38
      vertex 12.1363 1.03528 38
    endloop
  endfacet
  facet normal 0 0 1
    outer loop
      vertex 12.4125 -1.76915 38
      vertex 10.2982 -2.04845 38
      vertex 12.5359 -2 38
    endloop
  endfacet
  facet normal 0 0 1
    outer loop
      vertex 13.1716 -2.82843 38
      vertex 11 -19.0526 38
      vertex 12.2225 -18.2923 38
    endloop
  endfacet
  facet normal 0 0 1
    outer loop
      vertex 12.0086 0.261612 38
      vertex 10.5 0 38
      vertex 12 0 38
    endloop
  endfacet
  facet normal 0 -0 1
    outer loop
      vertex 10.5 0 38
      vertex 12.0086 0.261612 38
      vertex 10.4775 0.686732 38
    endloop
  endfacet
  facet normal 0 0 1
    outer loop
      vertex 12.0342 0.522104 38
      vertex 10.4775 0.686732 38
      vertex 12.0086 0.261612 38
    endloop
  endfacet
  facet normal 0 0 1
    outer loop
      vertex 12.0769 0.780361 38
      vertex 10.4775 0.686732 38
      vertex 12.0342 0.522104 38
    endloop
  endfacet
  facet normal 0 -0 1
    outer loop
      vertex 10.4775 0.686732 38
      vertex 12.0769 0.780361 38
      vertex 10.4102 1.37052 38
    endloop
  endfacet
  facet normal 0 0 1
    outer loop
      vertex 5.25 9.09327 38
      vertex 11 19.0526 38
      vertex 9.73035 19.7312 38
    endloop
  endfacet
  facet normal 0 0 1
    outer loop
      vertex 12.1363 1.03528 38
      vertex 10.4102 1.37052 38
      vertex 12.0769 0.780361 38
    endloop
  endfacet
  facet normal 0 0 1
    outer loop
      vertex 12.4125 1.76915 38
      vertex 10.2982 2.04845 38
      vertex 12.3045 1.53073 38
    endloop
  endfacet
  facet normal 0 0 1
    outer loop
      vertex 12.8266 2.43505 38
      vertex 10.1422 2.7176 38
      vertex 12.6741 2.22228 38
    endloop
  endfacet
  facet normal 0 0 1
    outer loop
      vertex 13.3626 3.00736 38
      vertex 9.70073 4.01818 38
      vertex 13.1716 2.82843 38
    endloop
  endfacet
  facet normal 0 0 1
    outer loop
      vertex 4.64403 9.41716 38
      vertex 9.73035 19.7312 38
      vertex 8.41903 20.3253 38
    endloop
  endfacet
  facet normal 0 0 1
    outer loop
      vertex 14.4693 3.69552 38
      vertex 9.09327 5.25 38
      vertex 14.2308 3.58749 38
    endloop
  endfacet
  facet normal 0 0 1
    outer loop
      vertex 16.5405 14.5056 38
      vertex 7.89432 6.92313 38
      vertex 8.33021 6.39199 38
    endloop
  endfacet
  facet normal 0 0 1
    outer loop
      vertex 15.5563 15.5563 38
      vertex 7.42462 7.42462 38
      vertex 7.89432 6.92313 38
    endloop
  endfacet
  facet normal 0 0 1
    outer loop
      vertex 4.01818 9.70073 38
      vertex 8.41903 20.3253 38
      vertex 7.07167 20.8325 38
    endloop
  endfacet
  facet normal 0 0 1
    outer loop
      vertex 14.5056 16.5405 38
      vertex 6.92313 7.89432 38
      vertex 7.42462 7.42462 38
    endloop
  endfacet
  facet normal 0 0 1
    outer loop
      vertex 13.3928 17.4538 38
      vertex 6.39199 8.33021 38
      vertex 6.92313 7.89432 38
    endloop
  endfacet
  facet normal 0 0 1
    outer loop
      vertex 12.2225 18.2923 38
      vertex 5.83349 8.73043 38
      vertex 6.39199 8.33021 38
    endloop
  endfacet
  facet normal 0 0 1
    outer loop
      vertex 3.37511 9.94277 38
      vertex 7.07167 20.8325 38
      vertex 5.69402 21.2504 38
    endloop
  endfacet
  facet normal 0 0 1
    outer loop
      vertex 11 19.0526 38
      vertex 5.25 9.09327 38
      vertex 5.83349 8.73043 38
    endloop
  endfacet
  facet normal 0 0 1
    outer loop
      vertex 9.73035 19.7312 38
      vertex 4.64403 9.41716 38
      vertex 5.25 9.09327 38
    endloop
  endfacet
  facet normal 0 0 1
    outer loop
      vertex 2.7176 10.1422 38
      vertex 5.69402 21.2504 38
      vertex 4.29199 21.5773 38
    endloop
  endfacet
  facet normal 0 0 1
    outer loop
      vertex 8.41903 20.3253 38
      vertex 4.01818 9.70073 38
      vertex 4.64403 9.41716 38
    endloop
  endfacet
  facet normal 0 0 1
    outer loop
      vertex 7.07167 20.8325 38
      vertex 3.37511 9.94277 38
      vertex 4.01818 9.70073 38
    endloop
  endfacet
  facet normal 0 0 1
    outer loop
      vertex 2.04845 10.2982 38
      vertex 4.29199 21.5773 38
      vertex 2.87158 21.8118 38
    endloop
  endfacet
  facet normal 0 0 1
    outer loop
      vertex 5.69402 21.2504 38
      vertex 2.7176 10.1422 38
      vertex 3.37511 9.94277 38
    endloop
  endfacet
  facet normal 0 0 1
    outer loop
      vertex 4.29199 21.5773 38
      vertex 2.04845 10.2982 38
      vertex 2.7176 10.1422 38
    endloop
  endfacet
  facet normal 0 0 1
    outer loop
      vertex 1.37052 10.4102 38
      vertex 2.87158 21.8118 38
      vertex 1.43887 21.9529 38
    endloop
  endfacet
  facet normal 0 0 1
    outer loop
      vertex 2.87158 21.8118 38
      vertex 1.37052 10.4102 38
      vertex 2.04845 10.2982 38
    endloop
  endfacet
  facet normal 0 0 1
    outer loop
      vertex 1.43887 21.9529 38
      vertex 0.686732 10.4775 38
      vertex 1.37052 10.4102 38
    endloop
  endfacet
  facet normal 0 0 1
    outer loop
      vertex 0 22 38
      vertex 0.686732 10.4775 38
      vertex 1.43887 21.9529 38
    endloop
  endfacet
  facet normal 0 0 1
    outer loop
      vertex 0 22 38
      vertex 0 10.5 38
      vertex 0.686732 10.4775 38
    endloop
  endfacet
  facet normal 0 0 1
    outer loop
      vertex 0 22 38
      vertex -0.686732 10.4775 38
      vertex 0 10.5 38
    endloop
  endfacet
  facet normal -0 0 1
    outer loop
      vertex -1.43887 21.9529 38
      vertex -0.686732 10.4775 38
      vertex 0 22 38
    endloop
  endfacet
  facet normal 0 0 1
    outer loop
      vertex -0.686732 10.4775 38
      vertex -1.43887 21.9529 38
      vertex -1.37052 10.4102 38
    endloop
  endfacet
  facet normal -0 0 1
    outer loop
      vertex -2.87158 21.8118 38
      vertex -1.37052 10.4102 38
      vertex -1.43887 21.9529 38
    endloop
  endfacet
  facet normal 0 0 1
    outer loop
      vertex -1.37052 10.4102 38
      vertex -2.87158 21.8118 38
      vertex -2.04845 10.2982 38
    endloop
  endfacet
  facet normal -0 0 1
    outer loop
      vertex -4.29199 21.5773 38
      vertex -2.04845 10.2982 38
      vertex -2.87158 21.8118 38
    endloop
  endfacet
  facet normal 0 0 1
    outer loop
      vertex -2.04845 10.2982 38
      vertex -4.29199 21.5773 38
      vertex -2.7176 10.1422 38
    endloop
  endfacet
  facet normal -0 0 1
    outer loop
      vertex -5.69402 21.2504 38
      vertex -2.7176 10.1422 38
      vertex -4.29199 21.5773 38
    endloop
  endfacet
  facet normal 0 0 1
    outer loop
      vertex -2.7176 10.1422 38
      vertex -5.69402 21.2504 38
      vertex -3.37511 9.94277 38
    endloop
  endfacet
  facet normal -0 0 1
    outer loop
      vertex -7.07167 20.8325 38
      vertex -3.37511 9.94277 38
      vertex -5.69402 21.2504 38
    endloop
  endfacet
  facet normal 0 0 1
    outer loop
      vertex -3.37511 9.94277 38
      vertex -7.07167 20.8325 38
      vertex -4.01818 9.70073 38
    endloop
  endfacet
  facet normal -0 0 1
    outer loop
      vertex -8.41903 20.3253 38
      vertex -4.01818 9.70073 38
      vertex -7.07167 20.8325 38
    endloop
  endfacet
  facet normal 0 0 1
    outer loop
      vertex -4.01818 9.70073 38
      vertex -8.41903 20.3253 38
      vertex -4.64403 9.41716 38
    endloop
  endfacet
  facet normal -0 0 1
    outer loop
      vertex -9.73035 19.7312 38
      vertex -4.64403 9.41716 38
      vertex -8.41903 20.3253 38
    endloop
  endfacet
  facet normal 0 0 1
    outer loop
      vertex -4.64403 9.41716 38
      vertex -9.73035 19.7312 38
      vertex -5.25 9.09327 38
    endloop
  endfacet
  facet normal -0 0 1
    outer loop
      vertex -11 19.0526 38
      vertex -5.25 9.09327 38
      vertex -9.73035 19.7312 38
    endloop
  endfacet
  facet normal 0 0 1
    outer loop
      vertex -5.25 9.09327 38
      vertex -11 19.0526 38
      vertex -5.83349 8.73043 38
    endloop
  endfacet
  facet normal 0 0 1
    outer loop
      vertex -5.83349 8.73043 38
      vertex -11 19.0526 38
      vertex -6.39199 8.33021 38
    endloop
  endfacet
  facet normal 0 0 1
    outer loop
      vertex -6.39199 8.33021 38
      vertex -11 19.0526 38
      vertex -6.92313 7.89432 38
    endloop
  endfacet
  facet normal 0 0 1
    outer loop
      vertex -6.92313 7.89432 38
      vertex -11 19.0526 38
      vertex -7.42462 7.42462 38
    endloop
  endfacet
  facet normal 0 0 1
    outer loop
      vertex -7.42462 7.42462 38
      vertex -11 19.0526 38
      vertex -7.89432 6.92313 38
    endloop
  endfacet
  facet normal 0 0 1
    outer loop
      vertex -7.89432 6.92313 38
      vertex -11 19.0526 38
      vertex -8.33021 6.39199 38
    endloop
  endfacet
  facet normal 0 0 1
    outer loop
      vertex -8.33021 6.39199 38
      vertex -11 19.0526 38
      vertex -8.73043 5.83349 38
    endloop
  endfacet
  facet normal 0 0 1
    outer loop
      vertex -12.8266 2.43505 38
      vertex -8.73043 5.83349 38
      vertex -11 19.0526 38
    endloop
  endfacet
  facet normal 0 0 1
    outer loop
      vertex -8.73043 5.83349 38
      vertex -12.8266 2.43505 38
      vertex -9.09327 5.25 38
    endloop
  endfacet
  facet normal 0 0 1
    outer loop
      vertex -9.09327 5.25 38
      vertex -12.8266 2.43505 38
      vertex -9.41716 4.64403 38
    endloop
  endfacet
  facet normal 0 0 1
    outer loop
      vertex -9.41716 4.64403 38
      vertex -12.8266 2.43505 38
      vertex -9.70073 4.01818 38
    endloop
  endfacet
  facet normal 0 0 1
    outer loop
      vertex -9.70073 4.01818 38
      vertex -12.8266 2.43505 38
      vertex -9.94277 3.37511 38
    endloop
  endfacet
  facet normal 0 0 1
    outer loop
      vertex -9.94277 3.37511 38
      vertex -12.8266 2.43505 38
      vertex -10.1422 2.7176 38
    endloop
  endfacet
  facet normal 0 -0 1
    outer loop
      vertex -12.6741 2.22228 38
      vertex -10.1422 2.7176 38
      vertex -12.8266 2.43505 38
    endloop
  endfacet
  facet normal 0 0 1
    outer loop
      vertex -10.1422 2.7176 38
      vertex -12.5359 2 38
      vertex -10.2982 2.04845 38
    endloop
  endfacet
  facet normal 0 -0 1
    outer loop
      vertex -12.5359 2 38
      vertex -10.1422 2.7176 38
      vertex -12.6741 2.22228 38
    endloop
  endfacet
  facet normal 0.412677 -0.910877 0
    outer loop
      vertex 8.41903 -20.3253 0
      vertex 9.73035 -19.7312 38
      vertex 8.41903 -20.3253 38
    endloop
  endfacet
  facet normal 0.412677 -0.910877 0
    outer loop
      vertex 9.73035 -19.7312 38
      vertex 8.41903 -20.3253 0
      vertex 9.73035 -19.7312 0
    endloop
  endfacet
  facet normal 0.956941 -0.290281 0
    outer loop
      vertex 20.8325 -7.07167 38
      vertex 21.2504 -5.69402 0
      vertex 21.2504 -5.69402 38
    endloop
  endfacet
  facet normal 0.956941 -0.290281 0
    outer loop
      vertex 21.2504 -5.69402 0
      vertex 20.8325 -7.07167 38
      vertex 20.8325 -7.07167 0
    endloop
  endfacet
  facet normal -0.227071 -0.973878 0
    outer loop
      vertex -5.69402 -21.2504 0
      vertex -4.29199 -21.5773 38
      vertex -5.69402 -21.2504 38
    endloop
  endfacet
  facet normal -0.227071 -0.973878 -0
    outer loop
      vertex -4.29199 -21.5773 38
      vertex -5.69402 -21.2504 0
      vertex -4.29199 -21.5773 0
    endloop
  endfacet
  facet normal -0.881933 -0.471374 0
    outer loop
      vertex -19.0526 -11 0
      vertex -19.7312 -9.73035 38
      vertex -19.7312 -9.73035 0
    endloop
  endfacet
  facet normal -0.881933 -0.471374 0
    outer loop
      vertex -19.7312 -9.73035 38
      vertex -19.0526 -11 0
      vertex -19.0526 -11 38
    endloop
  endfacet
  facet normal 0.995185 -0.0980105 0
    outer loop
      vertex 21.8118 -2.87158 38
      vertex 21.9529 -1.43887 0
      vertex 21.9529 -1.43887 38
    endloop
  endfacet
  facet normal 0.995185 -0.0980105 0
    outer loop
      vertex 21.9529 -1.43887 0
      vertex 21.8118 -2.87158 38
      vertex 21.8118 -2.87158 0
    endloop
  endfacet
  facet normal 0.412677 0.910877 -0
    outer loop
      vertex 9.73035 19.7312 0
      vertex 8.41903 20.3253 38
      vertex 9.73035 19.7312 38
    endloop
  endfacet
  facet normal 0.412677 0.910877 0
    outer loop
      vertex 8.41903 20.3253 38
      vertex 9.73035 19.7312 0
      vertex 8.41903 20.3253 0
    endloop
  endfacet
  facet normal 0.683634 0.729825 -0
    outer loop
      vertex 15.5563 15.5563 0
      vertex 14.5056 16.5405 38
      vertex 15.5563 15.5563 38
    endloop
  endfacet
  facet normal 0.683634 0.729825 0
    outer loop
      vertex 14.5056 16.5405 38
      vertex 15.5563 15.5563 0
      vertex 14.5056 16.5405 0
    endloop
  endfacet
  facet normal -0.0980105 0.995185 0
    outer loop
      vertex -1.43887 21.9529 16.5965
      vertex -2.87158 21.8118 38
      vertex -1.43887 21.9529 38
    endloop
  endfacet
  facet normal -0.0978096 0.995205 1.35825e-05
    outer loop
      vertex -1.52028 21.9449 16.5203
      vertex -2.87158 21.8118 38
      vertex -1.43887 21.9529 16.5965
    endloop
  endfacet
  facet normal -0.0982777 0.995159 -1.61558e-05
    outer loop
      vertex -1.61646 21.9354 16.4176
      vertex -2.87158 21.8118 38
      vertex -1.52028 21.9449 16.5203
    endloop
  endfacet
  facet normal -0.0981156 0.995175 -6.63647e-06
    outer loop
      vertex -1.70571 21.9266 16.3088
      vertex -2.87158 21.8118 38
      vertex -1.61646 21.9354 16.4176
    endloop
  endfacet
  facet normal -0.0983358 0.995153 -1.85854e-05
    outer loop
      vertex -1.78766 21.9185 16.1945
      vertex -2.87158 21.8118 38
      vertex -1.70571 21.9266 16.3088
    endloop
  endfacet
  facet normal -0.0978054 0.995206 8.03635e-06
    outer loop
      vertex -1.86195 21.9112 16.075
      vertex -2.87158 21.8118 38
      vertex -1.78766 21.9185 16.1945
    endloop
  endfacet
  facet normal -0.0975635 0.995229 1.92842e-05
    outer loop
      vertex -1.92828 21.9047 15.9509
      vertex -2.87158 21.8118 38
      vertex -1.86195 21.9112 16.075
    endloop
  endfacet
  facet normal -0.0977309 0.995213 1.20505e-05
    outer loop
      vertex -1.98634 21.899 15.8228
      vertex -2.87158 21.8118 38
      vertex -1.92828 21.9047 15.9509
    endloop
  endfacet
  facet normal -0.0983558 0.995151 -1.31335e-05
    outer loop
      vertex -2.0359 21.8941 15.6911
      vertex -2.87158 21.8118 38
      vertex -1.98634 21.899 15.8228
    endloop
  endfacet
  facet normal -0.0975352 0.995232 1.79021e-05
    outer loop
      vertex -2.07674 21.8901 15.5565
      vertex -2.87158 21.8118 38
      vertex -2.0359 21.8941 15.6911
    endloop
  endfacet
  facet normal -0.099444 0.995043 -5.03555e-05
    outer loop
      vertex -2.10869 21.8869 15.4194
      vertex -2.87158 21.8118 38
      vertex -2.07674 21.8901 15.5565
    endloop
  endfacet
  facet normal -0.0959582 0.995385 6.85489e-05
    outer loop
      vertex -2.13161 21.8847 15.2806
      vertex -2.87158 21.8118 38
      vertex -2.10869 21.8869 15.4194
    endloop
  endfacet
  facet normal -0.100268 0.99496 -7.31895e-05
    outer loop
      vertex -2.1454 21.8833 15.1406
      vertex -2.87158 21.8118 38
      vertex -2.13161 21.8847 15.2806
    endloop
  endfacet
  facet normal -0.092229 0.995738 0.000184625
    outer loop
      vertex -2.15 21.8829 15
      vertex -2.87158 21.8118 38
      vertex -2.1454 21.8833 15.1406
    endloop
  endfacet
  facet normal -0.0980105 0.995185 0
    outer loop
      vertex -2.87158 21.8118 0
      vertex -1.43887 21.9529 13.4035
      vertex -1.43887 21.9529 0
    endloop
  endfacet
  facet normal -0.0978164 0.995204 -2.0952e-05
    outer loop
      vertex -1.43887 21.9529 13.4035
      vertex -2.87158 21.8118 0
      vertex -1.52028 21.9449 13.4797
    endloop
  endfacet
  facet normal -0.0982686 0.99516 2.4817e-05
    outer loop
      vertex -1.52028 21.9449 13.4797
      vertex -2.87158 21.8118 0
      vertex -1.61646 21.9354 13.5824
    endloop
  endfacet
  facet normal -0.0981114 0.995175 1.01496e-05
    outer loop
      vertex -1.61646 21.9354 13.5824
      vertex -2.87158 21.8118 0
      vertex -1.70571 21.9266 13.6912
    endloop
  endfacet
  facet normal -0.0983224 0.995155 2.82924e-05
    outer loop
      vertex -1.70571 21.9266 13.6912
      vertex -2.87158 21.8118 0
      vertex -1.78766 21.9185 13.8055
    endloop
  endfacet
  facet normal -0.097812 0.995205 -1.21711e-05
    outer loop
      vertex -1.78766 21.9185 13.8055
      vertex -2.87158 21.8118 0
      vertex -1.86195 21.9112 13.925
    endloop
  endfacet
  facet normal -0.0975815 0.995228 -2.90397e-05
    outer loop
      vertex -1.86195 21.9112 13.925
      vertex -2.87158 21.8118 0
      vertex -1.92828 21.9047 14.0491
    endloop
  endfacet
  facet normal -0.097744 0.995212 -1.8027e-05
    outer loop
      vertex -1.92828 21.9047 14.0491
      vertex -2.87158 21.8118 0
      vertex -1.98634 21.899 14.1772
    endloop
  endfacet
  facet normal -0.098339 0.995153 1.94898e-05
    outer loop
      vertex -1.98634 21.899 14.1772
      vertex -2.87158 21.8118 0
      vertex -2.0359 21.8941 14.3089
    endloop
  endfacet
  facet normal -0.0975626 0.995229 -2.62954e-05
    outer loop
      vertex -2.0359 21.8941 14.3089
      vertex -2.87158 21.8118 0
      vertex -2.07674 21.8901 14.4435
    endloop
  endfacet
  facet normal -0.0993481 0.995053 7.29192e-05
    outer loop
      vertex -2.07674 21.8901 14.4435
      vertex -2.87158 21.8118 0
      vertex -2.10869 21.8869 14.5806
    endloop
  endfacet
  facet normal -0.0961296 0.995369 -9.71085e-05
    outer loop
      vertex -2.10869 21.8869 14.5806
      vertex -2.87158 21.8118 0
      vertex -2.13161 21.8847 14.7194
    endloop
  endfacet
  facet normal -0.0980589 0.995181 0
    outer loop
      vertex -2.15 21.8829 15
      vertex -2.87158 21.8118 0
      vertex -2.87158 21.8118 38
    endloop
  endfacet
  facet normal -0.0934367 0.995625 -0.000224459
    outer loop
      vertex -2.1454 21.8833 14.8594
      vertex -2.87158 21.8118 0
      vertex -2.15 21.8829 15
    endloop
  endfacet
  facet normal -0.100003 0.994987 9.95291e-05
    outer loop
      vertex -2.13161 21.8847 14.7194
      vertex -2.87158 21.8118 0
      vertex -2.1454 21.8833 14.8594
    endloop
  endfacet
  facet normal -0.528118 0.849171 0
    outer loop
      vertex -11 19.0526 0
      vertex -12.2225 18.2923 38
      vertex -11 19.0526 38
    endloop
  endfacet
  facet normal -0.528118 0.849171 0
    outer loop
      vertex -12.2225 18.2923 38
      vertex -11 19.0526 0
      vertex -12.2225 18.2923 0
    endloop
  endfacet
  facet normal 0.973878 -0.227071 0
    outer loop
      vertex 21.2504 -5.69402 38
      vertex 21.5773 -4.29199 0
      vertex 21.5773 -4.29199 38
    endloop
  endfacet
  facet normal 0.973878 -0.227071 0
    outer loop
      vertex 21.5773 -4.29199 0
      vertex 21.2504 -5.69402 38
      vertex 21.2504 -5.69402 0
    endloop
  endfacet
  facet normal -0.910877 -0.412677 0
    outer loop
      vertex -19.7312 -9.73035 0
      vertex -20.3253 -8.41903 38
      vertex -20.3253 -8.41903 0
    endloop
  endfacet
  facet normal -0.910877 -0.412677 0
    outer loop
      vertex -20.3253 -8.41903 38
      vertex -19.7312 -9.73035 0
      vertex -19.7312 -9.73035 38
    endloop
  endfacet
  facet normal 0.849171 0.528118 0
    outer loop
      vertex 19.0526 11 38
      vertex 18.2923 12.2225 0
      vertex 18.2923 12.2225 38
    endloop
  endfacet
  facet normal 0.849171 0.528118 0
    outer loop
      vertex 18.2923 12.2225 0
      vertex 19.0526 11 38
      vertex 19.0526 11 0
    endloop
  endfacet
  facet normal 0.0980105 0.995185 0
    outer loop
      vertex 2.87158 21.8118 38
      vertex 1.43887 21.9529 16.5965
      vertex 1.43887 21.9529 38
    endloop
  endfacet
  facet normal 0.0978096 0.995205 1.35825e-05
    outer loop
      vertex 2.87158 21.8118 38
      vertex 1.52028 21.9449 16.5203
      vertex 1.43887 21.9529 16.5965
    endloop
  endfacet
  facet normal 0.0982777 0.995159 -1.61558e-05
    outer loop
      vertex 2.87158 21.8118 38
      vertex 1.61646 21.9354 16.4176
      vertex 1.52028 21.9449 16.5203
    endloop
  endfacet
  facet normal 0.0981156 0.995175 -6.63647e-06
    outer loop
      vertex 2.87158 21.8118 38
      vertex 1.70571 21.9266 16.3088
      vertex 1.61646 21.9354 16.4176
    endloop
  endfacet
  facet normal 0.0983358 0.995153 -1.85854e-05
    outer loop
      vertex 2.87158 21.8118 38
      vertex 1.78766 21.9185 16.1945
      vertex 1.70571 21.9266 16.3088
    endloop
  endfacet
  facet normal 0.0978054 0.995206 8.03635e-06
    outer loop
      vertex 2.87158 21.8118 38
      vertex 1.86195 21.9112 16.075
      vertex 1.78766 21.9185 16.1945
    endloop
  endfacet
  facet normal 0.0975635 0.995229 1.92842e-05
    outer loop
      vertex 2.87158 21.8118 38
      vertex 1.92828 21.9047 15.9509
      vertex 1.86195 21.9112 16.075
    endloop
  endfacet
  facet normal 0.0977309 0.995213 1.20505e-05
    outer loop
      vertex 2.87158 21.8118 38
      vertex 1.98634 21.899 15.8228
      vertex 1.92828 21.9047 15.9509
    endloop
  endfacet
  facet normal 0.0983558 0.995151 -1.31335e-05
    outer loop
      vertex 2.87158 21.8118 38
      vertex 2.0359 21.8941 15.6911
      vertex 1.98634 21.899 15.8228
    endloop
  endfacet
  facet normal 0.0975352 0.995232 1.79021e-05
    outer loop
      vertex 2.87158 21.8118 38
      vertex 2.07674 21.8901 15.5565
      vertex 2.0359 21.8941 15.6911
    endloop
  endfacet
  facet normal 0.099444 0.995043 -5.03555e-05
    outer loop
      vertex 2.87158 21.8118 38
      vertex 2.10869 21.8869 15.4194
      vertex 2.07674 21.8901 15.5565
    endloop
  endfacet
  facet normal 0.0959582 0.995385 6.85489e-05
    outer loop
      vertex 2.87158 21.8118 38
      vertex 2.13161 21.8847 15.2806
      vertex 2.10869 21.8869 15.4194
    endloop
  endfacet
  facet normal 0.100268 0.99496 -7.31895e-05
    outer loop
      vertex 2.87158 21.8118 38
      vertex 2.1454 21.8833 15.1406
      vertex 2.13161 21.8847 15.2806
    endloop
  endfacet
  facet normal 0.092229 0.995738 0.000184625
    outer loop
      vertex 2.87158 21.8118 38
      vertex 2.15 21.8829 15
      vertex 2.1454 21.8833 15.1406
    endloop
  endfacet
  facet normal 0.0980589 0.995181 -0
    outer loop
      vertex 2.87158 21.8118 0
      vertex 2.15 21.8829 15
      vertex 2.87158 21.8118 38
    endloop
  endfacet
  facet normal 0.0934367 0.995625 -0.000224459
    outer loop
      vertex 2.87158 21.8118 0
      vertex 2.1454 21.8833 14.8594
      vertex 2.15 21.8829 15
    endloop
  endfacet
  facet normal 0.100003 0.994987 9.95291e-05
    outer loop
      vertex 2.87158 21.8118 0
      vertex 2.13161 21.8847 14.7194
      vertex 2.1454 21.8833 14.8594
    endloop
  endfacet
  facet normal 0.0961296 0.995369 -9.71085e-05
    outer loop
      vertex 2.87158 21.8118 0
      vertex 2.10869 21.8869 14.5806
      vertex 2.13161 21.8847 14.7194
    endloop
  endfacet
  facet normal 0.0993481 0.995053 7.29192e-05
    outer loop
      vertex 2.87158 21.8118 0
      vertex 2.07674 21.8901 14.4435
      vertex 2.10869 21.8869 14.5806
    endloop
  endfacet
  facet normal 0.0975626 0.995229 -2.62954e-05
    outer loop
      vertex 2.87158 21.8118 0
      vertex 2.0359 21.8941 14.3089
      vertex 2.07674 21.8901 14.4435
    endloop
  endfacet
  facet normal 0.098339 0.995153 1.94898e-05
    outer loop
      vertex 2.87158 21.8118 0
      vertex 1.98634 21.899 14.1772
      vertex 2.0359 21.8941 14.3089
    endloop
  endfacet
  facet normal 0.097744 0.995212 -1.8027e-05
    outer loop
      vertex 2.87158 21.8118 0
      vertex 1.92828 21.9047 14.0491
      vertex 1.98634 21.899 14.1772
    endloop
  endfacet
  facet normal 0.0975815 0.995228 -2.90397e-05
    outer loop
      vertex 2.87158 21.8118 0
      vertex 1.86195 21.9112 13.925
      vertex 1.92828 21.9047 14.0491
    endloop
  endfacet
  facet normal 0.097812 0.995205 -1.21711e-05
    outer loop
      vertex 2.87158 21.8118 0
      vertex 1.78766 21.9185 13.8055
      vertex 1.86195 21.9112 13.925
    endloop
  endfacet
  facet normal 0.0983224 0.995155 2.82924e-05
    outer loop
      vertex 2.87158 21.8118 0
      vertex 1.70571 21.9266 13.6912
      vertex 1.78766 21.9185 13.8055
    endloop
  endfacet
  facet normal 0.0981114 0.995175 1.01496e-05
    outer loop
      vertex 2.87158 21.8118 0
      vertex 1.61646 21.9354 13.5824
      vertex 1.70571 21.9266 13.6912
    endloop
  endfacet
  facet normal 0.0982686 0.99516 2.4817e-05
    outer loop
      vertex 2.87158 21.8118 0
      vertex 1.52028 21.9449 13.4797
      vertex 1.61646 21.9354 13.5824
    endloop
  endfacet
  facet normal 0.0978164 0.995204 -2.0952e-05
    outer loop
      vertex 2.87158 21.8118 0
      vertex 1.43887 21.9529 13.4035
      vertex 1.52028 21.9449 13.4797
    endloop
  endfacet
  facet normal 0.0980105 0.995185 0
    outer loop
      vertex 1.43887 21.9529 13.4035
      vertex 2.87158 21.8118 0
      vertex 1.43887 21.9529 0
    endloop
  endfacet
  facet normal 0.290281 -0.956941 0
    outer loop
      vertex 5.69402 -21.2504 0
      vertex 7.07167 -20.8325 38
      vertex 5.69402 -21.2504 38
    endloop
  endfacet
  facet normal 0.290281 -0.956941 0
    outer loop
      vertex 7.07167 -20.8325 38
      vertex 5.69402 -21.2504 0
      vertex 7.07167 -20.8325 0
    endloop
  endfacet
  facet normal 0.956941 0.290281 0
    outer loop
      vertex 21.2504 5.69402 38
      vertex 20.8325 7.07167 0
      vertex 20.8325 7.07167 38
    endloop
  endfacet
  facet normal 0.956941 0.290281 0
    outer loop
      vertex 20.8325 7.07167 0
      vertex 21.2504 5.69402 38
      vertex 21.2504 5.69402 0
    endloop
  endfacet
  facet normal 0.881933 0.471374 0
    outer loop
      vertex 19.7312 9.73035 38
      vertex 19.0526 11 0
      vertex 19.0526 11 38
    endloop
  endfacet
  facet normal 0.881933 0.471374 0
    outer loop
      vertex 19.0526 11 0
      vertex 19.7312 9.73035 38
      vertex 19.7312 9.73035 0
    endloop
  endfacet
  facet normal 0.772994 -0.634413 0
    outer loop
      vertex 16.5405 -14.5056 38
      vertex 17.4538 -13.3928 0
      vertex 17.4538 -13.3928 38
    endloop
  endfacet
  facet normal 0.772994 -0.634413 0
    outer loop
      vertex 17.4538 -13.3928 0
      vertex 16.5405 -14.5056 38
      vertex 16.5405 -14.5056 0
    endloop
  endfacet
  facet normal -0.0980105 -0.995185 0
    outer loop
      vertex -2.87158 -21.8118 38
      vertex -1.43887 -21.9529 16.5965
      vertex -1.43887 -21.9529 38
    endloop
  endfacet
  facet normal -0.0978096 -0.995205 1.35825e-05
    outer loop
      vertex -2.87158 -21.8118 38
      vertex -1.52028 -21.9449 16.5203
      vertex -1.43887 -21.9529 16.5965
    endloop
  endfacet
  facet normal -0.0982777 -0.995159 -1.61558e-05
    outer loop
      vertex -2.87158 -21.8118 38
      vertex -1.61646 -21.9354 16.4176
      vertex -1.52028 -21.9449 16.5203
    endloop
  endfacet
  facet normal -0.0981156 -0.995175 -6.63647e-06
    outer loop
      vertex -2.87158 -21.8118 38
      vertex -1.70571 -21.9266 16.3088
      vertex -1.61646 -21.9354 16.4176
    endloop
  endfacet
  facet normal -0.0983358 -0.995153 -1.85854e-05
    outer loop
      vertex -2.87158 -21.8118 38
      vertex -1.78766 -21.9185 16.1945
      vertex -1.70571 -21.9266 16.3088
    endloop
  endfacet
  facet normal -0.0978054 -0.995206 8.03635e-06
    outer loop
      vertex -2.87158 -21.8118 38
      vertex -1.86195 -21.9112 16.075
      vertex -1.78766 -21.9185 16.1945
    endloop
  endfacet
  facet normal -0.0975635 -0.995229 1.92842e-05
    outer loop
      vertex -2.87158 -21.8118 38
      vertex -1.92828 -21.9047 15.9509
      vertex -1.86195 -21.9112 16.075
    endloop
  endfacet
  facet normal -0.0977309 -0.995213 1.20505e-05
    outer loop
      vertex -2.87158 -21.8118 38
      vertex -1.98634 -21.899 15.8228
      vertex -1.92828 -21.9047 15.9509
    endloop
  endfacet
  facet normal -0.0983558 -0.995151 -1.31335e-05
    outer loop
      vertex -2.87158 -21.8118 38
      vertex -2.0359 -21.8941 15.6911
      vertex -1.98634 -21.899 15.8228
    endloop
  endfacet
  facet normal -0.0975352 -0.995232 1.79021e-05
    outer loop
      vertex -2.87158 -21.8118 38
      vertex -2.07674 -21.8901 15.5565
      vertex -2.0359 -21.8941 15.6911
    endloop
  endfacet
  facet normal -0.099444 -0.995043 -5.03555e-05
    outer loop
      vertex -2.87158 -21.8118 38
      vertex -2.10869 -21.8869 15.4194
      vertex -2.07674 -21.8901 15.5565
    endloop
  endfacet
  facet normal -0.0959582 -0.995385 6.85489e-05
    outer loop
      vertex -2.87158 -21.8118 38
      vertex -2.13161 -21.8847 15.2806
      vertex -2.10869 -21.8869 15.4194
    endloop
  endfacet
  facet normal -0.100268 -0.99496 -7.31895e-05
    outer loop
      vertex -2.87158 -21.8118 38
      vertex -2.1454 -21.8833 15.1406
      vertex -2.13161 -21.8847 15.2806
    endloop
  endfacet
  facet normal -0.092229 -0.995738 0.000184625
    outer loop
      vertex -2.87158 -21.8118 38
      vertex -2.15 -21.8829 15
      vertex -2.1454 -21.8833 15.1406
    endloop
  endfacet
  facet normal -0.0980589 -0.995181 0
    outer loop
      vertex -2.87158 -21.8118 0
      vertex -2.15 -21.8829 15
      vertex -2.87158 -21.8118 38
    endloop
  endfacet
  facet normal -0.0934367 -0.995625 -0.000224459
    outer loop
      vertex -2.87158 -21.8118 0
      vertex -2.1454 -21.8833 14.8594
      vertex -2.15 -21.8829 15
    endloop
  endfacet
  facet normal -0.100003 -0.994987 9.95291e-05
    outer loop
      vertex -2.87158 -21.8118 0
      vertex -2.13161 -21.8847 14.7194
      vertex -2.1454 -21.8833 14.8594
    endloop
  endfacet
  facet normal -0.0961296 -0.995369 -9.71085e-05
    outer loop
      vertex -2.87158 -21.8118 0
      vertex -2.10869 -21.8869 14.5806
      vertex -2.13161 -21.8847 14.7194
    endloop
  endfacet
  facet normal -0.0993481 -0.995053 7.29192e-05
    outer loop
      vertex -2.87158 -21.8118 0
      vertex -2.07674 -21.8901 14.4435
      vertex -2.10869 -21.8869 14.5806
    endloop
  endfacet
  facet normal -0.0975626 -0.995229 -2.62954e-05
    outer loop
      vertex -2.87158 -21.8118 0
      vertex -2.0359 -21.8941 14.3089
      vertex -2.07674 -21.8901 14.4435
    endloop
  endfacet
  facet normal -0.098339 -0.995153 1.94898e-05
    outer loop
      vertex -2.87158 -21.8118 0
      vertex -1.98634 -21.899 14.1772
      vertex -2.0359 -21.8941 14.3089
    endloop
  endfacet
  facet normal -0.097744 -0.995212 -1.8027e-05
    outer loop
      vertex -2.87158 -21.8118 0
      vertex -1.92828 -21.9047 14.0491
      vertex -1.98634 -21.899 14.1772
    endloop
  endfacet
  facet normal -0.0975815 -0.995228 -2.90397e-05
    outer loop
      vertex -2.87158 -21.8118 0
      vertex -1.86195 -21.9112 13.925
      vertex -1.92828 -21.9047 14.0491
    endloop
  endfacet
  facet normal -0.097812 -0.995205 -1.21711e-05
    outer loop
      vertex -2.87158 -21.8118 0
      vertex -1.78766 -21.9185 13.8055
      vertex -1.86195 -21.9112 13.925
    endloop
  endfacet
  facet normal -0.0983224 -0.995155 2.82924e-05
    outer loop
      vertex -2.87158 -21.8118 0
      vertex -1.70571 -21.9266 13.6912
      vertex -1.78766 -21.9185 13.8055
    endloop
  endfacet
  facet normal -0.0981114 -0.995175 1.01496e-05
    outer loop
      vertex -2.87158 -21.8118 0
      vertex -1.61646 -21.9354 13.5824
      vertex -1.70571 -21.9266 13.6912
    endloop
  endfacet
  facet normal -0.0982686 -0.99516 2.4817e-05
    outer loop
      vertex -2.87158 -21.8118 0
      vertex -1.52028 -21.9449 13.4797
      vertex -1.61646 -21.9354 13.5824
    endloop
  endfacet
  facet normal -0.0978164 -0.995204 -2.0952e-05
    outer loop
      vertex -2.87158 -21.8118 0
      vertex -1.43887 -21.9529 13.4035
      vertex -1.52028 -21.9449 13.4797
    endloop
  endfacet
  facet normal -0.0980105 -0.995185 -0
    outer loop
      vertex -1.43887 -21.9529 13.4035
      vertex -2.87158 -21.8118 0
      vertex -1.43887 -21.9529 0
    endloop
  endfacet
  facet normal 0.999465 -0.0327165 0
    outer loop
      vertex 21.9529 -1.43887 38
      vertex 22 0 0
      vertex 22 0 38
    endloop
  endfacet
  facet normal 0.999465 -0.0327165 0
    outer loop
      vertex 22 0 0
      vertex 21.9529 -1.43887 38
      vertex 21.9529 -1.43887 0
    endloop
  endfacet
  facet normal -0.471374 -0.881933 0
    outer loop
      vertex -11 -19.0526 0
      vertex -9.73035 -19.7312 38
      vertex -11 -19.0526 38
    endloop
  endfacet
  facet normal -0.471374 -0.881933 -0
    outer loop
      vertex -9.73035 -19.7312 38
      vertex -11 -19.0526 0
      vertex -9.73035 -19.7312 0
    endloop
  endfacet
  facet normal 0.227071 -0.973878 0
    outer loop
      vertex 4.29199 -21.5773 0
      vertex 5.69402 -21.2504 38
      vertex 4.29199 -21.5773 38
    endloop
  endfacet
  facet normal 0.227071 -0.973878 0
    outer loop
      vertex 5.69402 -21.2504 38
      vertex 4.29199 -21.5773 0
      vertex 5.69402 -21.2504 0
    endloop
  endfacet
  facet normal 0.729825 0.683634 0
    outer loop
      vertex 16.5405 14.5056 38
      vertex 15.5563 15.5563 0
      vertex 15.5563 15.5563 38
    endloop
  endfacet
  facet normal 0.729825 0.683634 0
    outer loop
      vertex 15.5563 15.5563 0
      vertex 16.5405 14.5056 38
      vertex 16.5405 14.5056 0
    endloop
  endfacet
  facet normal -0.412677 0.910877 0
    outer loop
      vertex -8.41903 20.3253 0
      vertex -9.73035 19.7312 38
      vertex -8.41903 20.3253 38
    endloop
  endfacet
  facet normal -0.412677 0.910877 0
    outer loop
      vertex -9.73035 19.7312 38
      vertex -8.41903 20.3253 0
      vertex -9.73035 19.7312 0
    endloop
  endfacet
  facet normal 0.227071 0.973878 -0
    outer loop
      vertex 5.69402 21.2504 0
      vertex 4.29199 21.5773 38
      vertex 5.69402 21.2504 38
    endloop
  endfacet
  facet normal 0.227071 0.973878 0
    outer loop
      vertex 4.29199 21.5773 38
      vertex 5.69402 21.2504 0
      vertex 4.29199 21.5773 0
    endloop
  endfacet
  facet normal -0.956941 0.290281 0
    outer loop
      vertex -21.2504 5.69402 0
      vertex -20.8325 7.07167 38
      vertex -20.8325 7.07167 0
    endloop
  endfacet
  facet normal -0.956941 0.290281 0
    outer loop
      vertex -20.8325 7.07167 38
      vertex -21.2504 5.69402 0
      vertex -21.2504 5.69402 38
    endloop
  endfacet
  facet normal -0.162888 0.986645 0
    outer loop
      vertex -2.87158 21.8118 0
      vertex -4.29199 21.5773 38
      vertex -2.87158 21.8118 38
    endloop
  endfacet
  facet normal -0.162888 0.986645 0
    outer loop
      vertex -4.29199 21.5773 38
      vertex -2.87158 21.8118 0
      vertex -4.29199 21.5773 0
    endloop
  endfacet
  facet normal -0.471374 0.881933 0
    outer loop
      vertex -9.73035 19.7312 0
      vertex -11 19.0526 38
      vertex -9.73035 19.7312 38
    endloop
  endfacet
  facet normal -0.471374 0.881933 0
    outer loop
      vertex -11 19.0526 38
      vertex -9.73035 19.7312 0
      vertex -11 19.0526 0
    endloop
  endfacet
  facet normal 0.881933 -0.471374 0
    outer loop
      vertex 19.0526 -11 38
      vertex 19.7312 -9.73035 0
      vertex 19.7312 -9.73035 38
    endloop
  endfacet
  facet normal 0.881933 -0.471374 0
    outer loop
      vertex 19.7312 -9.73035 0
      vertex 19.0526 -11 38
      vertex 19.0526 -11 0
    endloop
  endfacet
  facet normal 0.58242 0.812888 -0
    outer loop
      vertex 13.3928 17.4538 0
      vertex 12.2225 18.2923 38
      vertex 13.3928 17.4538 38
    endloop
  endfacet
  facet normal 0.58242 0.812888 0
    outer loop
      vertex 12.2225 18.2923 38
      vertex 13.3928 17.4538 0
      vertex 12.2225 18.2923 0
    endloop
  endfacet
  facet normal 0.729825 -0.683634 0
    outer loop
      vertex 15.5563 -15.5563 38
      vertex 16.5405 -14.5056 0
      vertex 16.5405 -14.5056 38
    endloop
  endfacet
  facet normal 0.729825 -0.683634 0
    outer loop
      vertex 16.5405 -14.5056 0
      vertex 15.5563 -15.5563 38
      vertex 15.5563 -15.5563 0
    endloop
  endfacet
  facet normal 0.471374 -0.881933 0
    outer loop
      vertex 9.73035 -19.7312 0
      vertex 11 -19.0526 38
      vertex 9.73035 -19.7312 38
    endloop
  endfacet
  facet normal 0.471374 -0.881933 0
    outer loop
      vertex 11 -19.0526 38
      vertex 9.73035 -19.7312 0
      vertex 11 -19.0526 0
    endloop
  endfacet
  facet normal 0.352305 -0.935885 0
    outer loop
      vertex 7.07167 -20.8325 0
      vertex 8.41903 -20.3253 38
      vertex 7.07167 -20.8325 38
    endloop
  endfacet
  facet normal 0.352305 -0.935885 0
    outer loop
      vertex 8.41903 -20.3253 38
      vertex 7.07167 -20.8325 0
      vertex 8.41903 -20.3253 0
    endloop
  endfacet
  facet normal -0.58242 -0.812888 0
    outer loop
      vertex -13.3928 -17.4538 0
      vertex -12.2225 -18.2923 38
      vertex -13.3928 -17.4538 38
    endloop
  endfacet
  facet normal -0.58242 -0.812888 -0
    outer loop
      vertex -12.2225 -18.2923 38
      vertex -13.3928 -17.4538 0
      vertex -12.2225 -18.2923 0
    endloop
  endfacet
  facet normal 0.772994 0.634413 0
    outer loop
      vertex 17.4538 13.3928 38
      vertex 16.5405 14.5056 0
      vertex 16.5405 14.5056 38
    endloop
  endfacet
  facet normal 0.772994 0.634413 0
    outer loop
      vertex 16.5405 14.5056 0
      vertex 17.4538 13.3928 38
      vertex 17.4538 13.3928 0
    endloop
  endfacet
  facet normal 0.986645 -0.162888 0
    outer loop
      vertex 21.5773 -4.29199 38
      vertex 21.8118 -2.87158 0
      vertex 21.8118 -2.87158 38
    endloop
  endfacet
  facet normal 0.986645 -0.162888 0
    outer loop
      vertex 21.8118 -2.87158 0
      vertex 21.5773 -4.29199 38
      vertex 21.5773 -4.29199 0
    endloop
  endfacet
  facet normal -0.290281 0.956941 0
    outer loop
      vertex -5.69402 21.2504 0
      vertex -7.07167 20.8325 38
      vertex -5.69402 21.2504 38
    endloop
  endfacet
  facet normal -0.290281 0.956941 0
    outer loop
      vertex -7.07167 20.8325 38
      vertex -5.69402 21.2504 0
      vertex -7.07167 20.8325 0
    endloop
  endfacet
  facet normal -0.772994 -0.634413 0
    outer loop
      vertex -16.5405 -14.5056 0
      vertex -17.4538 -13.3928 38
      vertex -17.4538 -13.3928 0
    endloop
  endfacet
  facet normal -0.772994 -0.634413 0
    outer loop
      vertex -17.4538 -13.3928 38
      vertex -16.5405 -14.5056 0
      vertex -16.5405 -14.5056 38
    endloop
  endfacet
  facet normal 0.528118 0.849171 -0
    outer loop
      vertex 12.2225 18.2923 0
      vertex 11 19.0526 38
      vertex 12.2225 18.2923 38
    endloop
  endfacet
  facet normal 0.528118 0.849171 0
    outer loop
      vertex 11 19.0526 38
      vertex 12.2225 18.2923 0
      vertex 11 19.0526 0
    endloop
  endfacet
  facet normal 0.973878 0.227071 0
    outer loop
      vertex 21.5773 4.29199 38
      vertex 21.2504 5.69402 0
      vertex 21.2504 5.69402 38
    endloop
  endfacet
  facet normal 0.973878 0.227071 0
    outer loop
      vertex 21.2504 5.69402 0
      vertex 21.5773 4.29199 38
      vertex 21.5773 4.29199 0
    endloop
  endfacet
  facet normal 0.986645 0.162888 0
    outer loop
      vertex 21.8118 2.87158 38
      vertex 21.5773 4.29199 0
      vertex 21.5773 4.29199 38
    endloop
  endfacet
  facet normal 0.986645 0.162888 0
    outer loop
      vertex 21.5773 4.29199 0
      vertex 21.8118 2.87158 38
      vertex 21.8118 2.87158 0
    endloop
  endfacet
  facet normal -0.995185 -0.0980105 0
    outer loop
      vertex -21.8118 -2.87158 0
      vertex -21.9529 -1.43887 38
      vertex -21.9529 -1.43887 0
    endloop
  endfacet
  facet normal -0.995185 -0.0980105 0
    outer loop
      vertex -21.9529 -1.43887 38
      vertex -21.8118 -2.87158 0
      vertex -21.8118 -2.87158 38
    endloop
  endfacet
  facet normal 0.0327165 0.999465 1.40279e-07
    outer loop
      vertex 0.140616 21.9954 17.1454
      vertex 0 22 38
      vertex 1.43887 21.9529 38
    endloop
  endfacet
  facet normal 0.0326957 0.999465 0
    outer loop
      vertex 0 22 38
      vertex 0.140616 21.9954 17.1454
      vertex 0 22 17.15
    endloop
  endfacet
  facet normal 0.0328352 0.999461 -7.25675e-06
    outer loop
      vertex 1.43887 21.9529 38
      vertex 0.280631 21.9908 17.1316
      vertex 0.140616 21.9954 17.1454
    endloop
  endfacet
  facet normal 0.0324034 0.999475 1.67314e-05
    outer loop
      vertex 1.43887 21.9529 38
      vertex 0.419444 21.9863 17.1087
      vertex 0.280631 21.9908 17.1316
    endloop
  endfacet
  facet normal 0.0328243 0.999461 -3.82604e-06
    outer loop
      vertex 1.43887 21.9529 38
      vertex 0.55646 21.9818 17.0767
      vertex 0.419444 21.9863 17.1087
    endloop
  endfacet
  facet normal 0.0326646 0.999466 2.91419e-06
    outer loop
      vertex 1.43887 21.9529 38
      vertex 0.691094 21.9774 17.0359
      vertex 0.55646 21.9818 17.0767
    endloop
  endfacet
  facet normal 0.0326402 0.999467 3.78728e-06
    outer loop
      vertex 1.43887 21.9529 38
      vertex 0.822769 21.9731 16.9863
      vertex 0.691094 21.9774 17.0359
    endloop
  endfacet
  facet normal 0.0327564 0.999463 3.75807e-07
    outer loop
      vertex 1.43887 21.9529 38
      vertex 0.95092 21.9689 16.9283
      vertex 0.822769 21.9731 16.9863
    endloop
  endfacet
  facet normal 0.0330221 0.999455 -5.7828e-06
    outer loop
      vertex 1.43887 21.9529 38
      vertex 1.075 21.9648 16.862
      vertex 0.95092 21.9689 16.9283
    endloop
  endfacet
  facet normal 0.0326247 0.999468 1.06462e-06
    outer loop
      vertex 1.43887 21.9529 38
      vertex 1.19448 21.9609 16.7877
      vertex 1.075 21.9648 16.862
    endloop
  endfacet
  facet normal 0.0323402 0.999477 4.34667e-06
    outer loop
      vertex 1.43887 21.9529 38
      vertex 1.30884 21.9572 16.7057
      vertex 1.19448 21.9609 16.7877
    endloop
  endfacet
  facet normal 0.0330852 0.999453 -2.07418e-07
    outer loop
      vertex 1.43887 21.9529 38
      vertex 1.41759 21.9536 16.6165
      vertex 1.30884 21.9572 16.7057
    endloop
  endfacet
  facet normal 0.032877 0.999459 0
    outer loop
      vertex 1.41759 21.9536 16.6165
      vertex 1.43887 21.9529 38
      vertex 1.43887 21.9529 16.5965
    endloop
  endfacet
  facet normal 0.032877 0.999459 -0
    outer loop
      vertex 1.43887 21.9529 0
      vertex 1.41759 21.9536 13.3835
      vertex 1.43887 21.9529 13.4035
    endloop
  endfacet
  facet normal 0.0330851 0.999453 3.31241e-07
    outer loop
      vertex 1.43887 21.9529 0
      vertex 1.30884 21.9572 13.2943
      vertex 1.41759 21.9536 13.3835
    endloop
  endfacet
  facet normal 0.032342 0.999477 -6.94412e-06
    outer loop
      vertex 1.43887 21.9529 0
      vertex 1.19448 21.9609 13.2123
      vertex 1.30884 21.9572 13.2943
    endloop
  endfacet
  facet normal 0.0326251 0.999468 -1.70191e-06
    outer loop
      vertex 1.43887 21.9529 0
      vertex 1.075 21.9648 13.138
      vertex 1.19448 21.9609 13.2123
    endloop
  endfacet
  facet normal 0.0330202 0.999455 9.25271e-06
    outer loop
      vertex 1.43887 21.9529 0
      vertex 0.95092 21.9689 13.0717
      vertex 1.075 21.9648 13.138
    endloop
  endfacet
  facet normal 0.0327565 0.999463 -6.01983e-07
    outer loop
      vertex 1.43887 21.9529 0
      vertex 0.822769 21.9731 13.0137
      vertex 0.95092 21.9689 13.0717
    endloop
  endfacet
  facet normal 0.032641 0.999467 -6.07466e-06
    outer loop
      vertex 1.43887 21.9529 0
      vertex 0.691094 21.9774 12.9641
      vertex 0.822769 21.9731 13.0137
    endloop
  endfacet
  facet normal 0.0326652 0.999466 -4.68161e-06
    outer loop
      vertex 1.43887 21.9529 0
      vertex 0.55646 21.9818 12.9233
      vertex 0.691094 21.9774 12.9641
    endloop
  endfacet
  facet normal 0.0328237 0.999461 6.15732e-06
    outer loop
      vertex 1.43887 21.9529 0
      vertex 0.419444 21.9863 12.8913
      vertex 0.55646 21.9818 12.9233
    endloop
  endfacet
  facet normal 0.0324051 0.999475 -2.69808e-05
    outer loop
      vertex 1.43887 21.9529 0
      vertex 0.280631 21.9908 12.8684
      vertex 0.419444 21.9863 12.8913
    endloop
  endfacet
  facet normal 0.0328348 0.999461 1.17284e-05
    outer loop
      vertex 1.43887 21.9529 0
      vertex 0.140616 21.9954 12.8546
      vertex 0.280631 21.9908 12.8684
    endloop
  endfacet
  facet normal 0.0327165 0.999465 -2.2758e-07
    outer loop
      vertex 0 22 0
      vertex 0.140616 21.9954 12.8546
      vertex 1.43887 21.9529 0
    endloop
  endfacet
  facet normal 0.0326957 0.999465 0
    outer loop
      vertex 0.140616 21.9954 12.8546
      vertex 0 22 0
      vertex 0 22 12.85
    endloop
  endfacet
  facet normal -0.634413 0.772994 0
    outer loop
      vertex -13.3928 17.4538 0
      vertex -14.5056 16.5405 38
      vertex -13.3928 17.4538 38
    endloop
  endfacet
  facet normal -0.634413 0.772994 0
    outer loop
      vertex -14.5056 16.5405 38
      vertex -13.3928 17.4538 0
      vertex -14.5056 16.5405 0
    endloop
  endfacet
  facet normal 0.935885 -0.352305 0
    outer loop
      vertex 20.3253 -8.41903 38
      vertex 20.8325 -7.07167 0
      vertex 20.8325 -7.07167 38
    endloop
  endfacet
  facet normal 0.935885 -0.352305 0
    outer loop
      vertex 20.8325 -7.07167 0
      vertex 20.3253 -8.41903 38
      vertex 20.3253 -8.41903 0
    endloop
  endfacet
  facet normal -0.935885 -0.352305 0
    outer loop
      vertex -20.3253 -8.41903 0
      vertex -20.8325 -7.07167 38
      vertex -20.8325 -7.07167 0
    endloop
  endfacet
  facet normal -0.935885 -0.352305 0
    outer loop
      vertex -20.8325 -7.07167 38
      vertex -20.3253 -8.41903 0
      vertex -20.3253 -8.41903 38
    endloop
  endfacet
  facet normal 0.58242 -0.812888 0
    outer loop
      vertex 12.2225 -18.2923 0
      vertex 13.3928 -17.4538 38
      vertex 12.2225 -18.2923 38
    endloop
  endfacet
  facet normal 0.58242 -0.812888 0
    outer loop
      vertex 13.3928 -17.4538 38
      vertex 12.2225 -18.2923 0
      vertex 13.3928 -17.4538 0
    endloop
  endfacet
  facet normal -0.0326957 0.999465 0
    outer loop
      vertex 0 22 0
      vertex -0.140616 21.9954 12.8546
      vertex 0 22 12.85
    endloop
  endfacet
  facet normal -0.0327165 0.999465 -2.2758e-07
    outer loop
      vertex -1.43887 21.9529 0
      vertex -0.140616 21.9954 12.8546
      vertex 0 22 0
    endloop
  endfacet
  facet normal -0.0328348 0.999461 1.17284e-05
    outer loop
      vertex -0.140616 21.9954 12.8546
      vertex -1.43887 21.9529 0
      vertex -0.280631 21.9908 12.8684
    endloop
  endfacet
  facet normal -0.0324051 0.999475 -2.69808e-05
    outer loop
      vertex -0.280631 21.9908 12.8684
      vertex -1.43887 21.9529 0
      vertex -0.419444 21.9863 12.8913
    endloop
  endfacet
  facet normal -0.0328237 0.999461 6.15732e-06
    outer loop
      vertex -0.419444 21.9863 12.8913
      vertex -1.43887 21.9529 0
      vertex -0.55646 21.9818 12.9233
    endloop
  endfacet
  facet normal -0.0326652 0.999466 -4.68161e-06
    outer loop
      vertex -0.55646 21.9818 12.9233
      vertex -1.43887 21.9529 0
      vertex -0.691094 21.9774 12.9641
    endloop
  endfacet
  facet normal -0.032641 0.999467 -6.07466e-06
    outer loop
      vertex -0.691094 21.9774 12.9641
      vertex -1.43887 21.9529 0
      vertex -0.822769 21.9731 13.0137
    endloop
  endfacet
  facet normal -0.0327565 0.999463 -6.01983e-07
    outer loop
      vertex -0.822769 21.9731 13.0137
      vertex -1.43887 21.9529 0
      vertex -0.95092 21.9689 13.0717
    endloop
  endfacet
  facet normal -0.0330202 0.999455 9.25271e-06
    outer loop
      vertex -0.95092 21.9689 13.0717
      vertex -1.43887 21.9529 0
      vertex -1.075 21.9648 13.138
    endloop
  endfacet
  facet normal -0.0326251 0.999468 -1.70191e-06
    outer loop
      vertex -1.075 21.9648 13.138
      vertex -1.43887 21.9529 0
      vertex -1.19448 21.9609 13.2123
    endloop
  endfacet
  facet normal -0.032342 0.999477 -6.94412e-06
    outer loop
      vertex -1.19448 21.9609 13.2123
      vertex -1.43887 21.9529 0
      vertex -1.30884 21.9572 13.2943
    endloop
  endfacet
  facet normal -0.0330851 0.999453 3.31241e-07
    outer loop
      vertex -1.30884 21.9572 13.2943
      vertex -1.43887 21.9529 0
      vertex -1.41759 21.9536 13.3835
    endloop
  endfacet
  facet normal -0.032877 0.999459 0
    outer loop
      vertex -1.41759 21.9536 13.3835
      vertex -1.43887 21.9529 0
      vertex -1.43887 21.9529 13.4035
    endloop
  endfacet
  facet normal -0.0326957 0.999465 0
    outer loop
      vertex -0.140616 21.9954 17.1454
      vertex 0 22 38
      vertex 0 22 17.15
    endloop
  endfacet
  facet normal -0.0327165 0.999465 1.40279e-07
    outer loop
      vertex 0 22 38
      vertex -0.140616 21.9954 17.1454
      vertex -1.43887 21.9529 38
    endloop
  endfacet
  facet normal -0.0328352 0.999461 -7.25675e-06
    outer loop
      vertex -0.280631 21.9908 17.1316
      vertex -1.43887 21.9529 38
      vertex -0.140616 21.9954 17.1454
    endloop
  endfacet
  facet normal -0.0324034 0.999475 1.67314e-05
    outer loop
      vertex -0.419444 21.9863 17.1087
      vertex -1.43887 21.9529 38
      vertex -0.280631 21.9908 17.1316
    endloop
  endfacet
  facet normal -0.0328243 0.999461 -3.82604e-06
    outer loop
      vertex -0.55646 21.9818 17.0767
      vertex -1.43887 21.9529 38
      vertex -0.419444 21.9863 17.1087
    endloop
  endfacet
  facet normal -0.0326646 0.999466 2.91419e-06
    outer loop
      vertex -0.691094 21.9774 17.0359
      vertex -1.43887 21.9529 38
      vertex -0.55646 21.9818 17.0767
    endloop
  endfacet
  facet normal -0.0326402 0.999467 3.78728e-06
    outer loop
      vertex -0.822769 21.9731 16.9863
      vertex -1.43887 21.9529 38
      vertex -0.691094 21.9774 17.0359
    endloop
  endfacet
  facet normal -0.0327564 0.999463 3.75807e-07
    outer loop
      vertex -0.95092 21.9689 16.9283
      vertex -1.43887 21.9529 38
      vertex -0.822769 21.9731 16.9863
    endloop
  endfacet
  facet normal -0.0330221 0.999455 -5.7828e-06
    outer loop
      vertex -1.075 21.9648 16.862
      vertex -1.43887 21.9529 38
      vertex -0.95092 21.9689 16.9283
    endloop
  endfacet
  facet normal -0.0326247 0.999468 1.06462e-06
    outer loop
      vertex -1.19448 21.9609 16.7877
      vertex -1.43887 21.9529 38
      vertex -1.075 21.9648 16.862
    endloop
  endfacet
  facet normal -0.0323402 0.999477 4.34667e-06
    outer loop
      vertex -1.30884 21.9572 16.7057
      vertex -1.43887 21.9529 38
      vertex -1.19448 21.9609 16.7877
    endloop
  endfacet
  facet normal -0.0330852 0.999453 -2.07418e-07
    outer loop
      vertex -1.41759 21.9536 16.6165
      vertex -1.43887 21.9529 38
      vertex -1.30884 21.9572 16.7057
    endloop
  endfacet
  facet normal -0.032877 0.999459 0
    outer loop
      vertex -1.43887 21.9529 38
      vertex -1.41759 21.9536 16.6165
      vertex -1.43887 21.9529 16.5965
    endloop
  endfacet
  facet normal 0.683634 -0.729825 0
    outer loop
      vertex 14.5056 -16.5405 0
      vertex 15.5563 -15.5563 38
      vertex 14.5056 -16.5405 38
    endloop
  endfacet
  facet normal 0.683634 -0.729825 0
    outer loop
      vertex 15.5563 -15.5563 38
      vertex 14.5056 -16.5405 0
      vertex 15.5563 -15.5563 0
    endloop
  endfacet
  facet normal 0.290281 0.956941 -0
    outer loop
      vertex 7.07167 20.8325 0
      vertex 5.69402 21.2504 38
      vertex 7.07167 20.8325 38
    endloop
  endfacet
  facet normal 0.290281 0.956941 0
    outer loop
      vertex 5.69402 21.2504 38
      vertex 7.07167 20.8325 0
      vertex 5.69402 21.2504 0
    endloop
  endfacet
  facet normal -0.162888 -0.986645 0
    outer loop
      vertex -4.29199 -21.5773 0
      vertex -2.87158 -21.8118 38
      vertex -4.29199 -21.5773 38
    endloop
  endfacet
  facet normal -0.162888 -0.986645 -0
    outer loop
      vertex -2.87158 -21.8118 38
      vertex -4.29199 -21.5773 0
      vertex -2.87158 -21.8118 0
    endloop
  endfacet
  facet normal 0.352305 0.935885 -0
    outer loop
      vertex 8.41903 20.3253 0
      vertex 7.07167 20.8325 38
      vertex 8.41903 20.3253 38
    endloop
  endfacet
  facet normal 0.352305 0.935885 0
    outer loop
      vertex 7.07167 20.8325 38
      vertex 8.41903 20.3253 0
      vertex 7.07167 20.8325 0
    endloop
  endfacet
  facet normal 0.471374 0.881933 -0
    outer loop
      vertex 11 19.0526 0
      vertex 9.73035 19.7312 38
      vertex 11 19.0526 38
    endloop
  endfacet
  facet normal 0.471374 0.881933 0
    outer loop
      vertex 9.73035 19.7312 38
      vertex 11 19.0526 0
      vertex 9.73035 19.7312 0
    endloop
  endfacet
  facet normal 0.849171 -0.528118 0
    outer loop
      vertex 18.2923 -12.2225 38
      vertex 19.0526 -11 0
      vertex 19.0526 -11 38
    endloop
  endfacet
  facet normal 0.849171 -0.528118 0
    outer loop
      vertex 19.0526 -11 0
      vertex 18.2923 -12.2225 38
      vertex 18.2923 -12.2225 0
    endloop
  endfacet
  facet normal -0.528118 -0.849171 0
    outer loop
      vertex -12.2225 -18.2923 0
      vertex -11 -19.0526 38
      vertex -12.2225 -18.2923 38
    endloop
  endfacet
  facet normal -0.528118 -0.849171 -0
    outer loop
      vertex -11 -19.0526 38
      vertex -12.2225 -18.2923 0
      vertex -11 -19.0526 0
    endloop
  endfacet
  facet normal -0.683634 -0.729825 0
    outer loop
      vertex -15.5563 -15.5563 0
      vertex -14.5056 -16.5405 38
      vertex -15.5563 -15.5563 38
    endloop
  endfacet
  facet normal -0.683634 -0.729825 -0
    outer loop
      vertex -14.5056 -16.5405 38
      vertex -15.5563 -15.5563 0
      vertex -14.5056 -16.5405 0
    endloop
  endfacet
  facet normal -0.290281 -0.956941 0
    outer loop
      vertex -7.07167 -20.8325 0
      vertex -5.69402 -21.2504 38
      vertex -7.07167 -20.8325 38
    endloop
  endfacet
  facet normal -0.290281 -0.956941 -0
    outer loop
      vertex -5.69402 -21.2504 38
      vertex -7.07167 -20.8325 0
      vertex -5.69402 -21.2504 0
    endloop
  endfacet
  facet normal -0.999465 0.0327165 0
    outer loop
      vertex -22 0 0
      vertex -21.9529 1.43887 38
      vertex -21.9529 1.43887 0
    endloop
  endfacet
  facet normal -0.999465 0.0327165 0
    outer loop
      vertex -21.9529 1.43887 38
      vertex -22 0 0
      vertex -22 0 38
    endloop
  endfacet
  facet normal -0.352305 -0.935885 0
    outer loop
      vertex -8.41903 -20.3253 0
      vertex -7.07167 -20.8325 38
      vertex -8.41903 -20.3253 38
    endloop
  endfacet
  facet normal -0.352305 -0.935885 -0
    outer loop
      vertex -7.07167 -20.8325 38
      vertex -8.41903 -20.3253 0
      vertex -7.07167 -20.8325 0
    endloop
  endfacet
  facet normal 0.910877 -0.412677 0
    outer loop
      vertex 19.7312 -9.73035 38
      vertex 20.3253 -8.41903 0
      vertex 20.3253 -8.41903 38
    endloop
  endfacet
  facet normal 0.910877 -0.412677 0
    outer loop
      vertex 20.3253 -8.41903 0
      vertex 19.7312 -9.73035 38
      vertex 19.7312 -9.73035 0
    endloop
  endfacet
  facet normal 0 0 -1
    outer loop
      vertex 16.2 0 0
      vertex 22 0 0
      vertex 21.9529 -1.43887 0
    endloop
  endfacet
  facet normal 0 0 -1
    outer loop
      vertex 16.1653 -1.05953 0
      vertex 21.9529 -1.43887 0
      vertex 21.8118 -2.87158 0
    endloop
  endfacet
  facet normal 0 0 -1
    outer loop
      vertex 22 0 0
      vertex 16.2 0 0
      vertex 21.9529 1.43887 0
    endloop
  endfacet
  facet normal 0 0 -1
    outer loop
      vertex 16.0614 -2.11452 0
      vertex 21.8118 -2.87158 0
      vertex 21.5773 -4.29199 0
    endloop
  endfacet
  facet normal 0 0 -1
    outer loop
      vertex 16.1653 1.05953 0
      vertex 21.9529 1.43887 0
      vertex 16.2 0 0
    endloop
  endfacet
  facet normal 0 0 -1
    outer loop
      vertex 15.8887 -3.16046 0
      vertex 21.5773 -4.29199 0
      vertex 21.2504 -5.69402 0
    endloop
  endfacet
  facet normal -0 0 -1
    outer loop
      vertex 21.9529 1.43887 0
      vertex 16.1653 1.05953 0
      vertex 21.8118 2.87158 0
    endloop
  endfacet
  facet normal 0 0 -1
    outer loop
      vertex 15.648 -4.19287 0
      vertex 21.2504 -5.69402 0
      vertex 20.8325 -7.07167 0
    endloop
  endfacet
  facet normal 0 0 -1
    outer loop
      vertex 16.0614 2.11452 0
      vertex 21.8118 2.87158 0
      vertex 16.1653 1.05953 0
    endloop
  endfacet
  facet normal 0 0 -1
    outer loop
      vertex 15.3403 -5.20732 0
      vertex 20.8325 -7.07167 0
      vertex 20.3253 -8.41903 0
    endloop
  endfacet
  facet normal -0 0 -1
    outer loop
      vertex 21.8118 2.87158 0
      vertex 16.0614 2.11452 0
      vertex 21.5773 4.29199 0
    endloop
  endfacet
  facet normal 0 0 -1
    outer loop
      vertex 14.9668 -6.19947 0
      vertex 20.3253 -8.41903 0
      vertex 19.7312 -9.73035 0
    endloop
  endfacet
  facet normal 0 0 -1
    outer loop
      vertex 15.8887 3.16046 0
      vertex 21.5773 4.29199 0
      vertex 16.0614 2.11452 0
    endloop
  endfacet
  facet normal 0 0 -1
    outer loop
      vertex 14.5293 -7.16508 0
      vertex 19.7312 -9.73035 0
      vertex 19.0526 -11 0
    endloop
  endfacet
  facet normal -0 0 -1
    outer loop
      vertex 21.5773 4.29199 0
      vertex 15.8887 3.16046 0
      vertex 21.2504 5.69402 0
    endloop
  endfacet
  facet normal 0 0 -1
    outer loop
      vertex 14.0296 -8.1 0
      vertex 19.0526 -11 0
      vertex 18.2923 -12.2225 0
    endloop
  endfacet
  facet normal 0 0 -1
    outer loop
      vertex 15.648 4.19287 0
      vertex 21.2504 5.69402 0
      vertex 15.8887 3.16046 0
    endloop
  endfacet
  facet normal 0 0 -1
    outer loop
      vertex 13.4698 -9.00024 0
      vertex 18.2923 -12.2225 0
      vertex 17.4538 -13.3928 0
    endloop
  endfacet
  facet normal -0 0 -1
    outer loop
      vertex 21.2504 5.69402 0
      vertex 15.648 4.19287 0
      vertex 20.8325 7.07167 0
    endloop
  endfacet
  facet normal 0 0 -1
    outer loop
      vertex 12.8523 -9.86193 0
      vertex 17.4538 -13.3928 0
      vertex 16.5405 -14.5056 0
    endloop
  endfacet
  facet normal 0 0 -1
    outer loop
      vertex 15.3403 5.20732 0
      vertex 20.8325 7.07167 0
      vertex 15.648 4.19287 0
    endloop
  endfacet
  facet normal -0 0 -1
    outer loop
      vertex 20.8325 7.07167 0
      vertex 15.3403 5.20732 0
      vertex 20.3253 8.41903 0
    endloop
  endfacet
  facet normal 0 0 -1
    outer loop
      vertex 21.9529 -1.43887 0
      vertex 16.1653 -1.05953 0
      vertex 16.2 0 0
    endloop
  endfacet
  facet normal 0 0 -1
    outer loop
      vertex 21.8118 -2.87158 0
      vertex 16.0614 -2.11452 0
      vertex 16.1653 -1.05953 0
    endloop
  endfacet
  facet normal 0 0 -1
    outer loop
      vertex 21.5773 -4.29199 0
      vertex 15.8887 -3.16046 0
      vertex 16.0614 -2.11452 0
    endloop
  endfacet
  facet normal 0 0 -1
    outer loop
      vertex 21.2504 -5.69402 0
      vertex 15.648 -4.19287 0
      vertex 15.8887 -3.16046 0
    endloop
  endfacet
  facet normal 0 0 -1
    outer loop
      vertex 12.1798 -10.6814 0
      vertex 16.5405 -14.5056 0
      vertex 15.5563 -15.5563 0
    endloop
  endfacet
  facet normal 0 0 -1
    outer loop
      vertex 20.8325 -7.07167 0
      vertex 15.3403 -5.20732 0
      vertex 15.648 -4.19287 0
    endloop
  endfacet
  facet normal 0 0 -1
    outer loop
      vertex 20.3253 -8.41903 0
      vertex 14.9668 -6.19947 0
      vertex 15.3403 -5.20732 0
    endloop
  endfacet
  facet normal 0 0 -1
    outer loop
      vertex 19.7312 -9.73035 0
      vertex 14.5293 -7.16508 0
      vertex 14.9668 -6.19947 0
    endloop
  endfacet
  facet normal 0 0 -1
    outer loop
      vertex 11.4551 -11.4551 0
      vertex 15.5563 -15.5563 0
      vertex 14.5056 -16.5405 0
    endloop
  endfacet
  facet normal 0 0 -1
    outer loop
      vertex 19.0526 -11 0
      vertex 14.0296 -8.1 0
      vertex 14.5293 -7.16508 0
    endloop
  endfacet
  facet normal 0 0 -1
    outer loop
      vertex 18.2923 -12.2225 0
      vertex 13.4698 -9.00024 0
      vertex 14.0296 -8.1 0
    endloop
  endfacet
  facet normal 0 0 -1
    outer loop
      vertex 10.6814 -12.1798 0
      vertex 14.5056 -16.5405 0
      vertex 13.3928 -17.4538 0
    endloop
  endfacet
  facet normal 0 0 -1
    outer loop
      vertex 17.4538 -13.3928 0
      vertex 12.8523 -9.86193 0
      vertex 13.4698 -9.00024 0
    endloop
  endfacet
  facet normal 0 0 -1
    outer loop
      vertex 9.86193 -12.8523 0
      vertex 13.3928 -17.4538 0
      vertex 12.2225 -18.2923 0
    endloop
  endfacet
  facet normal 0 0 -1
    outer loop
      vertex 16.5405 -14.5056 0
      vertex 12.1798 -10.6814 0
      vertex 12.8523 -9.86193 0
    endloop
  endfacet
  facet normal 0 0 -1
    outer loop
      vertex 15.5563 -15.5563 0
      vertex 11.4551 -11.4551 0
      vertex 12.1798 -10.6814 0
    endloop
  endfacet
  facet normal 0 0 -1
    outer loop
      vertex 9.00024 -13.4698 0
      vertex 12.2225 -18.2923 0
      vertex 11 -19.0526 0
    endloop
  endfacet
  facet normal 0 0 -1
    outer loop
      vertex 14.5056 -16.5405 0
      vertex 10.6814 -12.1798 0
      vertex 11.4551 -11.4551 0
    endloop
  endfacet
  facet normal 0 0 -1
    outer loop
      vertex 13.3928 -17.4538 0
      vertex 9.86193 -12.8523 0
      vertex 10.6814 -12.1798 0
    endloop
  endfacet
  facet normal 0 0 -1
    outer loop
      vertex 8.1 -14.0296 0
      vertex 11 -19.0526 0
      vertex 9.73035 -19.7312 0
    endloop
  endfacet
  facet normal 0 0 -1
    outer loop
      vertex 12.2225 -18.2923 0
      vertex 9.00024 -13.4698 0
      vertex 9.86193 -12.8523 0
    endloop
  endfacet
  facet normal 0 0 -1
    outer loop
      vertex 7.16508 -14.5293 0
      vertex 9.73035 -19.7312 0
      vertex 8.41903 -20.3253 0
    endloop
  endfacet
  facet normal 0 0 -1
    outer loop
      vertex 11 -19.0526 0
      vertex 8.1 -14.0296 0
      vertex 9.00024 -13.4698 0
    endloop
  endfacet
  facet normal 0 0 -1
    outer loop
      vertex 9.73035 -19.7312 0
      vertex 7.16508 -14.5293 0
      vertex 8.1 -14.0296 0
    endloop
  endfacet
  facet normal 0 0 -1
    outer loop
      vertex 6.19947 -14.9668 0
      vertex 8.41903 -20.3253 0
      vertex 7.07167 -20.8325 0
    endloop
  endfacet
  facet normal 0 0 -1
    outer loop
      vertex 8.41903 -20.3253 0
      vertex 6.19947 -14.9668 0
      vertex 7.16508 -14.5293 0
    endloop
  endfacet
  facet normal 0 0 -1
    outer loop
      vertex 5.20732 -15.3403 0
      vertex 7.07167 -20.8325 0
      vertex 5.69402 -21.2504 0
    endloop
  endfacet
  facet normal 0 0 -1
    outer loop
      vertex 7.07167 -20.8325 0
      vertex 5.20732 -15.3403 0
      vertex 6.19947 -14.9668 0
    endloop
  endfacet
  facet normal 0 0 -1
    outer loop
      vertex 4.19287 -15.648 0
      vertex 5.69402 -21.2504 0
      vertex 4.29199 -21.5773 0
    endloop
  endfacet
  facet normal 0 0 -1
    outer loop
      vertex 5.69402 -21.2504 0
      vertex 4.19287 -15.648 0
      vertex 5.20732 -15.3403 0
    endloop
  endfacet
  facet normal 0 0 -1
    outer loop
      vertex 4.29199 -21.5773 0
      vertex 3.16046 -15.8887 0
      vertex 4.19287 -15.648 0
    endloop
  endfacet
  facet normal 0 0 -1
    outer loop
      vertex 2.87158 -21.8118 0
      vertex 3.16046 -15.8887 0
      vertex 4.29199 -21.5773 0
    endloop
  endfacet
  facet normal 0 0 -1
    outer loop
      vertex 2.87158 -21.8118 0
      vertex 2.11452 -16.0614 0
      vertex 3.16046 -15.8887 0
    endloop
  endfacet
  facet normal 0 0 -1
    outer loop
      vertex 1.43887 -21.9529 0
      vertex 2.11452 -16.0614 0
      vertex 2.87158 -21.8118 0
    endloop
  endfacet
  facet normal 0 0 -1
    outer loop
      vertex 1.43887 -21.9529 0
      vertex 1.05953 -16.1653 0
      vertex 2.11452 -16.0614 0
    endloop
  endfacet
  facet normal 0 0 -1
    outer loop
      vertex 0 -22 0
      vertex 1.05953 -16.1653 0
      vertex 1.43887 -21.9529 0
    endloop
  endfacet
  facet normal 0 0 -1
    outer loop
      vertex 0 -22 0
      vertex 0 -16.2 0
      vertex 1.05953 -16.1653 0
    endloop
  endfacet
  facet normal 0 0 -1
    outer loop
      vertex 0 -22 0
      vertex -1.05953 -16.1653 0
      vertex 0 -16.2 0
    endloop
  endfacet
  facet normal 0 0 -1
    outer loop
      vertex -1.43887 -21.9529 0
      vertex -1.05953 -16.1653 0
      vertex 0 -22 0
    endloop
  endfacet
  facet normal 0 0 -1
    outer loop
      vertex -1.43887 -21.9529 0
      vertex -2.11452 -16.0614 0
      vertex -1.05953 -16.1653 0
    endloop
  endfacet
  facet normal 0 0 -1
    outer loop
      vertex -2.87158 -21.8118 0
      vertex -2.11452 -16.0614 0
      vertex -1.43887 -21.9529 0
    endloop
  endfacet
  facet normal 0 0 -1
    outer loop
      vertex -2.87158 -21.8118 0
      vertex -3.16046 -15.8887 0
      vertex -2.11452 -16.0614 0
    endloop
  endfacet
  facet normal 0 0 -1
    outer loop
      vertex -4.29199 -21.5773 0
      vertex -3.16046 -15.8887 0
      vertex -2.87158 -21.8118 0
    endloop
  endfacet
  facet normal -0 0 -1
    outer loop
      vertex -3.16046 -15.8887 0
      vertex -4.29199 -21.5773 0
      vertex -4.19287 -15.648 0
    endloop
  endfacet
  facet normal 0 0 -1
    outer loop
      vertex -5.69402 -21.2504 0
      vertex -4.19287 -15.648 0
      vertex -4.29199 -21.5773 0
    endloop
  endfacet
  facet normal -0 0 -1
    outer loop
      vertex -4.19287 -15.648 0
      vertex -5.69402 -21.2504 0
      vertex -5.20732 -15.3403 0
    endloop
  endfacet
  facet normal 0 0 -1
    outer loop
      vertex -7.07167 -20.8325 0
      vertex -5.20732 -15.3403 0
      vertex -5.69402 -21.2504 0
    endloop
  endfacet
  facet normal -0 0 -1
    outer loop
      vertex -5.20732 -15.3403 0
      vertex -7.07167 -20.8325 0
      vertex -6.19947 -14.9668 0
    endloop
  endfacet
  facet normal 0 0 -1
    outer loop
      vertex -8.41903 -20.3253 0
      vertex -6.19947 -14.9668 0
      vertex -7.07167 -20.8325 0
    endloop
  endfacet
  facet normal -0 0 -1
    outer loop
      vertex -6.19947 -14.9668 0
      vertex -8.41903 -20.3253 0
      vertex -7.16508 -14.5293 0
    endloop
  endfacet
  facet normal 0 0 -1
    outer loop
      vertex -9.73035 -19.7312 0
      vertex -7.16508 -14.5293 0
      vertex -8.41903 -20.3253 0
    endloop
  endfacet
  facet normal -0 0 -1
    outer loop
      vertex -7.16508 -14.5293 0
      vertex -9.73035 -19.7312 0
      vertex -8.1 -14.0296 0
    endloop
  endfacet
  facet normal 0 0 -1
    outer loop
      vertex -11 -19.0526 0
      vertex -8.1 -14.0296 0
      vertex -9.73035 -19.7312 0
    endloop
  endfacet
  facet normal -0 0 -1
    outer loop
      vertex -8.1 -14.0296 0
      vertex -11 -19.0526 0
      vertex -9.00024 -13.4698 0
    endloop
  endfacet
  facet normal 0 0 -1
    outer loop
      vertex -12.2225 -18.2923 0
      vertex -9.00024 -13.4698 0
      vertex -11 -19.0526 0
    endloop
  endfacet
  facet normal -0 0 -1
    outer loop
      vertex -9.00024 -13.4698 0
      vertex -12.2225 -18.2923 0
      vertex -9.86193 -12.8523 0
    endloop
  endfacet
  facet normal 0 0 -1
    outer loop
      vertex -13.3928 -17.4538 0
      vertex -9.86193 -12.8523 0
      vertex -12.2225 -18.2923 0
    endloop
  endfacet
  facet normal -0 0 -1
    outer loop
      vertex -9.86193 -12.8523 0
      vertex -13.3928 -17.4538 0
      vertex -10.6814 -12.1798 0
    endloop
  endfacet
  facet normal 0 0 -1
    outer loop
      vertex -14.5056 -16.5405 0
      vertex -10.6814 -12.1798 0
      vertex -13.3928 -17.4538 0
    endloop
  endfacet
  facet normal -0 0 -1
    outer loop
      vertex -10.6814 -12.1798 0
      vertex -14.5056 -16.5405 0
      vertex -11.4551 -11.4551 0
    endloop
  endfacet
  facet normal 0 0 -1
    outer loop
      vertex -15.5563 -15.5563 0
      vertex -11.4551 -11.4551 0
      vertex -14.5056 -16.5405 0
    endloop
  endfacet
  facet normal -0 0 -1
    outer loop
      vertex -11.4551 -11.4551 0
      vertex -15.5563 -15.5563 0
      vertex -12.1798 -10.6814 0
    endloop
  endfacet
  facet normal 0 0 -1
    outer loop
      vertex -16.5405 -14.5056 0
      vertex -12.1798 -10.6814 0
      vertex -15.5563 -15.5563 0
    endloop
  endfacet
  facet normal -0 0 -1
    outer loop
      vertex -12.1798 -10.6814 0
      vertex -16.5405 -14.5056 0
      vertex -12.8523 -9.86193 0
    endloop
  endfacet
  facet normal 0 0 -1
    outer loop
      vertex -17.4538 -13.3928 0
      vertex -12.8523 -9.86193 0
      vertex -16.5405 -14.5056 0
    endloop
  endfacet
  facet normal -0 0 -1
    outer loop
      vertex -12.8523 -9.86193 0
      vertex -17.4538 -13.3928 0
      vertex -13.4698 -9.00024 0
    endloop
  endfacet
  facet normal 0 0 -1
    outer loop
      vertex -18.2923 -12.2225 0
      vertex -13.4698 -9.00024 0
      vertex -17.4538 -13.3928 0
    endloop
  endfacet
  facet normal -0 0 -1
    outer loop
      vertex -13.4698 -9.00024 0
      vertex -18.2923 -12.2225 0
      vertex -14.0296 -8.1 0
    endloop
  endfacet
  facet normal 0 0 -1
    outer loop
      vertex -19.0526 -11 0
      vertex -14.0296 -8.1 0
      vertex -18.2923 -12.2225 0
    endloop
  endfacet
  facet normal -0 0 -1
    outer loop
      vertex -14.0296 -8.1 0
      vertex -19.0526 -11 0
      vertex -14.5293 -7.16508 0
    endloop
  endfacet
  facet normal 0 0 -1
    outer loop
      vertex -19.7312 -9.73035 0
      vertex -14.5293 -7.16508 0
      vertex -19.0526 -11 0
    endloop
  endfacet
  facet normal -0 0 -1
    outer loop
      vertex -14.5293 -7.16508 0
      vertex -19.7312 -9.73035 0
      vertex -14.9668 -6.19947 0
    endloop
  endfacet
  facet normal -0 0 -1
    outer loop
      vertex -14.9668 -6.19947 0
      vertex -20.3253 -8.41903 0
      vertex -15.3403 -5.20732 0
    endloop
  endfacet
  facet normal 0 0 -1
    outer loop
      vertex -20.3253 -8.41903 0
      vertex -14.9668 -6.19947 0
      vertex -19.7312 -9.73035 0
    endloop
  endfacet
  facet normal 0 0 -1
    outer loop
      vertex 14.9668 6.19947 0
      vertex 20.3253 8.41903 0
      vertex 15.3403 5.20732 0
    endloop
  endfacet
  facet normal -0 0 -1
    outer loop
      vertex 20.3253 8.41903 0
      vertex 14.9668 6.19947 0
      vertex 19.7312 9.73035 0
    endloop
  endfacet
  facet normal 0 0 -1
    outer loop
      vertex 14.5293 7.16508 0
      vertex 19.7312 9.73035 0
      vertex 14.9668 6.19947 0
    endloop
  endfacet
  facet normal -0 0 -1
    outer loop
      vertex 19.7312 9.73035 0
      vertex 14.5293 7.16508 0
      vertex 19.0526 11 0
    endloop
  endfacet
  facet normal 0 0 -1
    outer loop
      vertex 14.0296 8.1 0
      vertex 19.0526 11 0
      vertex 14.5293 7.16508 0
    endloop
  endfacet
  facet normal -0 0 -1
    outer loop
      vertex 19.0526 11 0
      vertex 14.0296 8.1 0
      vertex 18.2923 12.2225 0
    endloop
  endfacet
  facet normal 0 0 -1
    outer loop
      vertex 13.4698 9.00024 0
      vertex 18.2923 12.2225 0
      vertex 14.0296 8.1 0
    endloop
  endfacet
  facet normal -0 0 -1
    outer loop
      vertex 18.2923 12.2225 0
      vertex 13.4698 9.00024 0
      vertex 17.4538 13.3928 0
    endloop
  endfacet
  facet normal 0 0 -1
    outer loop
      vertex 12.8523 9.86193 0
      vertex 17.4538 13.3928 0
      vertex 13.4698 9.00024 0
    endloop
  endfacet
  facet normal -0 0 -1
    outer loop
      vertex 17.4538 13.3928 0
      vertex 12.8523 9.86193 0
      vertex 16.5405 14.5056 0
    endloop
  endfacet
  facet normal 0 0 -1
    outer loop
      vertex 12.1798 10.6814 0
      vertex 16.5405 14.5056 0
      vertex 12.8523 9.86193 0
    endloop
  endfacet
  facet normal -0 0 -1
    outer loop
      vertex 16.5405 14.5056 0
      vertex 12.1798 10.6814 0
      vertex 15.5563 15.5563 0
    endloop
  endfacet
  facet normal 0 0 -1
    outer loop
      vertex 11.4551 11.4551 0
      vertex 15.5563 15.5563 0
      vertex 12.1798 10.6814 0
    endloop
  endfacet
  facet normal -0 0 -1
    outer loop
      vertex 15.5563 15.5563 0
      vertex 11.4551 11.4551 0
      vertex 14.5056 16.5405 0
    endloop
  endfacet
  facet normal 0 0 -1
    outer loop
      vertex 10.6814 12.1798 0
      vertex 14.5056 16.5405 0
      vertex 11.4551 11.4551 0
    endloop
  endfacet
  facet normal -0 0 -1
    outer loop
      vertex 14.5056 16.5405 0
      vertex 10.6814 12.1798 0
      vertex 13.3928 17.4538 0
    endloop
  endfacet
  facet normal 0 0 -1
    outer loop
      vertex 9.86193 12.8523 0
      vertex 13.3928 17.4538 0
      vertex 10.6814 12.1798 0
    endloop
  endfacet
  facet normal -0 0 -1
    outer loop
      vertex 13.3928 17.4538 0
      vertex 9.86193 12.8523 0
      vertex 12.2225 18.2923 0
    endloop
  endfacet
  facet normal 0 0 -1
    outer loop
      vertex 9.00024 13.4698 0
      vertex 12.2225 18.2923 0
      vertex 9.86193 12.8523 0
    endloop
  endfacet
  facet normal -0 0 -1
    outer loop
      vertex 12.2225 18.2923 0
      vertex 9.00024 13.4698 0
      vertex 11 19.0526 0
    endloop
  endfacet
  facet normal 0 0 -1
    outer loop
      vertex 8.1 14.0296 0
      vertex 11 19.0526 0
      vertex 9.00024 13.4698 0
    endloop
  endfacet
  facet normal -0 0 -1
    outer loop
      vertex 11 19.0526 0
      vertex 8.1 14.0296 0
      vertex 9.73035 19.7312 0
    endloop
  endfacet
  facet normal 0 0 -1
    outer loop
      vertex 7.16508 14.5293 0
      vertex 9.73035 19.7312 0
      vertex 8.1 14.0296 0
    endloop
  endfacet
  facet normal -0 0 -1
    outer loop
      vertex 9.73035 19.7312 0
      vertex 7.16508 14.5293 0
      vertex 8.41903 20.3253 0
    endloop
  endfacet
  facet normal 0 0 -1
    outer loop
      vertex 6.19947 14.9668 0
      vertex 8.41903 20.3253 0
      vertex 7.16508 14.5293 0
    endloop
  endfacet
  facet normal -0 0 -1
    outer loop
      vertex 8.41903 20.3253 0
      vertex 6.19947 14.9668 0
      vertex 7.07167 20.8325 0
    endloop
  endfacet
  facet normal 0 0 -1
    outer loop
      vertex 5.20732 15.3403 0
      vertex 7.07167 20.8325 0
      vertex 6.19947 14.9668 0
    endloop
  endfacet
  facet normal -0 0 -1
    outer loop
      vertex 7.07167 20.8325 0
      vertex 5.20732 15.3403 0
      vertex 5.69402 21.2504 0
    endloop
  endfacet
  facet normal 0 0 -1
    outer loop
      vertex 4.19287 15.648 0
      vertex 5.69402 21.2504 0
      vertex 5.20732 15.3403 0
    endloop
  endfacet
  facet normal -0 0 -1
    outer loop
      vertex 5.69402 21.2504 0
      vertex 4.19287 15.648 0
      vertex 4.29199 21.5773 0
    endloop
  endfacet
  facet normal 0 0 -1
    outer loop
      vertex 3.16046 15.8887 0
      vertex 4.29199 21.5773 0
      vertex 4.19287 15.648 0
    endloop
  endfacet
  facet normal 0 0 -1
    outer loop
      vertex 3.16046 15.8887 0
      vertex 2.87158 21.8118 0
      vertex 4.29199 21.5773 0
    endloop
  endfacet
  facet normal 0 0 -1
    outer loop
      vertex 2.11452 16.0614 0
      vertex 2.87158 21.8118 0
      vertex 3.16046 15.8887 0
    endloop
  endfacet
  facet normal 0 0 -1
    outer loop
      vertex 2.11452 16.0614 0
      vertex 1.43887 21.9529 0
      vertex 2.87158 21.8118 0
    endloop
  endfacet
  facet normal 0 0 -1
    outer loop
      vertex 1.05953 16.1653 0
      vertex 1.43887 21.9529 0
      vertex 2.11452 16.0614 0
    endloop
  endfacet
  facet normal 0 0 -1
    outer loop
      vertex 0 16.2 0
      vertex 1.43887 21.9529 0
      vertex 1.05953 16.1653 0
    endloop
  endfacet
  facet normal 0 0 -1
    outer loop
      vertex 0 16.2 0
      vertex 0 22 0
      vertex 1.43887 21.9529 0
    endloop
  endfacet
  facet normal 0 0 -1
    outer loop
      vertex -1.05953 16.1653 0
      vertex 0 22 0
      vertex 0 16.2 0
    endloop
  endfacet
  facet normal 0 0 -1
    outer loop
      vertex -1.05953 16.1653 0
      vertex -1.43887 21.9529 0
      vertex 0 22 0
    endloop
  endfacet
  facet normal 0 0 -1
    outer loop
      vertex -2.11452 16.0614 0
      vertex -1.43887 21.9529 0
      vertex -1.05953 16.1653 0
    endloop
  endfacet
  facet normal 0 0 -1
    outer loop
      vertex -2.11452 16.0614 0
      vertex -2.87158 21.8118 0
      vertex -1.43887 21.9529 0
    endloop
  endfacet
  facet normal 0 0 -1
    outer loop
      vertex -3.16046 15.8887 0
      vertex -2.87158 21.8118 0
      vertex -2.11452 16.0614 0
    endloop
  endfacet
  facet normal 0 0 -1
    outer loop
      vertex -4.29199 21.5773 0
      vertex -3.16046 15.8887 0
      vertex -4.19287 15.648 0
    endloop
  endfacet
  facet normal 0 0 -1
    outer loop
      vertex -3.16046 15.8887 0
      vertex -4.29199 21.5773 0
      vertex -2.87158 21.8118 0
    endloop
  endfacet
  facet normal 0 0 -1
    outer loop
      vertex -5.69402 21.2504 0
      vertex -4.19287 15.648 0
      vertex -5.20732 15.3403 0
    endloop
  endfacet
  facet normal 0 0 -1
    outer loop
      vertex -4.19287 15.648 0
      vertex -5.69402 21.2504 0
      vertex -4.29199 21.5773 0
    endloop
  endfacet
  facet normal 0 0 -1
    outer loop
      vertex -7.07167 20.8325 0
      vertex -5.20732 15.3403 0
      vertex -6.19947 14.9668 0
    endloop
  endfacet
  facet normal 0 0 -1
    outer loop
      vertex -5.20732 15.3403 0
      vertex -7.07167 20.8325 0
      vertex -5.69402 21.2504 0
    endloop
  endfacet
  facet normal 0 0 -1
    outer loop
      vertex -8.41903 20.3253 0
      vertex -6.19947 14.9668 0
      vertex -7.16508 14.5293 0
    endloop
  endfacet
  facet normal 0 0 -1
    outer loop
      vertex -9.73035 19.7312 0
      vertex -7.16508 14.5293 0
      vertex -8.1 14.0296 0
    endloop
  endfacet
  facet normal 0 0 -1
    outer loop
      vertex -6.19947 14.9668 0
      vertex -8.41903 20.3253 0
      vertex -7.07167 20.8325 0
    endloop
  endfacet
  facet normal 0 0 -1
    outer loop
      vertex -11 19.0526 0
      vertex -8.1 14.0296 0
      vertex -9.00024 13.4698 0
    endloop
  endfacet
  facet normal 0 0 -1
    outer loop
      vertex -7.16508 14.5293 0
      vertex -9.73035 19.7312 0
      vertex -8.41903 20.3253 0
    endloop
  endfacet
  facet normal 0 0 -1
    outer loop
      vertex -12.2225 18.2923 0
      vertex -9.00024 13.4698 0
      vertex -9.86193 12.8523 0
    endloop
  endfacet
  facet normal 0 0 -1
    outer loop
      vertex -13.3928 17.4538 0
      vertex -9.86193 12.8523 0
      vertex -10.6814 12.1798 0
    endloop
  endfacet
  facet normal 0 0 -1
    outer loop
      vertex -8.1 14.0296 0
      vertex -11 19.0526 0
      vertex -9.73035 19.7312 0
    endloop
  endfacet
  facet normal 0 0 -1
    outer loop
      vertex -14.5056 16.5405 0
      vertex -10.6814 12.1798 0
      vertex -11.4551 11.4551 0
    endloop
  endfacet
  facet normal 0 0 -1
    outer loop
      vertex -15.5563 15.5563 0
      vertex -11.4551 11.4551 0
      vertex -12.1798 10.6814 0
    endloop
  endfacet
  facet normal 0 0 -1
    outer loop
      vertex -9.00024 13.4698 0
      vertex -12.2225 18.2923 0
      vertex -11 19.0526 0
    endloop
  endfacet
  facet normal 0 0 -1
    outer loop
      vertex -16.5405 14.5056 0
      vertex -12.1798 10.6814 0
      vertex -12.8523 9.86193 0
    endloop
  endfacet
  facet normal 0 0 -1
    outer loop
      vertex -9.86193 12.8523 0
      vertex -13.3928 17.4538 0
      vertex -12.2225 18.2923 0
    endloop
  endfacet
  facet normal 0 0 -1
    outer loop
      vertex -17.4538 13.3928 0
      vertex -12.8523 9.86193 0
      vertex -13.4698 9.00024 0
    endloop
  endfacet
  facet normal 0 0 -1
    outer loop
      vertex -18.2923 12.2225 0
      vertex -13.4698 9.00024 0
      vertex -14.0296 8.1 0
    endloop
  endfacet
  facet normal 0 0 -1
    outer loop
      vertex -10.6814 12.1798 0
      vertex -14.5056 16.5405 0
      vertex -13.3928 17.4538 0
    endloop
  endfacet
  facet normal 0 0 -1
    outer loop
      vertex -19.0526 11 0
      vertex -14.0296 8.1 0
      vertex -14.5293 7.16508 0
    endloop
  endfacet
  facet normal 0 0 -1
    outer loop
      vertex -19.7312 9.73035 0
      vertex -14.5293 7.16508 0
      vertex -14.9668 6.19947 0
    endloop
  endfacet
  facet normal 0 0 -1
    outer loop
      vertex -20.3253 8.41903 0
      vertex -14.9668 6.19947 0
      vertex -15.3403 5.20732 0
    endloop
  endfacet
  facet normal 0 0 -1
    outer loop
      vertex -11.4551 11.4551 0
      vertex -15.5563 15.5563 0
      vertex -14.5056 16.5405 0
    endloop
  endfacet
  facet normal 0 0 -1
    outer loop
      vertex -20.8325 7.07167 0
      vertex -15.3403 5.20732 0
      vertex -15.648 4.19287 0
    endloop
  endfacet
  facet normal 0 0 -1
    outer loop
      vertex -21.2504 5.69402 0
      vertex -15.648 4.19287 0
      vertex -15.8887 3.16046 0
    endloop
  endfacet
  facet normal 0 0 -1
    outer loop
      vertex -21.5773 4.29199 0
      vertex -15.8887 3.16046 0
      vertex -16.0614 2.11452 0
    endloop
  endfacet
  facet normal 0 0 -1
    outer loop
      vertex -21.8118 2.87158 0
      vertex -16.0614 2.11452 0
      vertex -16.1653 1.05953 0
    endloop
  endfacet
  facet normal 0 0 -1
    outer loop
      vertex -12.1798 10.6814 0
      vertex -16.5405 14.5056 0
      vertex -15.5563 15.5563 0
    endloop
  endfacet
  facet normal 0 0 -1
    outer loop
      vertex -21.9529 1.43887 0
      vertex -16.1653 1.05953 0
      vertex -16.2 0 0
    endloop
  endfacet
  facet normal 0 0 -1
    outer loop
      vertex -20.8325 -7.07167 0
      vertex -15.3403 -5.20732 0
      vertex -20.3253 -8.41903 0
    endloop
  endfacet
  facet normal -0 0 -1
    outer loop
      vertex -15.3403 -5.20732 0
      vertex -20.8325 -7.07167 0
      vertex -15.648 -4.19287 0
    endloop
  endfacet
  facet normal 0 0 -1
    outer loop
      vertex -12.8523 9.86193 0
      vertex -17.4538 13.3928 0
      vertex -16.5405 14.5056 0
    endloop
  endfacet
  facet normal 0 0 -1
    outer loop
      vertex -21.2504 -5.69402 0
      vertex -15.648 -4.19287 0
      vertex -20.8325 -7.07167 0
    endloop
  endfacet
  facet normal 0 0 -1
    outer loop
      vertex -13.4698 9.00024 0
      vertex -18.2923 12.2225 0
      vertex -17.4538 13.3928 0
    endloop
  endfacet
  facet normal -0 0 -1
    outer loop
      vertex -15.648 -4.19287 0
      vertex -21.2504 -5.69402 0
      vertex -15.8887 -3.16046 0
    endloop
  endfacet
  facet normal 0 0 -1
    outer loop
      vertex -14.0296 8.1 0
      vertex -19.0526 11 0
      vertex -18.2923 12.2225 0
    endloop
  endfacet
  facet normal 0 0 -1
    outer loop
      vertex -21.5773 -4.29199 0
      vertex -15.8887 -3.16046 0
      vertex -21.2504 -5.69402 0
    endloop
  endfacet
  facet normal 0 0 -1
    outer loop
      vertex -14.5293 7.16508 0
      vertex -19.7312 9.73035 0
      vertex -19.0526 11 0
    endloop
  endfacet
  facet normal -0 0 -1
    outer loop
      vertex -15.8887 -3.16046 0
      vertex -21.5773 -4.29199 0
      vertex -16.0614 -2.11452 0
    endloop
  endfacet
  facet normal 0 0 -1
    outer loop
      vertex -14.9668 6.19947 0
      vertex -20.3253 8.41903 0
      vertex -19.7312 9.73035 0
    endloop
  endfacet
  facet normal 0 0 -1
    outer loop
      vertex -21.8118 -2.87158 0
      vertex -16.0614 -2.11452 0
      vertex -21.5773 -4.29199 0
    endloop
  endfacet
  facet normal 0 0 -1
    outer loop
      vertex -15.3403 5.20732 0
      vertex -20.8325 7.07167 0
      vertex -20.3253 8.41903 0
    endloop
  endfacet
  facet normal -0 0 -1
    outer loop
      vertex -16.0614 -2.11452 0
      vertex -21.8118 -2.87158 0
      vertex -16.1653 -1.05953 0
    endloop
  endfacet
  facet normal 0 0 -1
    outer loop
      vertex -15.648 4.19287 0
      vertex -21.2504 5.69402 0
      vertex -20.8325 7.07167 0
    endloop
  endfacet
  facet normal 0 0 -1
    outer loop
      vertex -21.9529 -1.43887 0
      vertex -16.1653 -1.05953 0
      vertex -21.8118 -2.87158 0
    endloop
  endfacet
  facet normal 0 0 -1
    outer loop
      vertex -15.8887 3.16046 0
      vertex -21.5773 4.29199 0
      vertex -21.2504 5.69402 0
    endloop
  endfacet
  facet normal -0 0 -1
    outer loop
      vertex -16.1653 -1.05953 0
      vertex -21.9529 -1.43887 0
      vertex -16.2 0 0
    endloop
  endfacet
  facet normal 0 0 -1
    outer loop
      vertex -16.0614 2.11452 0
      vertex -21.8118 2.87158 0
      vertex -21.5773 4.29199 0
    endloop
  endfacet
  facet normal 0 0 -1
    outer loop
      vertex -22 0 0
      vertex -16.2 0 0
      vertex -21.9529 -1.43887 0
    endloop
  endfacet
  facet normal 0 0 -1
    outer loop
      vertex -16.1653 1.05953 0
      vertex -21.9529 1.43887 0
      vertex -21.8118 2.87158 0
    endloop
  endfacet
  facet normal 0 0 -1
    outer loop
      vertex -16.2 0 0
      vertex -22 0 0
      vertex -21.9529 1.43887 0
    endloop
  endfacet
  facet normal -0.995185 -0.0980102 0
    outer loop
      vertex 16.1653 1.05953 0
      vertex 16.0614 2.11452 29
      vertex 16.0614 2.11452 0
    endloop
  endfacet
  facet normal -0.995185 -0.0980102 0
    outer loop
      vertex 16.0614 2.11452 29
      vertex 16.1653 1.05953 0
      vertex 16.1653 1.05953 29
    endloop
  endfacet
  facet normal -0.999464 -0.0327328 0
    outer loop
      vertex 16.2 0 0
      vertex 16.1653 1.05953 29
      vertex 16.1653 1.05953 0
    endloop
  endfacet
  facet normal -0.999464 -0.0327328 0
    outer loop
      vertex 16.1653 1.05953 29
      vertex 16.2 0 0
      vertex 16.2 0 29
    endloop
  endfacet
  facet normal -0.986632 -0.162962 0
    outer loop
      vertex 15.8887 3.16046 0
      vertex 16.0559 2.14817 29
      vertex 15.8887 3.16046 30
    endloop
  endfacet
  facet normal -0.986641 -0.162909 1.90889e-06
    outer loop
      vertex 16.0614 2.11452 0
      vertex 16.0559 2.14817 29
      vertex 15.8887 3.16046 0
    endloop
  endfacet
  facet normal -0.986904 -0.161307 0
    outer loop
      vertex 16.0559 2.14817 29
      vertex 16.0614 2.11452 0
      vertex 16.0614 2.11452 29
    endloop
  endfacet
  facet normal -0.986632 -0.162962 0
    outer loop
      vertex 15.8887 3.16046 30
      vertex 16.0559 2.14817 29
      vertex 16.0559 2.14817 30
    endloop
  endfacet
  facet normal -0.412697 0.910868 0
    outer loop
      vertex 7.16508 -14.5293 0
      vertex 6.19947 -14.9668 30
      vertex 7.16508 -14.5293 30
    endloop
  endfacet
  facet normal -0.412697 0.910868 0
    outer loop
      vertex 6.19947 -14.9668 30
      vertex 7.16508 -14.5293 0
      vertex 6.19947 -14.9668 0
    endloop
  endfacet
  facet normal -0.0327328 0.999464 -4.06336e-07
    outer loop
      vertex 0.140616 -16.1954 17.1454
      vertex 0 -16.2 30
      vertex 1.05953 -16.1653 30
    endloop
  endfacet
  facet normal -0.0326957 0.999465 0
    outer loop
      vertex 0 -16.2 30
      vertex 0.140616 -16.1954 17.1454
      vertex 0 -16.2 17.15
    endloop
  endfacet
  facet normal -0.0328352 0.999461 6.92194e-06
    outer loop
      vertex 1.05953 -16.1653 30
      vertex 0.280631 -16.1908 17.1316
      vertex 0.140616 -16.1954 17.1454
    endloop
  endfacet
  facet normal -0.0324039 0.999475 -1.92157e-05
    outer loop
      vertex 1.05953 -16.1653 30
      vertex 0.419444 -16.1863 17.1087
      vertex 0.280631 -16.1908 17.1316
    endloop
  endfacet
  facet normal -0.0328248 0.999461 1.7066e-06
    outer loop
      vertex 1.05953 -16.1653 30
      vertex 0.55646 -16.1818 17.0767
      vertex 0.419444 -16.1863 17.1087
    endloop
  endfacet
  facet normal -0.0326651 0.999466 -4.51521e-06
    outer loop
      vertex 1.05953 -16.1653 30
      vertex 0.691094 -16.1774 17.0359
      vertex 0.55646 -16.1818 17.0767
    endloop
  endfacet
  facet normal -0.0326407 0.999467 -5.20941e-06
    outer loop
      vertex 1.05953 -16.1653 30
      vertex 0.822769 -16.1731 16.9863
      vertex 0.691094 -16.1774 17.0359
    endloop
  endfacet
  facet normal -0.0327576 0.999463 -3.07997e-06
    outer loop
      vertex 1.05953 -16.1653 30
      vertex 0.95092 -16.1689 16.9283
      vertex 0.822769 -16.1731 16.9863
    endloop
  endfacet
  facet normal -0.0331279 0.999451 0
    outer loop
      vertex 0.95092 -16.1689 16.9283
      vertex 1.05953 -16.1653 30
      vertex 1.05953 -16.1653 16.8702
    endloop
  endfacet
  facet normal -0.0331279 0.999451 0
    outer loop
      vertex 1.05953 -16.1653 0
      vertex 0.95092 -16.1689 13.0717
      vertex 1.05953 -16.1653 13.1298
    endloop
  endfacet
  facet normal -0.0327576 0.999463 3.07997e-06
    outer loop
      vertex 1.05953 -16.1653 0
      vertex 0.822769 -16.1731 13.0137
      vertex 0.95092 -16.1689 13.0717
    endloop
  endfacet
  facet normal -0.0326407 0.999467 5.20941e-06
    outer loop
      vertex 1.05953 -16.1653 0
      vertex 0.691094 -16.1774 12.9641
      vertex 0.822769 -16.1731 13.0137
    endloop
  endfacet
  facet normal -0.0326651 0.999466 4.51521e-06
    outer loop
      vertex 1.05953 -16.1653 0
      vertex 0.55646 -16.1818 12.9233
      vertex 0.691094 -16.1774 12.9641
    endloop
  endfacet
  facet normal -0.0328248 0.999461 -1.7066e-06
    outer loop
      vertex 1.05953 -16.1653 0
      vertex 0.419444 -16.1863 12.8913
      vertex 0.55646 -16.1818 12.9233
    endloop
  endfacet
  facet normal -0.0324039 0.999475 1.92157e-05
    outer loop
      vertex 1.05953 -16.1653 0
      vertex 0.280631 -16.1908 12.8684
      vertex 0.419444 -16.1863 12.8913
    endloop
  endfacet
  facet normal -0.0328352 0.999461 -6.92194e-06
    outer loop
      vertex 1.05953 -16.1653 0
      vertex 0.140616 -16.1954 12.8546
      vertex 0.280631 -16.1908 12.8684
    endloop
  endfacet
  facet normal -0.0327328 0.999464 4.06336e-07
    outer loop
      vertex 0 -16.2 0
      vertex 0.140616 -16.1954 12.8546
      vertex 1.05953 -16.1653 0
    endloop
  endfacet
  facet normal -0.0326957 0.999465 0
    outer loop
      vertex 0.140616 -16.1954 12.8546
      vertex 0 -16.2 0
      vertex 0 -16.2 12.85
    endloop
  endfacet
  facet normal -0.881931 -0.471378 0
    outer loop
      vertex 14.5293 7.16508 0
      vertex 14.0296 8.1 30
      vertex 14.0296 8.1 0
    endloop
  endfacet
  facet normal -0.881931 -0.471378 0
    outer loop
      vertex 14.0296 8.1 30
      vertex 14.5293 7.16508 0
      vertex 14.5293 7.16508 30
    endloop
  endfacet
  facet normal 0.471378 -0.881931 0
    outer loop
      vertex -8.1 14.0296 0
      vertex -7.16508 14.5293 30
      vertex -8.1 14.0296 30
    endloop
  endfacet
  facet normal 0.471378 -0.881931 0
    outer loop
      vertex -7.16508 14.5293 30
      vertex -8.1 14.0296 0
      vertex -7.16508 14.5293 0
    endloop
  endfacet
  facet normal 0.973882 -0.227055 0
    outer loop
      vertex -15.8887 3.16046 30
      vertex -15.648 4.19287 0
      vertex -15.648 4.19287 30
    endloop
  endfacet
  facet normal 0.973882 -0.227055 0
    outer loop
      vertex -15.648 4.19287 0
      vertex -15.8887 3.16046 30
      vertex -15.8887 3.16046 0
    endloop
  endfacet
  facet normal -0.582491 -0.812837 0
    outer loop
      vertex 9.00024 13.4698 0
      vertex 9.86193 12.8523 30
      vertex 9.00024 13.4698 30
    endloop
  endfacet
  facet normal -0.582491 -0.812837 -0
    outer loop
      vertex 9.86193 12.8523 30
      vertex 9.00024 13.4698 0
      vertex 9.86193 12.8523 0
    endloop
  endfacet
  facet normal 0.77302 -0.634381 0
    outer loop
      vertex -12.8523 9.86193 30
      vertex -12.1798 10.6814 0
      vertex -12.1798 10.6814 30
    endloop
  endfacet
  facet normal 0.77302 -0.634381 0
    outer loop
      vertex -12.1798 10.6814 0
      vertex -12.8523 9.86193 30
      vertex -12.8523 9.86193 0
    endloop
  endfacet
  facet normal 0.683618 -0.72984 0
    outer loop
      vertex -11.4551 11.4551 0
      vertex -10.6814 12.1798 30
      vertex -11.4551 11.4551 30
    endloop
  endfacet
  facet normal 0.683618 -0.72984 0
    outer loop
      vertex -10.6814 12.1798 30
      vertex -11.4551 11.4551 0
      vertex -10.6814 12.1798 0
    endloop
  endfacet
  facet normal -0.162909 0.986641 0
    outer loop
      vertex 3.16046 -15.8887 30
      vertex 2.11452 -16.0614 15.3841
      vertex 2.11452 -16.0614 30
    endloop
  endfacet
  facet normal -0.162054 0.986782 -6.28685e-05
    outer loop
      vertex 3.16046 -15.8887 30
      vertex 2.13161 -16.0586 15.2806
      vertex 2.11452 -16.0614 15.3841
    endloop
  endfacet
  facet normal -0.163857 0.986484 6.66166e-05
    outer loop
      vertex 3.16046 -15.8887 30
      vertex 2.1454 -16.0563 15.1406
      vertex 2.13161 -16.0586 15.2806
    endloop
  endfacet
  facet normal -0.165643 0.986186 0.000191976
    outer loop
      vertex 3.16046 -15.8887 30
      vertex 2.15 -16.0555 15
      vertex 2.1454 -16.0563 15.1406
    endloop
  endfacet
  facet normal -0.162869 0.986648 0
    outer loop
      vertex 3.16046 -15.8887 0
      vertex 2.15 -16.0555 15
      vertex 3.16046 -15.8887 30
    endloop
  endfacet
  facet normal -0.165643 0.986186 -0.000191976
    outer loop
      vertex 2.15 -16.0555 15
      vertex 3.16046 -15.8887 0
      vertex 2.1454 -16.0563 14.8594
    endloop
  endfacet
  facet normal -0.163857 0.986484 -6.66166e-05
    outer loop
      vertex 3.16046 -15.8887 0
      vertex 2.13161 -16.0586 14.7194
      vertex 2.1454 -16.0563 14.8594
    endloop
  endfacet
  facet normal -0.162054 0.986782 6.28685e-05
    outer loop
      vertex 3.16046 -15.8887 0
      vertex 2.11452 -16.0614 14.6159
      vertex 2.13161 -16.0586 14.7194
    endloop
  endfacet
  facet normal -0.162909 0.986641 0
    outer loop
      vertex 2.11452 -16.0614 14.6159
      vertex 3.16046 -15.8887 0
      vertex 2.11452 -16.0614 0
    endloop
  endfacet
  facet normal 0.999464 -0.0327328 0
    outer loop
      vertex -16.2 0 29
      vertex -16.1653 1.05953 0
      vertex -16.1653 1.05953 29
    endloop
  endfacet
  facet normal 0.999464 -0.0327328 0
    outer loop
      vertex -16.1653 1.05953 0
      vertex -16.2 0 29
      vertex -16.2 0 0
    endloop
  endfacet
  facet normal 0.162909 0.986641 -0
    outer loop
      vertex -2.11452 -16.0614 15.3841
      vertex -3.16046 -15.8887 30
      vertex -2.11452 -16.0614 30
    endloop
  endfacet
  facet normal 0.162054 0.986782 -6.28685e-05
    outer loop
      vertex -2.13161 -16.0586 15.2806
      vertex -3.16046 -15.8887 30
      vertex -2.11452 -16.0614 15.3841
    endloop
  endfacet
  facet normal 0.163857 0.986484 6.66166e-05
    outer loop
      vertex -2.1454 -16.0563 15.1406
      vertex -3.16046 -15.8887 30
      vertex -2.13161 -16.0586 15.2806
    endloop
  endfacet
  facet normal 0.165643 0.986186 0.000191976
    outer loop
      vertex -2.15 -16.0555 15
      vertex -3.16046 -15.8887 30
      vertex -2.1454 -16.0563 15.1406
    endloop
  endfacet
  facet normal 0.165643 0.986186 -0.000191976
    outer loop
      vertex -3.16046 -15.8887 0
      vertex -2.15 -16.0555 15
      vertex -2.1454 -16.0563 14.8594
    endloop
  endfacet
  facet normal 0.162909 0.986641 0
    outer loop
      vertex -3.16046 -15.8887 0
      vertex -2.11452 -16.0614 14.6159
      vertex -2.11452 -16.0614 0
    endloop
  endfacet
  facet normal 0.162054 0.986782 6.28685e-05
    outer loop
      vertex -2.11452 -16.0614 14.6159
      vertex -3.16046 -15.8887 0
      vertex -2.13161 -16.0586 14.7194
    endloop
  endfacet
  facet normal 0.163857 0.986484 -6.66166e-05
    outer loop
      vertex -2.13161 -16.0586 14.7194
      vertex -3.16046 -15.8887 0
      vertex -2.1454 -16.0563 14.8594
    endloop
  endfacet
  facet normal 0.162869 0.986648 0
    outer loop
      vertex -2.15 -16.0555 15
      vertex -3.16046 -15.8887 0
      vertex -3.16046 -15.8887 30
    endloop
  endfacet
  facet normal -0.162909 -0.986641 0
    outer loop
      vertex 2.11452 16.0614 15.3841
      vertex 3.16046 15.8887 30
      vertex 2.11452 16.0614 30
    endloop
  endfacet
  facet normal -0.162054 -0.986782 -6.28685e-05
    outer loop
      vertex 2.13161 16.0586 15.2806
      vertex 3.16046 15.8887 30
      vertex 2.11452 16.0614 15.3841
    endloop
  endfacet
  facet normal -0.163857 -0.986484 6.66166e-05
    outer loop
      vertex 2.1454 16.0563 15.1406
      vertex 3.16046 15.8887 30
      vertex 2.13161 16.0586 15.2806
    endloop
  endfacet
  facet normal -0.165643 -0.986186 0.000191976
    outer loop
      vertex 2.15 16.0555 15
      vertex 3.16046 15.8887 30
      vertex 2.1454 16.0563 15.1406
    endloop
  endfacet
  facet normal -0.165643 -0.986186 -0.000191976
    outer loop
      vertex 3.16046 15.8887 0
      vertex 2.15 16.0555 15
      vertex 2.1454 16.0563 14.8594
    endloop
  endfacet
  facet normal -0.162909 -0.986641 0
    outer loop
      vertex 3.16046 15.8887 0
      vertex 2.11452 16.0614 14.6159
      vertex 2.11452 16.0614 0
    endloop
  endfacet
  facet normal -0.162054 -0.986782 6.28685e-05
    outer loop
      vertex 2.11452 16.0614 14.6159
      vertex 3.16046 15.8887 0
      vertex 2.13161 16.0586 14.7194
    endloop
  endfacet
  facet normal -0.163857 -0.986484 -6.66166e-05
    outer loop
      vertex 2.13161 16.0586 14.7194
      vertex 3.16046 15.8887 0
      vertex 2.1454 16.0563 14.8594
    endloop
  endfacet
  facet normal -0.162869 -0.986648 0
    outer loop
      vertex 2.15 16.0555 15
      vertex 3.16046 15.8887 0
      vertex 3.16046 15.8887 30
    endloop
  endfacet
  facet normal -0.582491 0.812837 0
    outer loop
      vertex 9.86193 -12.8523 0
      vertex 9.00024 -13.4698 30
      vertex 9.86193 -12.8523 30
    endloop
  endfacet
  facet normal -0.582491 0.812837 0
    outer loop
      vertex 9.00024 -13.4698 30
      vertex 9.86193 -12.8523 0
      vertex 9.00024 -13.4698 0
    endloop
  endfacet
  facet normal -0.72984 0.683618 0
    outer loop
      vertex 11.4551 -11.4551 0
      vertex 12.1798 -10.6814 30
      vertex 12.1798 -10.6814 0
    endloop
  endfacet
  facet normal -0.72984 0.683618 0
    outer loop
      vertex 12.1798 -10.6814 30
      vertex 11.4551 -11.4551 0
      vertex 11.4551 -11.4551 30
    endloop
  endfacet
  facet normal -0.973882 -0.227055 0
    outer loop
      vertex 15.8887 3.16046 0
      vertex 15.648 4.19287 30
      vertex 15.648 4.19287 0
    endloop
  endfacet
  facet normal -0.973882 -0.227055 0
    outer loop
      vertex 15.648 4.19287 30
      vertex 15.8887 3.16046 0
      vertex 15.8887 3.16046 30
    endloop
  endfacet
  facet normal 0.956948 -0.290259 0
    outer loop
      vertex -15.648 4.19287 30
      vertex -15.3403 5.20732 0
      vertex -15.3403 5.20732 30
    endloop
  endfacet
  facet normal 0.956948 -0.290259 0
    outer loop
      vertex -15.3403 5.20732 0
      vertex -15.648 4.19287 30
      vertex -15.648 4.19287 0
    endloop
  endfacet
  facet normal -0.528064 0.849204 0
    outer loop
      vertex 9.00024 -13.4698 0
      vertex 8.1 -14.0296 30
      vertex 9.00024 -13.4698 30
    endloop
  endfacet
  facet normal -0.528064 0.849204 0
    outer loop
      vertex 8.1 -14.0296 30
      vertex 9.00024 -13.4698 0
      vertex 8.1 -14.0296 0
    endloop
  endfacet
  facet normal 0.935881 -0.352317 0
    outer loop
      vertex -15.3403 5.20732 30
      vertex -14.9668 6.19947 0
      vertex -14.9668 6.19947 30
    endloop
  endfacet
  facet normal 0.935881 -0.352317 0
    outer loop
      vertex -14.9668 6.19947 0
      vertex -15.3403 5.20732 30
      vertex -15.3403 5.20732 0
    endloop
  endfacet
  facet normal 0.881931 -0.471378 0
    outer loop
      vertex -14.5293 7.16508 30
      vertex -14.0296 8.1 0
      vertex -14.0296 8.1 30
    endloop
  endfacet
  facet normal 0.881931 -0.471378 0
    outer loop
      vertex -14.0296 8.1 0
      vertex -14.5293 7.16508 30
      vertex -14.5293 7.16508 0
    endloop
  endfacet
  facet normal 0.0327328 -0.999464 -4.06336e-07
    outer loop
      vertex -0.140616 16.1954 17.1454
      vertex 0 16.2 30
      vertex -1.05953 16.1653 30
    endloop
  endfacet
  facet normal 0.0326957 -0.999465 0
    outer loop
      vertex 0 16.2 30
      vertex -0.140616 16.1954 17.1454
      vertex 0 16.2 17.15
    endloop
  endfacet
  facet normal 0.0328352 -0.999461 6.92194e-06
    outer loop
      vertex -1.05953 16.1653 30
      vertex -0.280631 16.1908 17.1316
      vertex -0.140616 16.1954 17.1454
    endloop
  endfacet
  facet normal 0.0324039 -0.999475 -1.92157e-05
    outer loop
      vertex -1.05953 16.1653 30
      vertex -0.419444 16.1863 17.1087
      vertex -0.280631 16.1908 17.1316
    endloop
  endfacet
  facet normal 0.0328248 -0.999461 1.7066e-06
    outer loop
      vertex -1.05953 16.1653 30
      vertex -0.55646 16.1818 17.0767
      vertex -0.419444 16.1863 17.1087
    endloop
  endfacet
  facet normal 0.0326651 -0.999466 -4.51521e-06
    outer loop
      vertex -1.05953 16.1653 30
      vertex -0.691094 16.1774 17.0359
      vertex -0.55646 16.1818 17.0767
    endloop
  endfacet
  facet normal 0.0326407 -0.999467 -5.20941e-06
    outer loop
      vertex -1.05953 16.1653 30
      vertex -0.822769 16.1731 16.9863
      vertex -0.691094 16.1774 17.0359
    endloop
  endfacet
  facet normal 0.0327576 -0.999463 -3.07997e-06
    outer loop
      vertex -1.05953 16.1653 30
      vertex -0.95092 16.1689 16.9283
      vertex -0.822769 16.1731 16.9863
    endloop
  endfacet
  facet normal 0.0331279 -0.999451 0
    outer loop
      vertex -0.95092 16.1689 16.9283
      vertex -1.05953 16.1653 30
      vertex -1.05953 16.1653 16.8702
    endloop
  endfacet
  facet normal 0.0331279 -0.999451 0
    outer loop
      vertex -1.05953 16.1653 0
      vertex -0.95092 16.1689 13.0717
      vertex -1.05953 16.1653 13.1298
    endloop
  endfacet
  facet normal 0.0327576 -0.999463 3.07997e-06
    outer loop
      vertex -1.05953 16.1653 0
      vertex -0.822769 16.1731 13.0137
      vertex -0.95092 16.1689 13.0717
    endloop
  endfacet
  facet normal 0.0326407 -0.999467 5.20941e-06
    outer loop
      vertex -1.05953 16.1653 0
      vertex -0.691094 16.1774 12.9641
      vertex -0.822769 16.1731 13.0137
    endloop
  endfacet
  facet normal 0.0326651 -0.999466 4.51521e-06
    outer loop
      vertex -1.05953 16.1653 0
      vertex -0.55646 16.1818 12.9233
      vertex -0.691094 16.1774 12.9641
    endloop
  endfacet
  facet normal 0.0328248 -0.999461 -1.7066e-06
    outer loop
      vertex -1.05953 16.1653 0
      vertex -0.419444 16.1863 12.8913
      vertex -0.55646 16.1818 12.9233
    endloop
  endfacet
  facet normal 0.0324039 -0.999475 1.92157e-05
    outer loop
      vertex -1.05953 16.1653 0
      vertex -0.280631 16.1908 12.8684
      vertex -0.419444 16.1863 12.8913
    endloop
  endfacet
  facet normal 0.0328352 -0.999461 -6.92194e-06
    outer loop
      vertex -1.05953 16.1653 0
      vertex -0.140616 16.1954 12.8546
      vertex -0.280631 16.1908 12.8684
    endloop
  endfacet
  facet normal 0.0327328 -0.999464 4.06336e-07
    outer loop
      vertex 0 16.2 0
      vertex -0.140616 16.1954 12.8546
      vertex -1.05953 16.1653 0
    endloop
  endfacet
  facet normal 0.0326957 -0.999465 0
    outer loop
      vertex -0.140616 16.1954 12.8546
      vertex 0 16.2 0
      vertex 0 16.2 12.85
    endloop
  endfacet
  facet normal -0.0980102 0.995185 0
    outer loop
      vertex 2.11452 -16.0614 30
      vertex 1.05953 -16.1653 16.8702
      vertex 1.05953 -16.1653 30
    endloop
  endfacet
  facet normal -0.0965706 0.995326 -0.000116787
    outer loop
      vertex 2.11452 -16.0614 30
      vertex 1.075 -16.1638 16.862
      vertex 1.05953 -16.1653 16.8702
    endloop
  endfacet
  facet normal -0.0982714 0.99516 1.90843e-05
    outer loop
      vertex 2.11452 -16.0614 30
      vertex 1.19448 -16.152 16.7877
      vertex 1.075 -16.1638 16.862
    endloop
  endfacet
  facet normal -0.0974952 0.995236 -3.54882e-05
    outer loop
      vertex 2.11452 -16.0614 30
      vertex 1.30884 -16.1408 16.7057
      vertex 1.19448 -16.152 16.7877
    endloop
  endfacet
  facet normal -0.0987887 0.995108 4.36659e-05
    outer loop
      vertex 2.11452 -16.0614 30
      vertex 1.41759 -16.13 16.6165
      vertex 1.30884 -16.1408 16.7057
    endloop
  endfacet
  facet normal -0.0978855 0.995198 -3.82573e-06
    outer loop
      vertex 2.11452 -16.0614 30
      vertex 1.52028 -16.1199 16.5203
      vertex 1.41759 -16.13 16.6165
    endloop
  endfacet
  facet normal -0.0973015 0.995255 -2.98201e-05
    outer loop
      vertex 2.11452 -16.0614 30
      vertex 1.61646 -16.1105 16.4176
      vertex 1.52028 -16.1199 16.5203
    endloop
  endfacet
  facet normal -0.0981229 0.995174 5.91721e-07
    outer loop
      vertex 2.11452 -16.0614 30
      vertex 1.70571 -16.1017 16.3088
      vertex 1.61646 -16.1105 16.4176
    endloop
  endfacet
  facet normal -0.0983511 0.995152 7.47266e-06
    outer loop
      vertex 2.11452 -16.0614 30
      vertex 1.78766 -16.0936 16.1945
      vertex 1.70571 -16.1017 16.3088
    endloop
  endfacet
  facet normal -0.0978016 0.995206 -5.66462e-06
    outer loop
      vertex 2.11452 -16.0614 30
      vertex 1.86195 -16.0863 16.075
      vertex 1.78766 -16.0936 16.1945
    endloop
  endfacet
  facet normal -0.0975469 0.995231 -1.03297e-05
    outer loop
      vertex 2.11452 -16.0614 30
      vertex 1.92828 -16.0798 15.9509
      vertex 1.86195 -16.0863 16.075
    endloop
  endfacet
  facet normal -0.0993711 0.99505 1.40899e-05
    outer loop
      vertex 2.11452 -16.0614 30
      vertex 1.98634 -16.074 15.8228
      vertex 1.92828 -16.0798 15.9509
    endloop
  endfacet
  facet normal -0.0964347 0.995339 -1.27159e-05
    outer loop
      vertex 2.11452 -16.0614 30
      vertex 2.0359 -16.0692 15.6911
      vertex 1.98634 -16.074 15.8228
    endloop
  endfacet
  facet normal -0.099869 0.995001 6.33835e-06
    outer loop
      vertex 2.11452 -16.0614 30
      vertex 2.07674 -16.0651 15.5565
      vertex 2.0359 -16.0692 15.6911
    endloop
  endfacet
  facet normal -0.096583 0.995325 -2.33981e-06
    outer loop
      vertex 2.11452 -16.0614 30
      vertex 2.10869 -16.062 15.4194
      vertex 2.07674 -16.0651 15.5565
    endloop
  endfacet
  facet normal -0.102375 0.994746 0
    outer loop
      vertex 2.10869 -16.062 15.4194
      vertex 2.11452 -16.0614 30
      vertex 2.11452 -16.0614 15.3841
    endloop
  endfacet
  facet normal -0.102375 0.994746 0
    outer loop
      vertex 2.11452 -16.0614 0
      vertex 2.10869 -16.062 14.5806
      vertex 2.11452 -16.0614 14.6159
    endloop
  endfacet
  facet normal -0.096583 0.995325 2.33981e-06
    outer loop
      vertex 2.11452 -16.0614 0
      vertex 2.07674 -16.0651 14.4435
      vertex 2.10869 -16.062 14.5806
    endloop
  endfacet
  facet normal -0.099869 0.995001 -6.33835e-06
    outer loop
      vertex 2.11452 -16.0614 0
      vertex 2.0359 -16.0692 14.3089
      vertex 2.07674 -16.0651 14.4435
    endloop
  endfacet
  facet normal -0.0964347 0.995339 1.27159e-05
    outer loop
      vertex 2.11452 -16.0614 0
      vertex 1.98634 -16.074 14.1772
      vertex 2.0359 -16.0692 14.3089
    endloop
  endfacet
  facet normal -0.0993711 0.99505 -1.40899e-05
    outer loop
      vertex 2.11452 -16.0614 0
      vertex 1.92828 -16.0798 14.0491
      vertex 1.98634 -16.074 14.1772
    endloop
  endfacet
  facet normal -0.0975469 0.995231 1.03297e-05
    outer loop
      vertex 2.11452 -16.0614 0
      vertex 1.86195 -16.0863 13.925
      vertex 1.92828 -16.0798 14.0491
    endloop
  endfacet
  facet normal -0.0978016 0.995206 5.66462e-06
    outer loop
      vertex 2.11452 -16.0614 0
      vertex 1.78766 -16.0936 13.8055
      vertex 1.86195 -16.0863 13.925
    endloop
  endfacet
  facet normal -0.0983511 0.995152 -7.47266e-06
    outer loop
      vertex 2.11452 -16.0614 0
      vertex 1.70571 -16.1017 13.6912
      vertex 1.78766 -16.0936 13.8055
    endloop
  endfacet
  facet normal -0.0981229 0.995174 -5.91721e-07
    outer loop
      vertex 2.11452 -16.0614 0
      vertex 1.61646 -16.1105 13.5824
      vertex 1.70571 -16.1017 13.6912
    endloop
  endfacet
  facet normal -0.0973015 0.995255 2.98201e-05
    outer loop
      vertex 2.11452 -16.0614 0
      vertex 1.52028 -16.1199 13.4797
      vertex 1.61646 -16.1105 13.5824
    endloop
  endfacet
  facet normal -0.0978855 0.995198 3.82573e-06
    outer loop
      vertex 2.11452 -16.0614 0
      vertex 1.41759 -16.13 13.3835
      vertex 1.52028 -16.1199 13.4797
    endloop
  endfacet
  facet normal -0.0987887 0.995108 -4.36659e-05
    outer loop
      vertex 2.11452 -16.0614 0
      vertex 1.30884 -16.1408 13.2943
      vertex 1.41759 -16.13 13.3835
    endloop
  endfacet
  facet normal -0.0974952 0.995236 3.54882e-05
    outer loop
      vertex 2.11452 -16.0614 0
      vertex 1.19448 -16.152 13.2123
      vertex 1.30884 -16.1408 13.2943
    endloop
  endfacet
  facet normal -0.0982714 0.99516 -1.90843e-05
    outer loop
      vertex 2.11452 -16.0614 0
      vertex 1.075 -16.1638 13.138
      vertex 1.19448 -16.152 13.2123
    endloop
  endfacet
  facet normal -0.0965706 0.995326 0.000116787
    outer loop
      vertex 2.11452 -16.0614 0
      vertex 1.05953 -16.1653 13.1298
      vertex 1.075 -16.1638 13.138
    endloop
  endfacet
  facet normal -0.0980102 0.995185 0
    outer loop
      vertex 1.05953 -16.1653 13.1298
      vertex 2.11452 -16.0614 0
      vertex 1.05953 -16.1653 0
    endloop
  endfacet
  facet normal -0.634381 -0.77302 0
    outer loop
      vertex 9.86193 12.8523 0
      vertex 10.6814 12.1798 30
      vertex 9.86193 12.8523 30
    endloop
  endfacet
  facet normal -0.634381 -0.77302 -0
    outer loop
      vertex 10.6814 12.1798 30
      vertex 9.86193 12.8523 0
      vertex 10.6814 12.1798 0
    endloop
  endfacet
  facet normal 0.290259 -0.956948 0
    outer loop
      vertex -5.20732 15.3403 0
      vertex -4.19287 15.648 30
      vertex -5.20732 15.3403 30
    endloop
  endfacet
  facet normal 0.290259 -0.956948 0
    outer loop
      vertex -4.19287 15.648 30
      vertex -5.20732 15.3403 0
      vertex -4.19287 15.648 0
    endloop
  endfacet
  facet normal -0.881931 0.471378 0
    outer loop
      vertex 14.0296 -8.1 0
      vertex 14.5293 -7.16508 30
      vertex 14.5293 -7.16508 0
    endloop
  endfacet
  facet normal -0.881931 0.471378 0
    outer loop
      vertex 14.5293 -7.16508 30
      vertex 14.0296 -8.1 0
      vertex 14.0296 -8.1 30
    endloop
  endfacet
  facet normal -0.0326957 -0.999465 0
    outer loop
      vertex 0.140616 16.1954 17.1454
      vertex 0 16.2 30
      vertex 0 16.2 17.15
    endloop
  endfacet
  facet normal -0.0327328 -0.999464 -4.06336e-07
    outer loop
      vertex 0 16.2 30
      vertex 0.140616 16.1954 17.1454
      vertex 1.05953 16.1653 30
    endloop
  endfacet
  facet normal -0.0328352 -0.999461 6.92194e-06
    outer loop
      vertex 0.280631 16.1908 17.1316
      vertex 1.05953 16.1653 30
      vertex 0.140616 16.1954 17.1454
    endloop
  endfacet
  facet normal -0.0324039 -0.999475 -1.92157e-05
    outer loop
      vertex 0.419444 16.1863 17.1087
      vertex 1.05953 16.1653 30
      vertex 0.280631 16.1908 17.1316
    endloop
  endfacet
  facet normal -0.0328248 -0.999461 1.7066e-06
    outer loop
      vertex 0.55646 16.1818 17.0767
      vertex 1.05953 16.1653 30
      vertex 0.419444 16.1863 17.1087
    endloop
  endfacet
  facet normal -0.0326651 -0.999466 -4.51521e-06
    outer loop
      vertex 0.691094 16.1774 17.0359
      vertex 1.05953 16.1653 30
      vertex 0.55646 16.1818 17.0767
    endloop
  endfacet
  facet normal -0.0326407 -0.999467 -5.20941e-06
    outer loop
      vertex 0.822769 16.1731 16.9863
      vertex 1.05953 16.1653 30
      vertex 0.691094 16.1774 17.0359
    endloop
  endfacet
  facet normal -0.0327576 -0.999463 -3.07997e-06
    outer loop
      vertex 0.95092 16.1689 16.9283
      vertex 1.05953 16.1653 30
      vertex 0.822769 16.1731 16.9863
    endloop
  endfacet
  facet normal -0.0331279 -0.999451 -0
    outer loop
      vertex 1.05953 16.1653 30
      vertex 0.95092 16.1689 16.9283
      vertex 1.05953 16.1653 16.8702
    endloop
  endfacet
  facet normal -0.0326957 -0.999465 0
    outer loop
      vertex 0 16.2 0
      vertex 0.140616 16.1954 12.8546
      vertex 0 16.2 12.85
    endloop
  endfacet
  facet normal -0.0327328 -0.999464 4.06336e-07
    outer loop
      vertex 1.05953 16.1653 0
      vertex 0.140616 16.1954 12.8546
      vertex 0 16.2 0
    endloop
  endfacet
  facet normal -0.0328352 -0.999461 -6.92194e-06
    outer loop
      vertex 0.140616 16.1954 12.8546
      vertex 1.05953 16.1653 0
      vertex 0.280631 16.1908 12.8684
    endloop
  endfacet
  facet normal -0.0324039 -0.999475 1.92157e-05
    outer loop
      vertex 0.280631 16.1908 12.8684
      vertex 1.05953 16.1653 0
      vertex 0.419444 16.1863 12.8913
    endloop
  endfacet
  facet normal -0.0328248 -0.999461 -1.7066e-06
    outer loop
      vertex 0.419444 16.1863 12.8913
      vertex 1.05953 16.1653 0
      vertex 0.55646 16.1818 12.9233
    endloop
  endfacet
  facet normal -0.0326651 -0.999466 4.51521e-06
    outer loop
      vertex 0.55646 16.1818 12.9233
      vertex 1.05953 16.1653 0
      vertex 0.691094 16.1774 12.9641
    endloop
  endfacet
  facet normal -0.0326407 -0.999467 5.20941e-06
    outer loop
      vertex 0.691094 16.1774 12.9641
      vertex 1.05953 16.1653 0
      vertex 0.822769 16.1731 13.0137
    endloop
  endfacet
  facet normal -0.0327576 -0.999463 3.07997e-06
    outer loop
      vertex 0.822769 16.1731 13.0137
      vertex 1.05953 16.1653 0
      vertex 0.95092 16.1689 13.0717
    endloop
  endfacet
  facet normal -0.0331279 -0.999451 0
    outer loop
      vertex 0.95092 16.1689 13.0717
      vertex 1.05953 16.1653 0
      vertex 1.05953 16.1653 13.1298
    endloop
  endfacet
  facet normal -0.849204 -0.528064 0
    outer loop
      vertex 14.0296 8.1 0
      vertex 13.4698 9.00024 30
      vertex 13.4698 9.00024 0
    endloop
  endfacet
  facet normal -0.849204 -0.528064 0
    outer loop
      vertex 13.4698 9.00024 30
      vertex 14.0296 8.1 0
      vertex 14.0296 8.1 30
    endloop
  endfacet
  facet normal -0.290259 0.956948 0
    outer loop
      vertex 5.20732 -15.3403 0
      vertex 4.19287 -15.648 30
      vertex 5.20732 -15.3403 30
    endloop
  endfacet
  facet normal -0.290259 0.956948 0
    outer loop
      vertex 4.19287 -15.648 30
      vertex 5.20732 -15.3403 0
      vertex 4.19287 -15.648 0
    endloop
  endfacet
  facet normal 0.72984 0.683618 0
    outer loop
      vertex -11.4551 -11.4551 30
      vertex -12.1798 -10.6814 0
      vertex -12.1798 -10.6814 30
    endloop
  endfacet
  facet normal 0.72984 0.683618 0
    outer loop
      vertex -12.1798 -10.6814 0
      vertex -11.4551 -11.4551 30
      vertex -11.4551 -11.4551 0
    endloop
  endfacet
  facet normal 0.812837 0.582491 0
    outer loop
      vertex -12.8523 -9.86193 30
      vertex -13.4698 -9.00024 0
      vertex -13.4698 -9.00024 30
    endloop
  endfacet
  facet normal 0.812837 0.582491 0
    outer loop
      vertex -13.4698 -9.00024 0
      vertex -12.8523 -9.86193 30
      vertex -12.8523 -9.86193 0
    endloop
  endfacet
  facet normal 0.528064 0.849204 -0
    outer loop
      vertex -8.1 -14.0296 0
      vertex -9.00024 -13.4698 30
      vertex -8.1 -14.0296 30
    endloop
  endfacet
  facet normal 0.528064 0.849204 0
    outer loop
      vertex -9.00024 -13.4698 30
      vertex -8.1 -14.0296 0
      vertex -9.00024 -13.4698 0
    endloop
  endfacet
  facet normal 0.0326957 0.999465 0
    outer loop
      vertex -0.140616 -16.1954 17.1454
      vertex 0 -16.2 30
      vertex 0 -16.2 17.15
    endloop
  endfacet
  facet normal 0.0327328 0.999464 -4.06336e-07
    outer loop
      vertex 0 -16.2 30
      vertex -0.140616 -16.1954 17.1454
      vertex -1.05953 -16.1653 30
    endloop
  endfacet
  facet normal 0.0328352 0.999461 6.92194e-06
    outer loop
      vertex -0.280631 -16.1908 17.1316
      vertex -1.05953 -16.1653 30
      vertex -0.140616 -16.1954 17.1454
    endloop
  endfacet
  facet normal 0.0324039 0.999475 -1.92157e-05
    outer loop
      vertex -0.419444 -16.1863 17.1087
      vertex -1.05953 -16.1653 30
      vertex -0.280631 -16.1908 17.1316
    endloop
  endfacet
  facet normal 0.0328248 0.999461 1.7066e-06
    outer loop
      vertex -0.55646 -16.1818 17.0767
      vertex -1.05953 -16.1653 30
      vertex -0.419444 -16.1863 17.1087
    endloop
  endfacet
  facet normal 0.0326651 0.999466 -4.51521e-06
    outer loop
      vertex -0.691094 -16.1774 17.0359
      vertex -1.05953 -16.1653 30
      vertex -0.55646 -16.1818 17.0767
    endloop
  endfacet
  facet normal 0.0326407 0.999467 -5.20941e-06
    outer loop
      vertex -0.822769 -16.1731 16.9863
      vertex -1.05953 -16.1653 30
      vertex -0.691094 -16.1774 17.0359
    endloop
  endfacet
  facet normal 0.0327576 0.999463 -3.07997e-06
    outer loop
      vertex -0.95092 -16.1689 16.9283
      vertex -1.05953 -16.1653 30
      vertex -0.822769 -16.1731 16.9863
    endloop
  endfacet
  facet normal 0.0331279 0.999451 0
    outer loop
      vertex -1.05953 -16.1653 30
      vertex -0.95092 -16.1689 16.9283
      vertex -1.05953 -16.1653 16.8702
    endloop
  endfacet
  facet normal 0.0326957 0.999465 -0
    outer loop
      vertex 0 -16.2 0
      vertex -0.140616 -16.1954 12.8546
      vertex 0 -16.2 12.85
    endloop
  endfacet
  facet normal 0.0327328 0.999464 4.06336e-07
    outer loop
      vertex -1.05953 -16.1653 0
      vertex -0.140616 -16.1954 12.8546
      vertex 0 -16.2 0
    endloop
  endfacet
  facet normal 0.0328352 0.999461 -6.92194e-06
    outer loop
      vertex -0.140616 -16.1954 12.8546
      vertex -1.05953 -16.1653 0
      vertex -0.280631 -16.1908 12.8684
    endloop
  endfacet
  facet normal 0.0324039 0.999475 1.92157e-05
    outer loop
      vertex -0.280631 -16.1908 12.8684
      vertex -1.05953 -16.1653 0
      vertex -0.419444 -16.1863 12.8913
    endloop
  endfacet
  facet normal 0.0328248 0.999461 -1.7066e-06
    outer loop
      vertex -0.419444 -16.1863 12.8913
      vertex -1.05953 -16.1653 0
      vertex -0.55646 -16.1818 12.9233
    endloop
  endfacet
  facet normal 0.0326651 0.999466 4.51521e-06
    outer loop
      vertex -0.55646 -16.1818 12.9233
      vertex -1.05953 -16.1653 0
      vertex -0.691094 -16.1774 12.9641
    endloop
  endfacet
  facet normal 0.0326407 0.999467 5.20941e-06
    outer loop
      vertex -0.691094 -16.1774 12.9641
      vertex -1.05953 -16.1653 0
      vertex -0.822769 -16.1731 13.0137
    endloop
  endfacet
  facet normal 0.0327576 0.999463 3.07997e-06
    outer loop
      vertex -0.822769 -16.1731 13.0137
      vertex -1.05953 -16.1653 0
      vertex -0.95092 -16.1689 13.0717
    endloop
  endfacet
  facet normal 0.0331279 0.999451 0
    outer loop
      vertex -0.95092 -16.1689 13.0717
      vertex -1.05953 -16.1653 0
      vertex -1.05953 -16.1653 13.1298
    endloop
  endfacet
  facet normal -0.995185 0.0980102 0
    outer loop
      vertex 16.0614 -2.11452 0
      vertex 16.1653 -1.05953 29
      vertex 16.1653 -1.05953 0
    endloop
  endfacet
  facet normal -0.995185 0.0980102 0
    outer loop
      vertex 16.1653 -1.05953 29
      vertex 16.0614 -2.11452 0
      vertex 16.0614 -2.11452 29
    endloop
  endfacet
  facet normal 0.162909 -0.986641 0
    outer loop
      vertex -3.16046 15.8887 30
      vertex -2.11452 16.0614 15.3841
      vertex -2.11452 16.0614 30
    endloop
  endfacet
  facet normal 0.162054 -0.986782 -6.28685e-05
    outer loop
      vertex -3.16046 15.8887 30
      vertex -2.13161 16.0586 15.2806
      vertex -2.11452 16.0614 15.3841
    endloop
  endfacet
  facet normal 0.163857 -0.986484 6.66166e-05
    outer loop
      vertex -3.16046 15.8887 30
      vertex -2.1454 16.0563 15.1406
      vertex -2.13161 16.0586 15.2806
    endloop
  endfacet
  facet normal 0.165643 -0.986186 0.000191976
    outer loop
      vertex -3.16046 15.8887 30
      vertex -2.15 16.0555 15
      vertex -2.1454 16.0563 15.1406
    endloop
  endfacet
  facet normal 0.162869 -0.986648 0
    outer loop
      vertex -3.16046 15.8887 0
      vertex -2.15 16.0555 15
      vertex -3.16046 15.8887 30
    endloop
  endfacet
  facet normal 0.165643 -0.986186 -0.000191976
    outer loop
      vertex -2.15 16.0555 15
      vertex -3.16046 15.8887 0
      vertex -2.1454 16.0563 14.8594
    endloop
  endfacet
  facet normal 0.163857 -0.986484 -6.66166e-05
    outer loop
      vertex -3.16046 15.8887 0
      vertex -2.13161 16.0586 14.7194
      vertex -2.1454 16.0563 14.8594
    endloop
  endfacet
  facet normal 0.162054 -0.986782 6.28685e-05
    outer loop
      vertex -3.16046 15.8887 0
      vertex -2.11452 16.0614 14.6159
      vertex -2.13161 16.0586 14.7194
    endloop
  endfacet
  facet normal 0.162909 -0.986641 0
    outer loop
      vertex -2.11452 16.0614 14.6159
      vertex -3.16046 15.8887 0
      vertex -2.11452 16.0614 0
    endloop
  endfacet
  facet normal 0.683618 0.72984 -0
    outer loop
      vertex -10.6814 -12.1798 0
      vertex -11.4551 -11.4551 30
      vertex -10.6814 -12.1798 30
    endloop
  endfacet
  facet normal 0.683618 0.72984 0
    outer loop
      vertex -11.4551 -11.4551 30
      vertex -10.6814 -12.1798 0
      vertex -11.4551 -11.4551 0
    endloop
  endfacet
  facet normal 0.910868 0.412697 0
    outer loop
      vertex -14.5293 -7.16508 30
      vertex -14.9668 -6.19947 0
      vertex -14.9668 -6.19947 30
    endloop
  endfacet
  facet normal 0.910868 0.412697 0
    outer loop
      vertex -14.9668 -6.19947 0
      vertex -14.5293 -7.16508 30
      vertex -14.5293 -7.16508 0
    endloop
  endfacet
  facet normal -0.973882 0.227055 0
    outer loop
      vertex 15.648 -4.19287 0
      vertex 15.8887 -3.16046 30
      vertex 15.8887 -3.16046 0
    endloop
  endfacet
  facet normal -0.973882 0.227055 0
    outer loop
      vertex 15.8887 -3.16046 30
      vertex 15.648 -4.19287 0
      vertex 15.648 -4.19287 30
    endloop
  endfacet
  facet normal 0.582491 -0.812837 0
    outer loop
      vertex -9.86193 12.8523 0
      vertex -9.00024 13.4698 30
      vertex -9.86193 12.8523 30
    endloop
  endfacet
  facet normal 0.582491 -0.812837 0
    outer loop
      vertex -9.00024 13.4698 30
      vertex -9.86193 12.8523 0
      vertex -9.00024 13.4698 0
    endloop
  endfacet
  facet normal 0.849204 0.528064 0
    outer loop
      vertex -13.4698 -9.00024 30
      vertex -14.0296 -8.1 0
      vertex -14.0296 -8.1 30
    endloop
  endfacet
  facet normal 0.849204 0.528064 0
    outer loop
      vertex -14.0296 -8.1 0
      vertex -13.4698 -9.00024 30
      vertex -13.4698 -9.00024 0
    endloop
  endfacet
  facet normal 0.227055 -0.973882 0
    outer loop
      vertex -4.19287 15.648 0
      vertex -3.16046 15.8887 30
      vertex -4.19287 15.648 30
    endloop
  endfacet
  facet normal 0.227055 -0.973882 0
    outer loop
      vertex -3.16046 15.8887 30
      vertex -4.19287 15.648 0
      vertex -3.16046 15.8887 0
    endloop
  endfacet
  facet normal -0.986904 0.161307 0
    outer loop
      vertex 16.0614 -2.11452 0
      vertex 16.0559 -2.14817 29
      vertex 16.0614 -2.11452 29
    endloop
  endfacet
  facet normal -0.986641 0.162909 1.90889e-06
    outer loop
      vertex 15.8887 -3.16046 0
      vertex 16.0559 -2.14817 29
      vertex 16.0614 -2.11452 0
    endloop
  endfacet
  facet normal -0.986632 0.162962 0
    outer loop
      vertex 15.8887 -3.16046 30
      vertex 16.0559 -2.14817 29
      vertex 15.8887 -3.16046 0
    endloop
  endfacet
  facet normal -0.986632 0.162962 0
    outer loop
      vertex 16.0559 -2.14817 29
      vertex 15.8887 -3.16046 30
      vertex 16.0559 -2.14817 30
    endloop
  endfacet
  facet normal -0.683618 -0.72984 0
    outer loop
      vertex 10.6814 12.1798 0
      vertex 11.4551 11.4551 30
      vertex 10.6814 12.1798 30
    endloop
  endfacet
  facet normal -0.683618 -0.72984 -0
    outer loop
      vertex 11.4551 11.4551 30
      vertex 10.6814 12.1798 0
      vertex 11.4551 11.4551 0
    endloop
  endfacet
  facet normal 0.849204 -0.528064 0
    outer loop
      vertex -14.0296 8.1 30
      vertex -13.4698 9.00024 0
      vertex -13.4698 9.00024 30
    endloop
  endfacet
  facet normal 0.849204 -0.528064 0
    outer loop
      vertex -13.4698 9.00024 0
      vertex -14.0296 8.1 30
      vertex -14.0296 8.1 0
    endloop
  endfacet
  facet normal 0.582491 0.812837 -0
    outer loop
      vertex -9.00024 -13.4698 0
      vertex -9.86193 -12.8523 30
      vertex -9.00024 -13.4698 30
    endloop
  endfacet
  facet normal 0.582491 0.812837 0
    outer loop
      vertex -9.86193 -12.8523 30
      vertex -9.00024 -13.4698 0
      vertex -9.86193 -12.8523 0
    endloop
  endfacet
  facet normal -0.412697 -0.910868 0
    outer loop
      vertex 6.19947 14.9668 0
      vertex 7.16508 14.5293 30
      vertex 6.19947 14.9668 30
    endloop
  endfacet
  facet normal -0.412697 -0.910868 -0
    outer loop
      vertex 7.16508 14.5293 30
      vertex 6.19947 14.9668 0
      vertex 7.16508 14.5293 0
    endloop
  endfacet
  facet normal 0.471378 0.881931 -0
    outer loop
      vertex -7.16508 -14.5293 0
      vertex -8.1 -14.0296 30
      vertex -7.16508 -14.5293 30
    endloop
  endfacet
  facet normal 0.471378 0.881931 0
    outer loop
      vertex -8.1 -14.0296 30
      vertex -7.16508 -14.5293 0
      vertex -8.1 -14.0296 0
    endloop
  endfacet
  facet normal -0.77302 0.634381 0
    outer loop
      vertex 12.1798 -10.6814 0
      vertex 12.8523 -9.86193 30
      vertex 12.8523 -9.86193 0
    endloop
  endfacet
  facet normal -0.77302 0.634381 0
    outer loop
      vertex 12.8523 -9.86193 30
      vertex 12.1798 -10.6814 0
      vertex 12.1798 -10.6814 30
    endloop
  endfacet
  facet normal 0.72984 -0.683618 0
    outer loop
      vertex -12.1798 10.6814 30
      vertex -11.4551 11.4551 0
      vertex -11.4551 11.4551 30
    endloop
  endfacet
  facet normal 0.72984 -0.683618 0
    outer loop
      vertex -11.4551 11.4551 0
      vertex -12.1798 10.6814 30
      vertex -12.1798 10.6814 0
    endloop
  endfacet
  facet normal 0.986632 0.162962 0
    outer loop
      vertex -16.0559 -2.14817 30
      vertex -15.8887 -3.16046 30
      vertex -16.0559 -2.14817 29
    endloop
  endfacet
  facet normal 0.986904 0.161307 0
    outer loop
      vertex -16.0559 -2.14817 29
      vertex -16.0614 -2.11452 0
      vertex -16.0614 -2.11452 29
    endloop
  endfacet
  facet normal 0.986632 0.162962 -0
    outer loop
      vertex -15.8887 -3.16046 0
      vertex -16.0559 -2.14817 29
      vertex -15.8887 -3.16046 30
    endloop
  endfacet
  facet normal 0.986641 0.162909 1.90889e-06
    outer loop
      vertex -16.0559 -2.14817 29
      vertex -15.8887 -3.16046 0
      vertex -16.0614 -2.11452 0
    endloop
  endfacet
  facet normal -0.910868 -0.412697 0
    outer loop
      vertex 14.9668 6.19947 0
      vertex 14.5293 7.16508 30
      vertex 14.5293 7.16508 0
    endloop
  endfacet
  facet normal -0.910868 -0.412697 0
    outer loop
      vertex 14.5293 7.16508 30
      vertex 14.9668 6.19947 0
      vertex 14.9668 6.19947 30
    endloop
  endfacet
  facet normal -0.227055 0.973882 0
    outer loop
      vertex 4.19287 -15.648 0
      vertex 3.16046 -15.8887 30
      vertex 4.19287 -15.648 30
    endloop
  endfacet
  facet normal -0.227055 0.973882 0
    outer loop
      vertex 3.16046 -15.8887 30
      vertex 4.19287 -15.648 0
      vertex 3.16046 -15.8887 0
    endloop
  endfacet
  facet normal 0.999464 0.0327328 0
    outer loop
      vertex -16.1653 -1.05953 29
      vertex -16.2 0 0
      vertex -16.2 0 29
    endloop
  endfacet
  facet normal 0.999464 0.0327328 0
    outer loop
      vertex -16.2 0 0
      vertex -16.1653 -1.05953 29
      vertex -16.1653 -1.05953 0
    endloop
  endfacet
  facet normal -0.352317 -0.935881 0
    outer loop
      vertex 5.20732 15.3403 0
      vertex 6.19947 14.9668 30
      vertex 5.20732 15.3403 30
    endloop
  endfacet
  facet normal -0.352317 -0.935881 -0
    outer loop
      vertex 6.19947 14.9668 30
      vertex 5.20732 15.3403 0
      vertex 6.19947 14.9668 0
    endloop
  endfacet
  facet normal -0.471378 0.881931 0
    outer loop
      vertex 8.1 -14.0296 0
      vertex 7.16508 -14.5293 30
      vertex 8.1 -14.0296 30
    endloop
  endfacet
  facet normal -0.471378 0.881931 0
    outer loop
      vertex 7.16508 -14.5293 30
      vertex 8.1 -14.0296 0
      vertex 7.16508 -14.5293 0
    endloop
  endfacet
  facet normal -0.935881 0.352317 0
    outer loop
      vertex 14.9668 -6.19947 0
      vertex 15.3403 -5.20732 30
      vertex 15.3403 -5.20732 0
    endloop
  endfacet
  facet normal -0.935881 0.352317 0
    outer loop
      vertex 15.3403 -5.20732 30
      vertex 14.9668 -6.19947 0
      vertex 14.9668 -6.19947 30
    endloop
  endfacet
  facet normal -0.812837 0.582491 0
    outer loop
      vertex 12.8523 -9.86193 0
      vertex 13.4698 -9.00024 30
      vertex 13.4698 -9.00024 0
    endloop
  endfacet
  facet normal -0.812837 0.582491 0
    outer loop
      vertex 13.4698 -9.00024 30
      vertex 12.8523 -9.86193 0
      vertex 12.8523 -9.86193 30
    endloop
  endfacet
  facet normal 0.290259 0.956948 -0
    outer loop
      vertex -4.19287 -15.648 0
      vertex -5.20732 -15.3403 30
      vertex -4.19287 -15.648 30
    endloop
  endfacet
  facet normal 0.290259 0.956948 0
    outer loop
      vertex -5.20732 -15.3403 30
      vertex -4.19287 -15.648 0
      vertex -5.20732 -15.3403 0
    endloop
  endfacet
  facet normal -0.0980102 -0.995185 0
    outer loop
      vertex 1.05953 16.1653 16.8702
      vertex 2.11452 16.0614 30
      vertex 1.05953 16.1653 30
    endloop
  endfacet
  facet normal -0.0965706 -0.995326 -0.000116787
    outer loop
      vertex 1.075 16.1638 16.862
      vertex 2.11452 16.0614 30
      vertex 1.05953 16.1653 16.8702
    endloop
  endfacet
  facet normal -0.0982714 -0.99516 1.90843e-05
    outer loop
      vertex 1.19448 16.152 16.7877
      vertex 2.11452 16.0614 30
      vertex 1.075 16.1638 16.862
    endloop
  endfacet
  facet normal -0.0974952 -0.995236 -3.54882e-05
    outer loop
      vertex 1.30884 16.1408 16.7057
      vertex 2.11452 16.0614 30
      vertex 1.19448 16.152 16.7877
    endloop
  endfacet
  facet normal -0.0987887 -0.995108 4.36659e-05
    outer loop
      vertex 1.41759 16.13 16.6165
      vertex 2.11452 16.0614 30
      vertex 1.30884 16.1408 16.7057
    endloop
  endfacet
  facet normal -0.0978855 -0.995198 -3.82573e-06
    outer loop
      vertex 1.52028 16.1199 16.5203
      vertex 2.11452 16.0614 30
      vertex 1.41759 16.13 16.6165
    endloop
  endfacet
  facet normal -0.0973015 -0.995255 -2.98201e-05
    outer loop
      vertex 1.61646 16.1105 16.4176
      vertex 2.11452 16.0614 30
      vertex 1.52028 16.1199 16.5203
    endloop
  endfacet
  facet normal -0.0981229 -0.995174 5.91721e-07
    outer loop
      vertex 1.70571 16.1017 16.3088
      vertex 2.11452 16.0614 30
      vertex 1.61646 16.1105 16.4176
    endloop
  endfacet
  facet normal -0.0983511 -0.995152 7.47266e-06
    outer loop
      vertex 1.78766 16.0936 16.1945
      vertex 2.11452 16.0614 30
      vertex 1.70571 16.1017 16.3088
    endloop
  endfacet
  facet normal -0.0978016 -0.995206 -5.66462e-06
    outer loop
      vertex 1.86195 16.0863 16.075
      vertex 2.11452 16.0614 30
      vertex 1.78766 16.0936 16.1945
    endloop
  endfacet
  facet normal -0.0975469 -0.995231 -1.03297e-05
    outer loop
      vertex 1.92828 16.0798 15.9509
      vertex 2.11452 16.0614 30
      vertex 1.86195 16.0863 16.075
    endloop
  endfacet
  facet normal -0.0993711 -0.99505 1.40899e-05
    outer loop
      vertex 1.98634 16.074 15.8228
      vertex 2.11452 16.0614 30
      vertex 1.92828 16.0798 15.9509
    endloop
  endfacet
  facet normal -0.0964347 -0.995339 -1.27159e-05
    outer loop
      vertex 2.0359 16.0692 15.6911
      vertex 2.11452 16.0614 30
      vertex 1.98634 16.074 15.8228
    endloop
  endfacet
  facet normal -0.099869 -0.995001 6.33835e-06
    outer loop
      vertex 2.07674 16.0651 15.5565
      vertex 2.11452 16.0614 30
      vertex 2.0359 16.0692 15.6911
    endloop
  endfacet
  facet normal -0.096583 -0.995325 -2.33981e-06
    outer loop
      vertex 2.10869 16.062 15.4194
      vertex 2.11452 16.0614 30
      vertex 2.07674 16.0651 15.5565
    endloop
  endfacet
  facet normal -0.102375 -0.994746 -0
    outer loop
      vertex 2.11452 16.0614 30
      vertex 2.10869 16.062 15.4194
      vertex 2.11452 16.0614 15.3841
    endloop
  endfacet
  facet normal -0.0980102 -0.995185 0
    outer loop
      vertex 2.11452 16.0614 0
      vertex 1.05953 16.1653 13.1298
      vertex 1.05953 16.1653 0
    endloop
  endfacet
  facet normal -0.0965706 -0.995326 0.000116787
    outer loop
      vertex 1.05953 16.1653 13.1298
      vertex 2.11452 16.0614 0
      vertex 1.075 16.1638 13.138
    endloop
  endfacet
  facet normal -0.0982714 -0.99516 -1.90843e-05
    outer loop
      vertex 1.075 16.1638 13.138
      vertex 2.11452 16.0614 0
      vertex 1.19448 16.152 13.2123
    endloop
  endfacet
  facet normal -0.0974952 -0.995236 3.54882e-05
    outer loop
      vertex 1.19448 16.152 13.2123
      vertex 2.11452 16.0614 0
      vertex 1.30884 16.1408 13.2943
    endloop
  endfacet
  facet normal -0.0987887 -0.995108 -4.36659e-05
    outer loop
      vertex 1.30884 16.1408 13.2943
      vertex 2.11452 16.0614 0
      vertex 1.41759 16.13 13.3835
    endloop
  endfacet
  facet normal -0.0978855 -0.995198 3.82573e-06
    outer loop
      vertex 1.41759 16.13 13.3835
      vertex 2.11452 16.0614 0
      vertex 1.52028 16.1199 13.4797
    endloop
  endfacet
  facet normal -0.0973015 -0.995255 2.98201e-05
    outer loop
      vertex 1.52028 16.1199 13.4797
      vertex 2.11452 16.0614 0
      vertex 1.61646 16.1105 13.5824
    endloop
  endfacet
  facet normal -0.0981229 -0.995174 -5.91721e-07
    outer loop
      vertex 1.61646 16.1105 13.5824
      vertex 2.11452 16.0614 0
      vertex 1.70571 16.1017 13.6912
    endloop
  endfacet
  facet normal -0.0983511 -0.995152 -7.47266e-06
    outer loop
      vertex 1.70571 16.1017 13.6912
      vertex 2.11452 16.0614 0
      vertex 1.78766 16.0936 13.8055
    endloop
  endfacet
  facet normal -0.0978016 -0.995206 5.66462e-06
    outer loop
      vertex 1.78766 16.0936 13.8055
      vertex 2.11452 16.0614 0
      vertex 1.86195 16.0863 13.925
    endloop
  endfacet
  facet normal -0.0975469 -0.995231 1.03297e-05
    outer loop
      vertex 1.86195 16.0863 13.925
      vertex 2.11452 16.0614 0
      vertex 1.92828 16.0798 14.0491
    endloop
  endfacet
  facet normal -0.0993711 -0.99505 -1.40899e-05
    outer loop
      vertex 1.92828 16.0798 14.0491
      vertex 2.11452 16.0614 0
      vertex 1.98634 16.074 14.1772
    endloop
  endfacet
  facet normal -0.0964347 -0.995339 1.27159e-05
    outer loop
      vertex 1.98634 16.074 14.1772
      vertex 2.11452 16.0614 0
      vertex 2.0359 16.0692 14.3089
    endloop
  endfacet
  facet normal -0.099869 -0.995001 -6.33835e-06
    outer loop
      vertex 2.0359 16.0692 14.3089
      vertex 2.11452 16.0614 0
      vertex 2.07674 16.0651 14.4435
    endloop
  endfacet
  facet normal -0.096583 -0.995325 2.33981e-06
    outer loop
      vertex 2.07674 16.0651 14.4435
      vertex 2.11452 16.0614 0
      vertex 2.10869 16.062 14.5806
    endloop
  endfacet
  facet normal -0.102375 -0.994746 0
    outer loop
      vertex 2.10869 16.062 14.5806
      vertex 2.11452 16.0614 0
      vertex 2.11452 16.0614 14.6159
    endloop
  endfacet
  facet normal -0.999464 0.0327328 0
    outer loop
      vertex 16.1653 -1.05953 0
      vertex 16.2 0 29
      vertex 16.2 0 0
    endloop
  endfacet
  facet normal -0.999464 0.0327328 0
    outer loop
      vertex 16.2 0 29
      vertex 16.1653 -1.05953 0
      vertex 16.1653 -1.05953 29
    endloop
  endfacet
  facet normal 0.528064 -0.849204 0
    outer loop
      vertex -9.00024 13.4698 0
      vertex -8.1 14.0296 30
      vertex -9.00024 13.4698 30
    endloop
  endfacet
  facet normal 0.528064 -0.849204 0
    outer loop
      vertex -8.1 14.0296 30
      vertex -9.00024 13.4698 0
      vertex -8.1 14.0296 0
    endloop
  endfacet
  facet normal 0.973882 0.227055 0
    outer loop
      vertex -15.648 -4.19287 30
      vertex -15.8887 -3.16046 0
      vertex -15.8887 -3.16046 30
    endloop
  endfacet
  facet normal 0.973882 0.227055 0
    outer loop
      vertex -15.8887 -3.16046 0
      vertex -15.648 -4.19287 30
      vertex -15.648 -4.19287 0
    endloop
  endfacet
  facet normal 0.77302 0.634381 0
    outer loop
      vertex -12.1798 -10.6814 30
      vertex -12.8523 -9.86193 0
      vertex -12.8523 -9.86193 30
    endloop
  endfacet
  facet normal 0.77302 0.634381 0
    outer loop
      vertex -12.8523 -9.86193 0
      vertex -12.1798 -10.6814 30
      vertex -12.1798 -10.6814 0
    endloop
  endfacet
  facet normal -0.935881 -0.352317 0
    outer loop
      vertex 15.3403 5.20732 0
      vertex 14.9668 6.19947 30
      vertex 14.9668 6.19947 0
    endloop
  endfacet
  facet normal -0.935881 -0.352317 0
    outer loop
      vertex 14.9668 6.19947 30
      vertex 15.3403 5.20732 0
      vertex 15.3403 5.20732 30
    endloop
  endfacet
  facet normal 0 0 -1
    outer loop
      vertex 15.8887 -3.16046 30
      vertex 16 -2.15 30
      vertex 16.0559 -2.14817 30
    endloop
  endfacet
  facet normal 0 0 -1
    outer loop
      vertex 15.8887 -3.16046 30
      vertex 15.8594 -2.1454 30
      vertex 16 -2.15 30
    endloop
  endfacet
  facet normal 0 0 -1
    outer loop
      vertex 15.8887 -3.16046 30
      vertex 15.7194 -2.13161 30
      vertex 15.8594 -2.1454 30
    endloop
  endfacet
  facet normal 0 0 -1
    outer loop
      vertex 15.0491 -1.92828 30
      vertex 15.8887 -3.16046 30
      vertex 15.648 -4.19287 30
    endloop
  endfacet
  facet normal 0 0 -1
    outer loop
      vertex 15.8887 -3.16046 30
      vertex 15.5806 -2.10869 30
      vertex 15.7194 -2.13161 30
    endloop
  endfacet
  facet normal 0 0 -1
    outer loop
      vertex 15.8887 -3.16046 30
      vertex 15.4435 -2.07674 30
      vertex 15.5806 -2.10869 30
    endloop
  endfacet
  facet normal 0 0 -1
    outer loop
      vertex 14.5824 -1.61646 30
      vertex 15.648 -4.19287 30
      vertex 15.3403 -5.20732 30
    endloop
  endfacet
  facet normal 0 0 -1
    outer loop
      vertex 15.8887 -3.16046 30
      vertex 15.3089 -2.0359 30
      vertex 15.4435 -2.07674 30
    endloop
  endfacet
  facet normal 0 0 -1
    outer loop
      vertex 15.8887 -3.16046 30
      vertex 15.1772 -1.98634 30
      vertex 15.3089 -2.0359 30
    endloop
  endfacet
  facet normal 0 0 -1
    outer loop
      vertex 15.8887 -3.16046 30
      vertex 15.0491 -1.92828 30
      vertex 15.1772 -1.98634 30
    endloop
  endfacet
  facet normal 0 0 -1
    outer loop
      vertex 9.94277 -3.37511 30
      vertex 15.3403 -5.20732 30
      vertex 14.9668 -6.19947 30
    endloop
  endfacet
  facet normal 0 0 -1
    outer loop
      vertex 15.648 -4.19287 30
      vertex 14.925 -1.86195 30
      vertex 15.0491 -1.92828 30
    endloop
  endfacet
  facet normal 0 0 -1
    outer loop
      vertex 15.648 -4.19287 30
      vertex 14.8055 -1.78766 30
      vertex 14.925 -1.86195 30
    endloop
  endfacet
  facet normal 0 0 -1
    outer loop
      vertex 15.648 -4.19287 30
      vertex 14.6912 -1.70571 30
      vertex 14.8055 -1.78766 30
    endloop
  endfacet
  facet normal 0 -0 -1
    outer loop
      vertex 14.5824 -1.61646 30
      vertex 15.3403 -5.20732 30
      vertex 9.94277 -3.37511 30
    endloop
  endfacet
  facet normal 0 0 -1
    outer loop
      vertex 9.70073 -4.01818 30
      vertex 14.9668 -6.19947 30
      vertex 14.5293 -7.16508 30
    endloop
  endfacet
  facet normal 0 0 -1
    outer loop
      vertex 15.648 -4.19287 30
      vertex 14.5824 -1.61646 30
      vertex 14.6912 -1.70571 30
    endloop
  endfacet
  facet normal 0 -0 -1
    outer loop
      vertex 10.1422 -2.7176 30
      vertex 14.5824 -1.61646 30
      vertex 9.94277 -3.37511 30
    endloop
  endfacet
  facet normal -0 0 -1
    outer loop
      vertex 14.5824 -1.61646 30
      vertex 10.1422 -2.7176 30
      vertex 14.4797 -1.52028 30
    endloop
  endfacet
  facet normal -0 0 -1
    outer loop
      vertex 14.4797 -1.52028 30
      vertex 10.1422 -2.7176 30
      vertex 14.3835 -1.41759 30
    endloop
  endfacet
  facet normal 0 -0 -1
    outer loop
      vertex 10.2982 -2.04845 30
      vertex 14.3835 -1.41759 30
      vertex 10.1422 -2.7176 30
    endloop
  endfacet
  facet normal -0 0 -1
    outer loop
      vertex 14.3835 -1.41759 30
      vertex 10.2982 -2.04845 30
      vertex 14.2943 -1.30884 30
    endloop
  endfacet
  facet normal 0 0 -1
    outer loop
      vertex 9.41716 -4.64403 30
      vertex 14.5293 -7.16508 30
      vertex 14.0296 -8.1 30
    endloop
  endfacet
  facet normal -0 0 -1
    outer loop
      vertex 14.2943 -1.30884 30
      vertex 10.2982 -2.04845 30
      vertex 14.2123 -1.19448 30
    endloop
  endfacet
  facet normal -0 0 -1
    outer loop
      vertex 14.2123 -1.19448 30
      vertex 10.2982 -2.04845 30
      vertex 14.138 -1.075 30
    endloop
  endfacet
  facet normal 0 -0 -1
    outer loop
      vertex 10.4102 -1.37052 30
      vertex 14.138 -1.075 30
      vertex 10.2982 -2.04845 30
    endloop
  endfacet
  facet normal -0 0 -1
    outer loop
      vertex 14.138 -1.075 30
      vertex 10.4102 -1.37052 30
      vertex 14.0717 -0.95092 30
    endloop
  endfacet
  facet normal -0 0 -1
    outer loop
      vertex 14.0717 -0.95092 30
      vertex 10.4102 -1.37052 30
      vertex 14.0137 -0.822769 30
    endloop
  endfacet
  facet normal 0 -0 -1
    outer loop
      vertex 10.4775 -0.686732 30
      vertex 13.9641 -0.691094 30
      vertex 10.4102 -1.37052 30
    endloop
  endfacet
  facet normal 0 0 -1
    outer loop
      vertex 13.9641 -0.691094 30
      vertex 10.4775 -0.686732 30
      vertex 13.9233 -0.55646 30
    endloop
  endfacet
  facet normal 0 0 -1
    outer loop
      vertex 9.09327 -5.25 30
      vertex 14.0296 -8.1 30
      vertex 13.4698 -9.00024 30
    endloop
  endfacet
  facet normal 0 0 -1
    outer loop
      vertex 16 2.15 30
      vertex 15.8887 3.16046 30
      vertex 16.0559 2.14817 30
    endloop
  endfacet
  facet normal 0 0 -1
    outer loop
      vertex 15.8594 2.1454 30
      vertex 15.8887 3.16046 30
      vertex 16 2.15 30
    endloop
  endfacet
  facet normal 0 0 -1
    outer loop
      vertex 15.7194 2.13161 30
      vertex 15.8887 3.16046 30
      vertex 15.8594 2.1454 30
    endloop
  endfacet
  facet normal 0 0 -1
    outer loop
      vertex 15.5806 2.10869 30
      vertex 15.8887 3.16046 30
      vertex 15.7194 2.13161 30
    endloop
  endfacet
  facet normal 0 0 -1
    outer loop
      vertex 15.4435 2.07674 30
      vertex 15.8887 3.16046 30
      vertex 15.5806 2.10869 30
    endloop
  endfacet
  facet normal 0 0 -1
    outer loop
      vertex 15.3089 2.0359 30
      vertex 15.8887 3.16046 30
      vertex 15.4435 2.07674 30
    endloop
  endfacet
  facet normal 0 0 -1
    outer loop
      vertex 15.1772 1.98634 30
      vertex 15.8887 3.16046 30
      vertex 15.3089 2.0359 30
    endloop
  endfacet
  facet normal 0 0 -1
    outer loop
      vertex 15.0491 1.92828 30
      vertex 15.8887 3.16046 30
      vertex 15.1772 1.98634 30
    endloop
  endfacet
  facet normal -0 0 -1
    outer loop
      vertex 15.8887 3.16046 30
      vertex 15.0491 1.92828 30
      vertex 15.648 4.19287 30
    endloop
  endfacet
  facet normal 0 0 -1
    outer loop
      vertex 14.925 1.86195 30
      vertex 15.648 4.19287 30
      vertex 15.0491 1.92828 30
    endloop
  endfacet
  facet normal 0 0 -1
    outer loop
      vertex 14.8055 1.78766 30
      vertex 15.648 4.19287 30
      vertex 14.925 1.86195 30
    endloop
  endfacet
  facet normal 0 0 -1
    outer loop
      vertex 14.6912 1.70571 30
      vertex 15.648 4.19287 30
      vertex 14.8055 1.78766 30
    endloop
  endfacet
  facet normal 0 0 -1
    outer loop
      vertex 14.5824 1.61646 30
      vertex 15.648 4.19287 30
      vertex 14.6912 1.70571 30
    endloop
  endfacet
  facet normal -0 0 -1
    outer loop
      vertex 15.648 4.19287 30
      vertex 14.5824 1.61646 30
      vertex 15.3403 5.20732 30
    endloop
  endfacet
  facet normal 0 0 -1
    outer loop
      vertex 15.3403 5.20732 30
      vertex 14.5824 1.61646 30
      vertex 9.94277 3.37511 30
    endloop
  endfacet
  facet normal -0 0 -1
    outer loop
      vertex 15.3403 5.20732 30
      vertex 9.94277 3.37511 30
      vertex 14.9668 6.19947 30
    endloop
  endfacet
  facet normal 0 0 -1
    outer loop
      vertex 10.1422 2.7176 30
      vertex 14.5824 1.61646 30
      vertex 14.4797 1.52028 30
    endloop
  endfacet
  facet normal 0 0 -1
    outer loop
      vertex 10.1422 2.7176 30
      vertex 14.4797 1.52028 30
      vertex 14.3835 1.41759 30
    endloop
  endfacet
  facet normal 0 0 -1
    outer loop
      vertex 10.2982 2.04845 30
      vertex 14.3835 1.41759 30
      vertex 14.2943 1.30884 30
    endloop
  endfacet
  facet normal 0 0 -1
    outer loop
      vertex 10.2982 2.04845 30
      vertex 14.2943 1.30884 30
      vertex 14.2123 1.19448 30
    endloop
  endfacet
  facet normal 0 0 -1
    outer loop
      vertex 10.2982 2.04845 30
      vertex 14.2123 1.19448 30
      vertex 14.138 1.075 30
    endloop
  endfacet
  facet normal 0 0 -1
    outer loop
      vertex 10.4102 1.37052 30
      vertex 14.138 1.075 30
      vertex 14.0717 0.95092 30
    endloop
  endfacet
  facet normal 0 0 -1
    outer loop
      vertex 9.70073 4.01818 30
      vertex 14.9668 6.19947 30
      vertex 9.94277 3.37511 30
    endloop
  endfacet
  facet normal 0 0 -1
    outer loop
      vertex 10.4102 1.37052 30
      vertex 14.0717 0.95092 30
      vertex 14.0137 0.822769 30
    endloop
  endfacet
  facet normal 0 0 -1
    outer loop
      vertex 10.4102 1.37052 30
      vertex 14.0137 0.822769 30
      vertex 13.9641 0.691094 30
    endloop
  endfacet
  facet normal 0 0 -1
    outer loop
      vertex 10.4775 0.686732 30
      vertex 13.9641 0.691094 30
      vertex 13.9233 0.55646 30
    endloop
  endfacet
  facet normal 0 0 -1
    outer loop
      vertex 10.4775 0.686732 30
      vertex 13.9233 0.55646 30
      vertex 13.8913 0.419444 30
    endloop
  endfacet
  facet normal 0 0 -1
    outer loop
      vertex 10.4775 0.686732 30
      vertex 13.8913 0.419444 30
      vertex 13.8684 0.280631 30
    endloop
  endfacet
  facet normal 0 0 -1
    outer loop
      vertex 10.5 0 30
      vertex 13.8684 0.280631 30
      vertex 13.8546 0.140616 30
    endloop
  endfacet
  facet normal 0 0 -1
    outer loop
      vertex 10.5 0 30
      vertex 13.8546 0.140616 30
      vertex 13.85 0 30
    endloop
  endfacet
  facet normal -0 0 -1
    outer loop
      vertex 14.0137 -0.822769 30
      vertex 10.4102 -1.37052 30
      vertex 13.9641 -0.691094 30
    endloop
  endfacet
  facet normal -0 0 -1
    outer loop
      vertex 13.8684 0.280631 30
      vertex 10.5 0 30
      vertex 10.4775 0.686732 30
    endloop
  endfacet
  facet normal 0 0 -1
    outer loop
      vertex 8.73043 -5.83349 30
      vertex 13.4698 -9.00024 30
      vertex 12.8523 -9.86193 30
    endloop
  endfacet
  facet normal -0 0 -1
    outer loop
      vertex 13.9641 0.691094 30
      vertex 10.4775 0.686732 30
      vertex 10.4102 1.37052 30
    endloop
  endfacet
  facet normal 0 0 -1
    outer loop
      vertex 8.33021 -6.39199 30
      vertex 12.8523 -9.86193 30
      vertex 12.1798 -10.6814 30
    endloop
  endfacet
  facet normal 0 0 -1
    outer loop
      vertex 14.138 1.075 30
      vertex 10.4102 1.37052 30
      vertex 10.2982 2.04845 30
    endloop
  endfacet
  facet normal 0 0 -1
    outer loop
      vertex 7.89432 -6.92313 30
      vertex 12.1798 -10.6814 30
      vertex 11.4551 -11.4551 30
    endloop
  endfacet
  facet normal 0 0 -1
    outer loop
      vertex 14.3835 1.41759 30
      vertex 10.2982 2.04845 30
      vertex 10.1422 2.7176 30
    endloop
  endfacet
  facet normal 0 0 -1
    outer loop
      vertex 7.42462 -7.42462 30
      vertex 11.4551 -11.4551 30
      vertex 10.6814 -12.1798 30
    endloop
  endfacet
  facet normal 0 0 -1
    outer loop
      vertex 14.5824 1.61646 30
      vertex 10.1422 2.7176 30
      vertex 9.94277 3.37511 30
    endloop
  endfacet
  facet normal -0 0 -1
    outer loop
      vertex 14.9668 6.19947 30
      vertex 9.70073 4.01818 30
      vertex 14.5293 7.16508 30
    endloop
  endfacet
  facet normal 0 0 -1
    outer loop
      vertex 13.8546 -0.140616 30
      vertex 10.5 0 30
      vertex 13.85 0 30
    endloop
  endfacet
  facet normal 0 0 -1
    outer loop
      vertex 13.8684 -0.280631 30
      vertex 10.5 0 30
      vertex 13.8546 -0.140616 30
    endloop
  endfacet
  facet normal 0 -0 -1
    outer loop
      vertex 10.5 0 30
      vertex 13.8684 -0.280631 30
      vertex 10.4775 -0.686732 30
    endloop
  endfacet
  facet normal -0 0 -1
    outer loop
      vertex 13.8913 -0.419444 30
      vertex 10.4775 -0.686732 30
      vertex 13.8684 -0.280631 30
    endloop
  endfacet
  facet normal -0 0 -1
    outer loop
      vertex 13.9233 -0.55646 30
      vertex 10.4775 -0.686732 30
      vertex 13.8913 -0.419444 30
    endloop
  endfacet
  facet normal 0 0 -1
    outer loop
      vertex 6.92313 -7.89432 30
      vertex 10.6814 -12.1798 30
      vertex 9.86193 -12.8523 30
    endloop
  endfacet
  facet normal 0 0 -1
    outer loop
      vertex 14.9668 -6.19947 30
      vertex 9.70073 -4.01818 30
      vertex 9.94277 -3.37511 30
    endloop
  endfacet
  facet normal 0 0 -1
    outer loop
      vertex 14.5293 -7.16508 30
      vertex 9.41716 -4.64403 30
      vertex 9.70073 -4.01818 30
    endloop
  endfacet
  facet normal 0 0 -1
    outer loop
      vertex 14.0296 -8.1 30
      vertex 9.09327 -5.25 30
      vertex 9.41716 -4.64403 30
    endloop
  endfacet
  facet normal 0 0 -1
    outer loop
      vertex 6.39199 -8.33021 30
      vertex 9.86193 -12.8523 30
      vertex 9.00024 -13.4698 30
    endloop
  endfacet
  facet normal 0 0 -1
    outer loop
      vertex 13.4698 -9.00024 30
      vertex 8.73043 -5.83349 30
      vertex 9.09327 -5.25 30
    endloop
  endfacet
  facet normal 0 0 -1
    outer loop
      vertex 12.8523 -9.86193 30
      vertex 8.33021 -6.39199 30
      vertex 8.73043 -5.83349 30
    endloop
  endfacet
  facet normal 0 0 -1
    outer loop
      vertex 5.83349 -8.73043 30
      vertex 9.00024 -13.4698 30
      vertex 8.1 -14.0296 30
    endloop
  endfacet
  facet normal 0 0 -1
    outer loop
      vertex 12.1798 -10.6814 30
      vertex 7.89432 -6.92313 30
      vertex 8.33021 -6.39199 30
    endloop
  endfacet
  facet normal 0 0 -1
    outer loop
      vertex 11.4551 -11.4551 30
      vertex 7.42462 -7.42462 30
      vertex 7.89432 -6.92313 30
    endloop
  endfacet
  facet normal 0 0 -1
    outer loop
      vertex 5.25 -9.09327 30
      vertex 8.1 -14.0296 30
      vertex 7.16508 -14.5293 30
    endloop
  endfacet
  facet normal 0 0 -1
    outer loop
      vertex 10.6814 -12.1798 30
      vertex 6.92313 -7.89432 30
      vertex 7.42462 -7.42462 30
    endloop
  endfacet
  facet normal 0 0 -1
    outer loop
      vertex 9.86193 -12.8523 30
      vertex 6.39199 -8.33021 30
      vertex 6.92313 -7.89432 30
    endloop
  endfacet
  facet normal 0 0 -1
    outer loop
      vertex 4.64403 -9.41716 30
      vertex 7.16508 -14.5293 30
      vertex 6.19947 -14.9668 30
    endloop
  endfacet
  facet normal 0 0 -1
    outer loop
      vertex 9.00024 -13.4698 30
      vertex 5.83349 -8.73043 30
      vertex 6.39199 -8.33021 30
    endloop
  endfacet
  facet normal 0 0 -1
    outer loop
      vertex 8.1 -14.0296 30
      vertex 5.25 -9.09327 30
      vertex 5.83349 -8.73043 30
    endloop
  endfacet
  facet normal 0 0 -1
    outer loop
      vertex 4.01818 -9.70073 30
      vertex 6.19947 -14.9668 30
      vertex 5.20732 -15.3403 30
    endloop
  endfacet
  facet normal 0 0 -1
    outer loop
      vertex 7.16508 -14.5293 30
      vertex 4.64403 -9.41716 30
      vertex 5.25 -9.09327 30
    endloop
  endfacet
  facet normal 0 0 -1
    outer loop
      vertex 3.37511 -9.94277 30
      vertex 5.20732 -15.3403 30
      vertex 4.19287 -15.648 30
    endloop
  endfacet
  facet normal 0 0 -1
    outer loop
      vertex 6.19947 -14.9668 30
      vertex 4.01818 -9.70073 30
      vertex 4.64403 -9.41716 30
    endloop
  endfacet
  facet normal 0 0 -1
    outer loop
      vertex 5.20732 -15.3403 30
      vertex 3.37511 -9.94277 30
      vertex 4.01818 -9.70073 30
    endloop
  endfacet
  facet normal 0 0 -1
    outer loop
      vertex 2.7176 -10.1422 30
      vertex 4.19287 -15.648 30
      vertex 3.16046 -15.8887 30
    endloop
  endfacet
  facet normal 0 0 -1
    outer loop
      vertex 4.19287 -15.648 30
      vertex 2.7176 -10.1422 30
      vertex 3.37511 -9.94277 30
    endloop
  endfacet
  facet normal 0 0 -1
    outer loop
      vertex 2.04845 -10.2982 30
      vertex 3.16046 -15.8887 30
      vertex 2.11452 -16.0614 30
    endloop
  endfacet
  facet normal 0 0 -1
    outer loop
      vertex 3.16046 -15.8887 30
      vertex 2.04845 -10.2982 30
      vertex 2.7176 -10.1422 30
    endloop
  endfacet
  facet normal 0 0 -1
    outer loop
      vertex 2.11452 -16.0614 30
      vertex 1.37052 -10.4102 30
      vertex 2.04845 -10.2982 30
    endloop
  endfacet
  facet normal 0 0 -1
    outer loop
      vertex 1.05953 -16.1653 30
      vertex 1.37052 -10.4102 30
      vertex 2.11452 -16.0614 30
    endloop
  endfacet
  facet normal 0 0 -1
    outer loop
      vertex 1.05953 -16.1653 30
      vertex 0.686732 -10.4775 30
      vertex 1.37052 -10.4102 30
    endloop
  endfacet
  facet normal 0 0 -1
    outer loop
      vertex 0 -16.2 30
      vertex 0.686732 -10.4775 30
      vertex 1.05953 -16.1653 30
    endloop
  endfacet
  facet normal 0 0 -1
    outer loop
      vertex 0 -16.2 30
      vertex 0 -10.5 30
      vertex 0.686732 -10.4775 30
    endloop
  endfacet
  facet normal 0 0 -1
    outer loop
      vertex 0 -16.2 30
      vertex -0.686732 -10.4775 30
      vertex 0 -10.5 30
    endloop
  endfacet
  facet normal 0 0 -1
    outer loop
      vertex -1.05953 -16.1653 30
      vertex -0.686732 -10.4775 30
      vertex 0 -16.2 30
    endloop
  endfacet
  facet normal 0 0 -1
    outer loop
      vertex -1.05953 -16.1653 30
      vertex -1.37052 -10.4102 30
      vertex -0.686732 -10.4775 30
    endloop
  endfacet
  facet normal 0 0 -1
    outer loop
      vertex -2.11452 -16.0614 30
      vertex -1.37052 -10.4102 30
      vertex -1.05953 -16.1653 30
    endloop
  endfacet
  facet normal -0 0 -1
    outer loop
      vertex -1.37052 -10.4102 30
      vertex -2.11452 -16.0614 30
      vertex -2.04845 -10.2982 30
    endloop
  endfacet
  facet normal 0 0 -1
    outer loop
      vertex -3.16046 -15.8887 30
      vertex -2.04845 -10.2982 30
      vertex -2.11452 -16.0614 30
    endloop
  endfacet
  facet normal -0 0 -1
    outer loop
      vertex -2.04845 -10.2982 30
      vertex -3.16046 -15.8887 30
      vertex -2.7176 -10.1422 30
    endloop
  endfacet
  facet normal 0 0 -1
    outer loop
      vertex -4.19287 -15.648 30
      vertex -2.7176 -10.1422 30
      vertex -3.16046 -15.8887 30
    endloop
  endfacet
  facet normal -0 0 -1
    outer loop
      vertex -2.7176 -10.1422 30
      vertex -4.19287 -15.648 30
      vertex -3.37511 -9.94277 30
    endloop
  endfacet
  facet normal 0 0 -1
    outer loop
      vertex -5.20732 -15.3403 30
      vertex -3.37511 -9.94277 30
      vertex -4.19287 -15.648 30
    endloop
  endfacet
  facet normal -0 0 -1
    outer loop
      vertex -3.37511 -9.94277 30
      vertex -5.20732 -15.3403 30
      vertex -4.01818 -9.70073 30
    endloop
  endfacet
  facet normal 0 0 -1
    outer loop
      vertex -6.19947 -14.9668 30
      vertex -4.01818 -9.70073 30
      vertex -5.20732 -15.3403 30
    endloop
  endfacet
  facet normal -0 0 -1
    outer loop
      vertex -4.01818 -9.70073 30
      vertex -6.19947 -14.9668 30
      vertex -4.64403 -9.41716 30
    endloop
  endfacet
  facet normal 0 0 -1
    outer loop
      vertex -7.16508 -14.5293 30
      vertex -4.64403 -9.41716 30
      vertex -6.19947 -14.9668 30
    endloop
  endfacet
  facet normal -0 0 -1
    outer loop
      vertex -4.64403 -9.41716 30
      vertex -7.16508 -14.5293 30
      vertex -5.25 -9.09327 30
    endloop
  endfacet
  facet normal 0 0 -1
    outer loop
      vertex -8.1 -14.0296 30
      vertex -5.25 -9.09327 30
      vertex -7.16508 -14.5293 30
    endloop
  endfacet
  facet normal -0 0 -1
    outer loop
      vertex -5.25 -9.09327 30
      vertex -8.1 -14.0296 30
      vertex -5.83349 -8.73043 30
    endloop
  endfacet
  facet normal 0 0 -1
    outer loop
      vertex -9.00024 -13.4698 30
      vertex -5.83349 -8.73043 30
      vertex -8.1 -14.0296 30
    endloop
  endfacet
  facet normal -0 0 -1
    outer loop
      vertex -5.83349 -8.73043 30
      vertex -9.00024 -13.4698 30
      vertex -6.39199 -8.33021 30
    endloop
  endfacet
  facet normal 0 0 -1
    outer loop
      vertex -9.86193 -12.8523 30
      vertex -6.39199 -8.33021 30
      vertex -9.00024 -13.4698 30
    endloop
  endfacet
  facet normal -0 0 -1
    outer loop
      vertex -6.39199 -8.33021 30
      vertex -9.86193 -12.8523 30
      vertex -6.92313 -7.89432 30
    endloop
  endfacet
  facet normal 0 0 -1
    outer loop
      vertex -10.6814 -12.1798 30
      vertex -6.92313 -7.89432 30
      vertex -9.86193 -12.8523 30
    endloop
  endfacet
  facet normal -0 0 -1
    outer loop
      vertex -6.92313 -7.89432 30
      vertex -10.6814 -12.1798 30
      vertex -7.42462 -7.42462 30
    endloop
  endfacet
  facet normal 0 0 -1
    outer loop
      vertex -11.4551 -11.4551 30
      vertex -7.42462 -7.42462 30
      vertex -10.6814 -12.1798 30
    endloop
  endfacet
  facet normal -0 0 -1
    outer loop
      vertex -7.42462 -7.42462 30
      vertex -11.4551 -11.4551 30
      vertex -7.89432 -6.92313 30
    endloop
  endfacet
  facet normal 0 0 -1
    outer loop
      vertex -12.1798 -10.6814 30
      vertex -7.89432 -6.92313 30
      vertex -11.4551 -11.4551 30
    endloop
  endfacet
  facet normal -0 0 -1
    outer loop
      vertex -7.89432 -6.92313 30
      vertex -12.1798 -10.6814 30
      vertex -8.33021 -6.39199 30
    endloop
  endfacet
  facet normal 0 0 -1
    outer loop
      vertex -12.8523 -9.86193 30
      vertex -8.33021 -6.39199 30
      vertex -12.1798 -10.6814 30
    endloop
  endfacet
  facet normal -0 0 -1
    outer loop
      vertex -8.33021 -6.39199 30
      vertex -12.8523 -9.86193 30
      vertex -8.73043 -5.83349 30
    endloop
  endfacet
  facet normal 0 0 -1
    outer loop
      vertex -13.4698 -9.00024 30
      vertex -8.73043 -5.83349 30
      vertex -12.8523 -9.86193 30
    endloop
  endfacet
  facet normal -0 0 -1
    outer loop
      vertex -8.73043 -5.83349 30
      vertex -13.4698 -9.00024 30
      vertex -9.09327 -5.25 30
    endloop
  endfacet
  facet normal 0 0 -1
    outer loop
      vertex -14.0296 -8.1 30
      vertex -9.09327 -5.25 30
      vertex -13.4698 -9.00024 30
    endloop
  endfacet
  facet normal -0 0 -1
    outer loop
      vertex -9.09327 -5.25 30
      vertex -14.0296 -8.1 30
      vertex -9.41716 -4.64403 30
    endloop
  endfacet
  facet normal -0 0 -1
    outer loop
      vertex -9.41716 -4.64403 30
      vertex -14.5293 -7.16508 30
      vertex -9.70073 -4.01818 30
    endloop
  endfacet
  facet normal 0 0 -1
    outer loop
      vertex -14.5293 -7.16508 30
      vertex -9.41716 -4.64403 30
      vertex -14.0296 -8.1 30
    endloop
  endfacet
  facet normal 0 0 -1
    outer loop
      vertex -10.4775 0.686732 30
      vertex -13.9641 0.691094 30
      vertex -10.4102 1.37052 30
    endloop
  endfacet
  facet normal 0 0 -1
    outer loop
      vertex -14.0137 0.822769 30
      vertex -10.4102 1.37052 30
      vertex -13.9641 0.691094 30
    endloop
  endfacet
  facet normal 0 0 -1
    outer loop
      vertex -14.0717 0.95092 30
      vertex -10.4102 1.37052 30
      vertex -14.0137 0.822769 30
    endloop
  endfacet
  facet normal 0 0 -1
    outer loop
      vertex -14.138 1.075 30
      vertex -10.4102 1.37052 30
      vertex -14.0717 0.95092 30
    endloop
  endfacet
  facet normal -0 0 -1
    outer loop
      vertex -10.4102 1.37052 30
      vertex -14.138 1.075 30
      vertex -10.2982 2.04845 30
    endloop
  endfacet
  facet normal 0 0 -1
    outer loop
      vertex -14.2123 1.19448 30
      vertex -10.2982 2.04845 30
      vertex -14.138 1.075 30
    endloop
  endfacet
  facet normal 0 0 -1
    outer loop
      vertex -14.2943 1.30884 30
      vertex -10.2982 2.04845 30
      vertex -14.2123 1.19448 30
    endloop
  endfacet
  facet normal 0 0 -1
    outer loop
      vertex -9.94277 3.37511 30
      vertex -14.0296 8.1 30
      vertex -13.4698 9.00024 30
    endloop
  endfacet
  facet normal 0 0 -1
    outer loop
      vertex -14.3835 1.41759 30
      vertex -10.2982 2.04845 30
      vertex -14.2943 1.30884 30
    endloop
  endfacet
  facet normal -0 0 -1
    outer loop
      vertex -10.2982 2.04845 30
      vertex -14.3835 1.41759 30
      vertex -10.1422 2.7176 30
    endloop
  endfacet
  facet normal 0 0 -1
    outer loop
      vertex -14.4797 1.52028 30
      vertex -10.1422 2.7176 30
      vertex -14.3835 1.41759 30
    endloop
  endfacet
  facet normal 0 0 -1
    outer loop
      vertex -14.5824 1.61646 30
      vertex -10.1422 2.7176 30
      vertex -14.4797 1.52028 30
    endloop
  endfacet
  facet normal -0 0 -1
    outer loop
      vertex -10.1422 2.7176 30
      vertex -14.5824 1.61646 30
      vertex -9.94277 3.37511 30
    endloop
  endfacet
  facet normal 0 0 -1
    outer loop
      vertex -9.94277 3.37511 30
      vertex -14.5293 7.16508 30
      vertex -14.0296 8.1 30
    endloop
  endfacet
  facet normal -0 0 -1
    outer loop
      vertex -9.94277 3.37511 30
      vertex -14.5824 1.61646 30
      vertex -15.3403 5.20732 30
    endloop
  endfacet
  facet normal 0 0 -1
    outer loop
      vertex -15.648 4.19287 30
      vertex -14.5824 1.61646 30
      vertex -14.6912 1.70571 30
    endloop
  endfacet
  facet normal 0 0 -1
    outer loop
      vertex -15.648 4.19287 30
      vertex -14.6912 1.70571 30
      vertex -14.8055 1.78766 30
    endloop
  endfacet
  facet normal 0 0 -1
    outer loop
      vertex -15.648 4.19287 30
      vertex -14.8055 1.78766 30
      vertex -14.925 1.86195 30
    endloop
  endfacet
  facet normal 0 0 -1
    outer loop
      vertex -9.94277 3.37511 30
      vertex -14.9668 6.19947 30
      vertex -14.5293 7.16508 30
    endloop
  endfacet
  facet normal 0 0 -1
    outer loop
      vertex -15.648 4.19287 30
      vertex -14.925 1.86195 30
      vertex -15.0491 1.92828 30
    endloop
  endfacet
  facet normal 0 0 -1
    outer loop
      vertex -15.8887 3.16046 30
      vertex -15.0491 1.92828 30
      vertex -15.1772 1.98634 30
    endloop
  endfacet
  facet normal 0 0 -1
    outer loop
      vertex -15.8887 3.16046 30
      vertex -15.1772 1.98634 30
      vertex -15.3089 2.0359 30
    endloop
  endfacet
  facet normal 0 0 -1
    outer loop
      vertex -9.94277 3.37511 30
      vertex -15.3403 5.20732 30
      vertex -14.9668 6.19947 30
    endloop
  endfacet
  facet normal 0 0 -1
    outer loop
      vertex -15.8887 3.16046 30
      vertex -15.3089 2.0359 30
      vertex -15.4435 2.07674 30
    endloop
  endfacet
  facet normal 0 0 -1
    outer loop
      vertex -15.8887 3.16046 30
      vertex -15.4435 2.07674 30
      vertex -15.5806 2.10869 30
    endloop
  endfacet
  facet normal 0 0 -1
    outer loop
      vertex -14.5824 1.61646 30
      vertex -15.648 4.19287 30
      vertex -15.3403 5.20732 30
    endloop
  endfacet
  facet normal 0 0 -1
    outer loop
      vertex -15.8887 3.16046 30
      vertex -15.5806 2.10869 30
      vertex -15.7194 2.13161 30
    endloop
  endfacet
  facet normal 0 0 -1
    outer loop
      vertex -15.8887 3.16046 30
      vertex -15.7194 2.13161 30
      vertex -15.8594 2.1454 30
    endloop
  endfacet
  facet normal 0 0 -1
    outer loop
      vertex -15.0491 1.92828 30
      vertex -15.8887 3.16046 30
      vertex -15.648 4.19287 30
    endloop
  endfacet
  facet normal 0 0 -1
    outer loop
      vertex -16 2.15 30
      vertex -15.8887 3.16046 30
      vertex -15.8594 2.1454 30
    endloop
  endfacet
  facet normal 0 0 -1
    outer loop
      vertex -15.8887 3.16046 30
      vertex -16 2.15 30
      vertex -16.0559 2.14817 30
    endloop
  endfacet
  facet normal 0 0 -1
    outer loop
      vertex 9.41716 4.64403 30
      vertex 14.5293 7.16508 30
      vertex 9.70073 4.01818 30
    endloop
  endfacet
  facet normal -0 0 -1
    outer loop
      vertex 14.5293 7.16508 30
      vertex 9.41716 4.64403 30
      vertex 14.0296 8.1 30
    endloop
  endfacet
  facet normal 0 0 -1
    outer loop
      vertex 9.09327 5.25 30
      vertex 14.0296 8.1 30
      vertex 9.41716 4.64403 30
    endloop
  endfacet
  facet normal -0 0 -1
    outer loop
      vertex 14.0296 8.1 30
      vertex 9.09327 5.25 30
      vertex 13.4698 9.00024 30
    endloop
  endfacet
  facet normal 0 0 -1
    outer loop
      vertex 8.73043 5.83349 30
      vertex 13.4698 9.00024 30
      vertex 9.09327 5.25 30
    endloop
  endfacet
  facet normal -0 0 -1
    outer loop
      vertex 13.4698 9.00024 30
      vertex 8.73043 5.83349 30
      vertex 12.8523 9.86193 30
    endloop
  endfacet
  facet normal 0 0 -1
    outer loop
      vertex 8.33021 6.39199 30
      vertex 12.8523 9.86193 30
      vertex 8.73043 5.83349 30
    endloop
  endfacet
  facet normal -0 0 -1
    outer loop
      vertex 12.8523 9.86193 30
      vertex 8.33021 6.39199 30
      vertex 12.1798 10.6814 30
    endloop
  endfacet
  facet normal 0 0 -1
    outer loop
      vertex 7.89432 6.92313 30
      vertex 12.1798 10.6814 30
      vertex 8.33021 6.39199 30
    endloop
  endfacet
  facet normal -0 0 -1
    outer loop
      vertex 12.1798 10.6814 30
      vertex 7.89432 6.92313 30
      vertex 11.4551 11.4551 30
    endloop
  endfacet
  facet normal 0 0 -1
    outer loop
      vertex 7.42462 7.42462 30
      vertex 11.4551 11.4551 30
      vertex 7.89432 6.92313 30
    endloop
  endfacet
  facet normal -0 0 -1
    outer loop
      vertex 11.4551 11.4551 30
      vertex 7.42462 7.42462 30
      vertex 10.6814 12.1798 30
    endloop
  endfacet
  facet normal 0 0 -1
    outer loop
      vertex 6.92313 7.89432 30
      vertex 10.6814 12.1798 30
      vertex 7.42462 7.42462 30
    endloop
  endfacet
  facet normal -0 0 -1
    outer loop
      vertex 10.6814 12.1798 30
      vertex 6.92313 7.89432 30
      vertex 9.86193 12.8523 30
    endloop
  endfacet
  facet normal 0 0 -1
    outer loop
      vertex 6.39199 8.33021 30
      vertex 9.86193 12.8523 30
      vertex 6.92313 7.89432 30
    endloop
  endfacet
  facet normal -0 0 -1
    outer loop
      vertex 9.86193 12.8523 30
      vertex 6.39199 8.33021 30
      vertex 9.00024 13.4698 30
    endloop
  endfacet
  facet normal 0 0 -1
    outer loop
      vertex 5.83349 8.73043 30
      vertex 9.00024 13.4698 30
      vertex 6.39199 8.33021 30
    endloop
  endfacet
  facet normal -0 0 -1
    outer loop
      vertex 9.00024 13.4698 30
      vertex 5.83349 8.73043 30
      vertex 8.1 14.0296 30
    endloop
  endfacet
  facet normal 0 0 -1
    outer loop
      vertex 5.25 9.09327 30
      vertex 8.1 14.0296 30
      vertex 5.83349 8.73043 30
    endloop
  endfacet
  facet normal -0 0 -1
    outer loop
      vertex 8.1 14.0296 30
      vertex 5.25 9.09327 30
      vertex 7.16508 14.5293 30
    endloop
  endfacet
  facet normal 0 0 -1
    outer loop
      vertex 4.64403 9.41716 30
      vertex 7.16508 14.5293 30
      vertex 5.25 9.09327 30
    endloop
  endfacet
  facet normal -0 0 -1
    outer loop
      vertex 7.16508 14.5293 30
      vertex 4.64403 9.41716 30
      vertex 6.19947 14.9668 30
    endloop
  endfacet
  facet normal 0 0 -1
    outer loop
      vertex 4.01818 9.70073 30
      vertex 6.19947 14.9668 30
      vertex 4.64403 9.41716 30
    endloop
  endfacet
  facet normal -0 0 -1
    outer loop
      vertex 6.19947 14.9668 30
      vertex 4.01818 9.70073 30
      vertex 5.20732 15.3403 30
    endloop
  endfacet
  facet normal 0 0 -1
    outer loop
      vertex 3.37511 9.94277 30
      vertex 5.20732 15.3403 30
      vertex 4.01818 9.70073 30
    endloop
  endfacet
  facet normal -0 0 -1
    outer loop
      vertex 5.20732 15.3403 30
      vertex 3.37511 9.94277 30
      vertex 4.19287 15.648 30
    endloop
  endfacet
  facet normal 0 0 -1
    outer loop
      vertex 2.7176 10.1422 30
      vertex 4.19287 15.648 30
      vertex 3.37511 9.94277 30
    endloop
  endfacet
  facet normal -0 0 -1
    outer loop
      vertex 4.19287 15.648 30
      vertex 2.7176 10.1422 30
      vertex 3.16046 15.8887 30
    endloop
  endfacet
  facet normal 0 0 -1
    outer loop
      vertex 2.04845 10.2982 30
      vertex 3.16046 15.8887 30
      vertex 2.7176 10.1422 30
    endloop
  endfacet
  facet normal -0 0 -1
    outer loop
      vertex 3.16046 15.8887 30
      vertex 2.04845 10.2982 30
      vertex 2.11452 16.0614 30
    endloop
  endfacet
  facet normal 0 0 -1
    outer loop
      vertex 1.37052 10.4102 30
      vertex 2.11452 16.0614 30
      vertex 2.04845 10.2982 30
    endloop
  endfacet
  facet normal 0 0 -1
    outer loop
      vertex 1.37052 10.4102 30
      vertex 1.05953 16.1653 30
      vertex 2.11452 16.0614 30
    endloop
  endfacet
  facet normal 0 0 -1
    outer loop
      vertex 0.686732 10.4775 30
      vertex 1.05953 16.1653 30
      vertex 1.37052 10.4102 30
    endloop
  endfacet
  facet normal 0 0 -1
    outer loop
      vertex 0 10.5 30
      vertex 1.05953 16.1653 30
      vertex 0.686732 10.4775 30
    endloop
  endfacet
  facet normal 0 0 -1
    outer loop
      vertex 0 10.5 30
      vertex 0 16.2 30
      vertex 1.05953 16.1653 30
    endloop
  endfacet
  facet normal 0 0 -1
    outer loop
      vertex -0.686732 10.4775 30
      vertex 0 16.2 30
      vertex 0 10.5 30
    endloop
  endfacet
  facet normal 0 0 -1
    outer loop
      vertex -0.686732 10.4775 30
      vertex -1.05953 16.1653 30
      vertex 0 16.2 30
    endloop
  endfacet
  facet normal 0 0 -1
    outer loop
      vertex -1.37052 10.4102 30
      vertex -1.05953 16.1653 30
      vertex -0.686732 10.4775 30
    endloop
  endfacet
  facet normal 0 0 -1
    outer loop
      vertex -2.11452 16.0614 30
      vertex -1.37052 10.4102 30
      vertex -2.04845 10.2982 30
    endloop
  endfacet
  facet normal 0 0 -1
    outer loop
      vertex -1.37052 10.4102 30
      vertex -2.11452 16.0614 30
      vertex -1.05953 16.1653 30
    endloop
  endfacet
  facet normal 0 0 -1
    outer loop
      vertex -3.16046 15.8887 30
      vertex -2.04845 10.2982 30
      vertex -2.7176 10.1422 30
    endloop
  endfacet
  facet normal 0 0 -1
    outer loop
      vertex -2.04845 10.2982 30
      vertex -3.16046 15.8887 30
      vertex -2.11452 16.0614 30
    endloop
  endfacet
  facet normal 0 0 -1
    outer loop
      vertex -4.19287 15.648 30
      vertex -2.7176 10.1422 30
      vertex -3.37511 9.94277 30
    endloop
  endfacet
  facet normal 0 0 -1
    outer loop
      vertex -5.20732 15.3403 30
      vertex -3.37511 9.94277 30
      vertex -4.01818 9.70073 30
    endloop
  endfacet
  facet normal 0 0 -1
    outer loop
      vertex -2.7176 10.1422 30
      vertex -4.19287 15.648 30
      vertex -3.16046 15.8887 30
    endloop
  endfacet
  facet normal 0 0 -1
    outer loop
      vertex -6.19947 14.9668 30
      vertex -4.01818 9.70073 30
      vertex -4.64403 9.41716 30
    endloop
  endfacet
  facet normal 0 0 -1
    outer loop
      vertex -3.37511 9.94277 30
      vertex -5.20732 15.3403 30
      vertex -4.19287 15.648 30
    endloop
  endfacet
  facet normal 0 0 -1
    outer loop
      vertex -7.16508 14.5293 30
      vertex -4.64403 9.41716 30
      vertex -5.25 9.09327 30
    endloop
  endfacet
  facet normal 0 0 -1
    outer loop
      vertex -8.1 14.0296 30
      vertex -5.25 9.09327 30
      vertex -5.83349 8.73043 30
    endloop
  endfacet
  facet normal 0 0 -1
    outer loop
      vertex -4.01818 9.70073 30
      vertex -6.19947 14.9668 30
      vertex -5.20732 15.3403 30
    endloop
  endfacet
  facet normal 0 0 -1
    outer loop
      vertex -9.00024 13.4698 30
      vertex -5.83349 8.73043 30
      vertex -6.39199 8.33021 30
    endloop
  endfacet
  facet normal 0 0 -1
    outer loop
      vertex -9.86193 12.8523 30
      vertex -6.39199 8.33021 30
      vertex -6.92313 7.89432 30
    endloop
  endfacet
  facet normal 0 0 -1
    outer loop
      vertex -4.64403 9.41716 30
      vertex -7.16508 14.5293 30
      vertex -6.19947 14.9668 30
    endloop
  endfacet
  facet normal 0 0 -1
    outer loop
      vertex -10.6814 12.1798 30
      vertex -6.92313 7.89432 30
      vertex -7.42462 7.42462 30
    endloop
  endfacet
  facet normal 0 0 -1
    outer loop
      vertex -11.4551 11.4551 30
      vertex -7.42462 7.42462 30
      vertex -7.89432 6.92313 30
    endloop
  endfacet
  facet normal 0 0 -1
    outer loop
      vertex -5.25 9.09327 30
      vertex -8.1 14.0296 30
      vertex -7.16508 14.5293 30
    endloop
  endfacet
  facet normal 0 0 -1
    outer loop
      vertex -12.1798 10.6814 30
      vertex -7.89432 6.92313 30
      vertex -8.33021 6.39199 30
    endloop
  endfacet
  facet normal 0 0 -1
    outer loop
      vertex -12.8523 9.86193 30
      vertex -8.33021 6.39199 30
      vertex -8.73043 5.83349 30
    endloop
  endfacet
  facet normal 0 0 -1
    outer loop
      vertex -5.83349 8.73043 30
      vertex -9.00024 13.4698 30
      vertex -8.1 14.0296 30
    endloop
  endfacet
  facet normal 0 0 -1
    outer loop
      vertex -13.4698 9.00024 30
      vertex -8.73043 5.83349 30
      vertex -9.09327 5.25 30
    endloop
  endfacet
  facet normal 0 0 -1
    outer loop
      vertex -13.4698 9.00024 30
      vertex -9.09327 5.25 30
      vertex -9.41716 4.64403 30
    endloop
  endfacet
  facet normal 0 0 -1
    outer loop
      vertex -13.4698 9.00024 30
      vertex -9.41716 4.64403 30
      vertex -9.70073 4.01818 30
    endloop
  endfacet
  facet normal 0 0 -1
    outer loop
      vertex -6.39199 8.33021 30
      vertex -9.86193 12.8523 30
      vertex -9.00024 13.4698 30
    endloop
  endfacet
  facet normal 0 0 -1
    outer loop
      vertex -13.4698 9.00024 30
      vertex -9.70073 4.01818 30
      vertex -9.94277 3.37511 30
    endloop
  endfacet
  facet normal 0 0 -1
    outer loop
      vertex -13.9233 0.55646 30
      vertex -10.4775 0.686732 30
      vertex -13.8913 0.419444 30
    endloop
  endfacet
  facet normal 0 0 -1
    outer loop
      vertex -13.8913 0.419444 30
      vertex -10.4775 0.686732 30
      vertex -13.8684 0.280631 30
    endloop
  endfacet
  facet normal 0 0 -1
    outer loop
      vertex -10.5 0 30
      vertex -13.8684 0.280631 30
      vertex -10.4775 0.686732 30
    endloop
  endfacet
  facet normal 0 0 -1
    outer loop
      vertex -13.8684 0.280631 30
      vertex -10.5 0 30
      vertex -13.8546 0.140616 30
    endloop
  endfacet
  facet normal 0 0 -1
    outer loop
      vertex -6.92313 7.89432 30
      vertex -10.6814 12.1798 30
      vertex -9.86193 12.8523 30
    endloop
  endfacet
  facet normal 0 0 -1
    outer loop
      vertex -13.8546 0.140616 30
      vertex -10.5 0 30
      vertex -13.85 0 30
    endloop
  endfacet
  facet normal 0 0 -1
    outer loop
      vertex -14.9668 -6.19947 30
      vertex -9.70073 -4.01818 30
      vertex -14.5293 -7.16508 30
    endloop
  endfacet
  facet normal -0 0 -1
    outer loop
      vertex -9.70073 -4.01818 30
      vertex -14.9668 -6.19947 30
      vertex -9.94277 -3.37511 30
    endloop
  endfacet
  facet normal 0 0 -1
    outer loop
      vertex -13.9641 0.691094 30
      vertex -10.4775 0.686732 30
      vertex -13.9233 0.55646 30
    endloop
  endfacet
  facet normal 0 0 -1
    outer loop
      vertex -15.3403 -5.20732 30
      vertex -9.94277 -3.37511 30
      vertex -14.9668 -6.19947 30
    endloop
  endfacet
  facet normal 0 0 -1
    outer loop
      vertex -7.42462 7.42462 30
      vertex -11.4551 11.4551 30
      vertex -10.6814 12.1798 30
    endloop
  endfacet
  facet normal -0 0 -1
    outer loop
      vertex -9.94277 -3.37511 30
      vertex -15.3403 -5.20732 30
      vertex -10.1422 -2.7176 30
    endloop
  endfacet
  facet normal 0 0 -1
    outer loop
      vertex -7.89432 6.92313 30
      vertex -12.1798 10.6814 30
      vertex -11.4551 11.4551 30
    endloop
  endfacet
  facet normal 0 -0 -1
    outer loop
      vertex -14.5824 -1.61646 30
      vertex -10.1422 -2.7176 30
      vertex -15.3403 -5.20732 30
    endloop
  endfacet
  facet normal 0 0 -1
    outer loop
      vertex -8.33021 6.39199 30
      vertex -12.8523 9.86193 30
      vertex -12.1798 10.6814 30
    endloop
  endfacet
  facet normal 0 0 -1
    outer loop
      vertex -8.73043 5.83349 30
      vertex -13.4698 9.00024 30
      vertex -12.8523 9.86193 30
    endloop
  endfacet
  facet normal -0 0 -1
    outer loop
      vertex -10.5 0 30
      vertex -13.8546 -0.140616 30
      vertex -13.85 0 30
    endloop
  endfacet
  facet normal 0 0 -1
    outer loop
      vertex -10.5 0 30
      vertex -13.8684 -0.280631 30
      vertex -13.8546 -0.140616 30
    endloop
  endfacet
  facet normal 0 0 -1
    outer loop
      vertex -10.4775 -0.686732 30
      vertex -13.8684 -0.280631 30
      vertex -10.5 0 30
    endloop
  endfacet
  facet normal 0 -0 -1
    outer loop
      vertex -13.8684 -0.280631 30
      vertex -10.4775 -0.686732 30
      vertex -13.8913 -0.419444 30
    endloop
  endfacet
  facet normal 0 -0 -1
    outer loop
      vertex -13.8913 -0.419444 30
      vertex -10.4775 -0.686732 30
      vertex -13.9233 -0.55646 30
    endloop
  endfacet
  facet normal 0 -0 -1
    outer loop
      vertex -13.9233 -0.55646 30
      vertex -10.4775 -0.686732 30
      vertex -13.9641 -0.691094 30
    endloop
  endfacet
  facet normal 0 -0 -1
    outer loop
      vertex -14.4797 -1.52028 30
      vertex -10.1422 -2.7176 30
      vertex -14.5824 -1.61646 30
    endloop
  endfacet
  facet normal 0 0 -1
    outer loop
      vertex -10.4102 -1.37052 30
      vertex -13.9641 -0.691094 30
      vertex -10.4775 -0.686732 30
    endloop
  endfacet
  facet normal 0 -0 -1
    outer loop
      vertex -13.9641 -0.691094 30
      vertex -10.4102 -1.37052 30
      vertex -14.0137 -0.822769 30
    endloop
  endfacet
  facet normal 0 -0 -1
    outer loop
      vertex -14.3835 -1.41759 30
      vertex -10.1422 -2.7176 30
      vertex -14.4797 -1.52028 30
    endloop
  endfacet
  facet normal 0 -0 -1
    outer loop
      vertex -14.0137 -0.822769 30
      vertex -10.4102 -1.37052 30
      vertex -14.0717 -0.95092 30
    endloop
  endfacet
  facet normal 0 -0 -1
    outer loop
      vertex -14.0717 -0.95092 30
      vertex -10.4102 -1.37052 30
      vertex -14.138 -1.075 30
    endloop
  endfacet
  facet normal 0 -0 -1
    outer loop
      vertex -14.138 -1.075 30
      vertex -10.2982 -2.04845 30
      vertex -14.2123 -1.19448 30
    endloop
  endfacet
  facet normal 0 0 -1
    outer loop
      vertex -10.2982 -2.04845 30
      vertex -14.138 -1.075 30
      vertex -10.4102 -1.37052 30
    endloop
  endfacet
  facet normal 0 -0 -1
    outer loop
      vertex -14.2943 -1.30884 30
      vertex -10.2982 -2.04845 30
      vertex -14.3835 -1.41759 30
    endloop
  endfacet
  facet normal 0 -0 -1
    outer loop
      vertex -14.2123 -1.19448 30
      vertex -10.2982 -2.04845 30
      vertex -14.2943 -1.30884 30
    endloop
  endfacet
  facet normal 0 0 -1
    outer loop
      vertex -10.1422 -2.7176 30
      vertex -14.3835 -1.41759 30
      vertex -10.2982 -2.04845 30
    endloop
  endfacet
  facet normal 0 0 -1
    outer loop
      vertex -15.648 -4.19287 30
      vertex -14.5824 -1.61646 30
      vertex -15.3403 -5.20732 30
    endloop
  endfacet
  facet normal 0 0 -1
    outer loop
      vertex -14.5824 -1.61646 30
      vertex -15.648 -4.19287 30
      vertex -14.6912 -1.70571 30
    endloop
  endfacet
  facet normal 0 0 -1
    outer loop
      vertex -14.6912 -1.70571 30
      vertex -15.648 -4.19287 30
      vertex -14.8055 -1.78766 30
    endloop
  endfacet
  facet normal 0 0 -1
    outer loop
      vertex -14.8055 -1.78766 30
      vertex -15.648 -4.19287 30
      vertex -14.925 -1.86195 30
    endloop
  endfacet
  facet normal 0 0 -1
    outer loop
      vertex -14.925 -1.86195 30
      vertex -15.648 -4.19287 30
      vertex -15.0491 -1.92828 30
    endloop
  endfacet
  facet normal 0 0 -1
    outer loop
      vertex -15.8887 -3.16046 30
      vertex -15.0491 -1.92828 30
      vertex -15.648 -4.19287 30
    endloop
  endfacet
  facet normal 0 0 -1
    outer loop
      vertex -15.0491 -1.92828 30
      vertex -15.8887 -3.16046 30
      vertex -15.1772 -1.98634 30
    endloop
  endfacet
  facet normal 0 0 -1
    outer loop
      vertex -15.1772 -1.98634 30
      vertex -15.8887 -3.16046 30
      vertex -15.3089 -2.0359 30
    endloop
  endfacet
  facet normal 0 0 -1
    outer loop
      vertex -15.3089 -2.0359 30
      vertex -15.8887 -3.16046 30
      vertex -15.4435 -2.07674 30
    endloop
  endfacet
  facet normal 0 0 -1
    outer loop
      vertex -15.4435 -2.07674 30
      vertex -15.8887 -3.16046 30
      vertex -15.5806 -2.10869 30
    endloop
  endfacet
  facet normal 0 0 -1
    outer loop
      vertex -15.5806 -2.10869 30
      vertex -15.8887 -3.16046 30
      vertex -15.7194 -2.13161 30
    endloop
  endfacet
  facet normal 0 0 -1
    outer loop
      vertex -15.7194 -2.13161 30
      vertex -15.8887 -3.16046 30
      vertex -15.8594 -2.1454 30
    endloop
  endfacet
  facet normal 0 0 -1
    outer loop
      vertex -15.8887 -3.16046 30
      vertex -16 -2.15 30
      vertex -15.8594 -2.1454 30
    endloop
  endfacet
  facet normal -0 -0 -1
    outer loop
      vertex -16 -2.15 30
      vertex -15.8887 -3.16046 30
      vertex -16.0559 -2.14817 30
    endloop
  endfacet
  facet normal -0.956948 0.290259 0
    outer loop
      vertex 15.3403 -5.20732 0
      vertex 15.648 -4.19287 30
      vertex 15.648 -4.19287 0
    endloop
  endfacet
  facet normal -0.956948 0.290259 0
    outer loop
      vertex 15.648 -4.19287 30
      vertex 15.3403 -5.20732 0
      vertex 15.3403 -5.20732 30
    endloop
  endfacet
  facet normal 0.0980102 -0.995185 0
    outer loop
      vertex -2.11452 16.0614 30
      vertex -1.05953 16.1653 16.8702
      vertex -1.05953 16.1653 30
    endloop
  endfacet
  facet normal 0.0965706 -0.995326 -0.000116787
    outer loop
      vertex -2.11452 16.0614 30
      vertex -1.075 16.1638 16.862
      vertex -1.05953 16.1653 16.8702
    endloop
  endfacet
  facet normal 0.0982714 -0.99516 1.90843e-05
    outer loop
      vertex -2.11452 16.0614 30
      vertex -1.19448 16.152 16.7877
      vertex -1.075 16.1638 16.862
    endloop
  endfacet
  facet normal 0.0974952 -0.995236 -3.54882e-05
    outer loop
      vertex -2.11452 16.0614 30
      vertex -1.30884 16.1408 16.7057
      vertex -1.19448 16.152 16.7877
    endloop
  endfacet
  facet normal 0.0987887 -0.995108 4.36659e-05
    outer loop
      vertex -2.11452 16.0614 30
      vertex -1.41759 16.13 16.6165
      vertex -1.30884 16.1408 16.7057
    endloop
  endfacet
  facet normal 0.0978855 -0.995198 -3.82573e-06
    outer loop
      vertex -2.11452 16.0614 30
      vertex -1.52028 16.1199 16.5203
      vertex -1.41759 16.13 16.6165
    endloop
  endfacet
  facet normal 0.0973015 -0.995255 -2.98201e-05
    outer loop
      vertex -2.11452 16.0614 30
      vertex -1.61646 16.1105 16.4176
      vertex -1.52028 16.1199 16.5203
    endloop
  endfacet
  facet normal 0.0981229 -0.995174 5.91721e-07
    outer loop
      vertex -2.11452 16.0614 30
      vertex -1.70571 16.1017 16.3088
      vertex -1.61646 16.1105 16.4176
    endloop
  endfacet
  facet normal 0.0983511 -0.995152 7.47266e-06
    outer loop
      vertex -2.11452 16.0614 30
      vertex -1.78766 16.0936 16.1945
      vertex -1.70571 16.1017 16.3088
    endloop
  endfacet
  facet normal 0.0978016 -0.995206 -5.66462e-06
    outer loop
      vertex -2.11452 16.0614 30
      vertex -1.86195 16.0863 16.075
      vertex -1.78766 16.0936 16.1945
    endloop
  endfacet
  facet normal 0.0975469 -0.995231 -1.03297e-05
    outer loop
      vertex -2.11452 16.0614 30
      vertex -1.92828 16.0798 15.9509
      vertex -1.86195 16.0863 16.075
    endloop
  endfacet
  facet normal 0.0993711 -0.99505 1.40899e-05
    outer loop
      vertex -2.11452 16.0614 30
      vertex -1.98634 16.074 15.8228
      vertex -1.92828 16.0798 15.9509
    endloop
  endfacet
  facet normal 0.0964347 -0.995339 -1.27159e-05
    outer loop
      vertex -2.11452 16.0614 30
      vertex -2.0359 16.0692 15.6911
      vertex -1.98634 16.074 15.8228
    endloop
  endfacet
  facet normal 0.099869 -0.995001 6.33835e-06
    outer loop
      vertex -2.11452 16.0614 30
      vertex -2.07674 16.0651 15.5565
      vertex -2.0359 16.0692 15.6911
    endloop
  endfacet
  facet normal 0.096583 -0.995325 -2.33981e-06
    outer loop
      vertex -2.11452 16.0614 30
      vertex -2.10869 16.062 15.4194
      vertex -2.07674 16.0651 15.5565
    endloop
  endfacet
  facet normal 0.102375 -0.994746 0
    outer loop
      vertex -2.10869 16.062 15.4194
      vertex -2.11452 16.0614 30
      vertex -2.11452 16.0614 15.3841
    endloop
  endfacet
  facet normal 0.102375 -0.994746 0
    outer loop
      vertex -2.11452 16.0614 0
      vertex -2.10869 16.062 14.5806
      vertex -2.11452 16.0614 14.6159
    endloop
  endfacet
  facet normal 0.096583 -0.995325 2.33981e-06
    outer loop
      vertex -2.11452 16.0614 0
      vertex -2.07674 16.0651 14.4435
      vertex -2.10869 16.062 14.5806
    endloop
  endfacet
  facet normal 0.099869 -0.995001 -6.33835e-06
    outer loop
      vertex -2.11452 16.0614 0
      vertex -2.0359 16.0692 14.3089
      vertex -2.07674 16.0651 14.4435
    endloop
  endfacet
  facet normal 0.0964347 -0.995339 1.27159e-05
    outer loop
      vertex -2.11452 16.0614 0
      vertex -1.98634 16.074 14.1772
      vertex -2.0359 16.0692 14.3089
    endloop
  endfacet
  facet normal 0.0993711 -0.99505 -1.40899e-05
    outer loop
      vertex -2.11452 16.0614 0
      vertex -1.92828 16.0798 14.0491
      vertex -1.98634 16.074 14.1772
    endloop
  endfacet
  facet normal 0.0975469 -0.995231 1.03297e-05
    outer loop
      vertex -2.11452 16.0614 0
      vertex -1.86195 16.0863 13.925
      vertex -1.92828 16.0798 14.0491
    endloop
  endfacet
  facet normal 0.0978016 -0.995206 5.66462e-06
    outer loop
      vertex -2.11452 16.0614 0
      vertex -1.78766 16.0936 13.8055
      vertex -1.86195 16.0863 13.925
    endloop
  endfacet
  facet normal 0.0983511 -0.995152 -7.47266e-06
    outer loop
      vertex -2.11452 16.0614 0
      vertex -1.70571 16.1017 13.6912
      vertex -1.78766 16.0936 13.8055
    endloop
  endfacet
  facet normal 0.0981229 -0.995174 -5.91721e-07
    outer loop
      vertex -2.11452 16.0614 0
      vertex -1.61646 16.1105 13.5824
      vertex -1.70571 16.1017 13.6912
    endloop
  endfacet
  facet normal 0.0973015 -0.995255 2.98201e-05
    outer loop
      vertex -2.11452 16.0614 0
      vertex -1.52028 16.1199 13.4797
      vertex -1.61646 16.1105 13.5824
    endloop
  endfacet
  facet normal 0.0978855 -0.995198 3.82573e-06
    outer loop
      vertex -2.11452 16.0614 0
      vertex -1.41759 16.13 13.3835
      vertex -1.52028 16.1199 13.4797
    endloop
  endfacet
  facet normal 0.0987887 -0.995108 -4.36659e-05
    outer loop
      vertex -2.11452 16.0614 0
      vertex -1.30884 16.1408 13.2943
      vertex -1.41759 16.13 13.3835
    endloop
  endfacet
  facet normal 0.0974952 -0.995236 3.54882e-05
    outer loop
      vertex -2.11452 16.0614 0
      vertex -1.19448 16.152 13.2123
      vertex -1.30884 16.1408 13.2943
    endloop
  endfacet
  facet normal 0.0982714 -0.99516 -1.90843e-05
    outer loop
      vertex -2.11452 16.0614 0
      vertex -1.075 16.1638 13.138
      vertex -1.19448 16.152 13.2123
    endloop
  endfacet
  facet normal 0.0965706 -0.995326 0.000116787
    outer loop
      vertex -2.11452 16.0614 0
      vertex -1.05953 16.1653 13.1298
      vertex -1.075 16.1638 13.138
    endloop
  endfacet
  facet normal 0.0980102 -0.995185 0
    outer loop
      vertex -1.05953 16.1653 13.1298
      vertex -2.11452 16.0614 0
      vertex -1.05953 16.1653 0
    endloop
  endfacet
  facet normal 0.0980102 0.995185 -0
    outer loop
      vertex -1.05953 -16.1653 16.8702
      vertex -2.11452 -16.0614 30
      vertex -1.05953 -16.1653 30
    endloop
  endfacet
  facet normal 0.0965706 0.995326 -0.000116787
    outer loop
      vertex -1.075 -16.1638 16.862
      vertex -2.11452 -16.0614 30
      vertex -1.05953 -16.1653 16.8702
    endloop
  endfacet
  facet normal 0.0982714 0.99516 1.90843e-05
    outer loop
      vertex -1.19448 -16.152 16.7877
      vertex -2.11452 -16.0614 30
      vertex -1.075 -16.1638 16.862
    endloop
  endfacet
  facet normal 0.0974952 0.995236 -3.54882e-05
    outer loop
      vertex -1.30884 -16.1408 16.7057
      vertex -2.11452 -16.0614 30
      vertex -1.19448 -16.152 16.7877
    endloop
  endfacet
  facet normal 0.0987887 0.995108 4.36659e-05
    outer loop
      vertex -1.41759 -16.13 16.6165
      vertex -2.11452 -16.0614 30
      vertex -1.30884 -16.1408 16.7057
    endloop
  endfacet
  facet normal 0.0978855 0.995198 -3.82573e-06
    outer loop
      vertex -1.52028 -16.1199 16.5203
      vertex -2.11452 -16.0614 30
      vertex -1.41759 -16.13 16.6165
    endloop
  endfacet
  facet normal 0.0973015 0.995255 -2.98201e-05
    outer loop
      vertex -1.61646 -16.1105 16.4176
      vertex -2.11452 -16.0614 30
      vertex -1.52028 -16.1199 16.5203
    endloop
  endfacet
  facet normal 0.0981229 0.995174 5.91721e-07
    outer loop
      vertex -1.70571 -16.1017 16.3088
      vertex -2.11452 -16.0614 30
      vertex -1.61646 -16.1105 16.4176
    endloop
  endfacet
  facet normal 0.0983511 0.995152 7.47266e-06
    outer loop
      vertex -1.78766 -16.0936 16.1945
      vertex -2.11452 -16.0614 30
      vertex -1.70571 -16.1017 16.3088
    endloop
  endfacet
  facet normal 0.0978016 0.995206 -5.66462e-06
    outer loop
      vertex -1.86195 -16.0863 16.075
      vertex -2.11452 -16.0614 30
      vertex -1.78766 -16.0936 16.1945
    endloop
  endfacet
  facet normal 0.0975469 0.995231 -1.03297e-05
    outer loop
      vertex -1.92828 -16.0798 15.9509
      vertex -2.11452 -16.0614 30
      vertex -1.86195 -16.0863 16.075
    endloop
  endfacet
  facet normal 0.0993711 0.99505 1.40899e-05
    outer loop
      vertex -1.98634 -16.074 15.8228
      vertex -2.11452 -16.0614 30
      vertex -1.92828 -16.0798 15.9509
    endloop
  endfacet
  facet normal 0.0964347 0.995339 -1.27159e-05
    outer loop
      vertex -2.0359 -16.0692 15.6911
      vertex -2.11452 -16.0614 30
      vertex -1.98634 -16.074 15.8228
    endloop
  endfacet
  facet normal 0.099869 0.995001 6.33835e-06
    outer loop
      vertex -2.07674 -16.0651 15.5565
      vertex -2.11452 -16.0614 30
      vertex -2.0359 -16.0692 15.6911
    endloop
  endfacet
  facet normal 0.096583 0.995325 -2.33981e-06
    outer loop
      vertex -2.10869 -16.062 15.4194
      vertex -2.11452 -16.0614 30
      vertex -2.07674 -16.0651 15.5565
    endloop
  endfacet
  facet normal 0.102375 0.994746 0
    outer loop
      vertex -2.11452 -16.0614 30
      vertex -2.10869 -16.062 15.4194
      vertex -2.11452 -16.0614 15.3841
    endloop
  endfacet
  facet normal 0.0980102 0.995185 0
    outer loop
      vertex -2.11452 -16.0614 0
      vertex -1.05953 -16.1653 13.1298
      vertex -1.05953 -16.1653 0
    endloop
  endfacet
  facet normal 0.0965706 0.995326 0.000116787
    outer loop
      vertex -1.05953 -16.1653 13.1298
      vertex -2.11452 -16.0614 0
      vertex -1.075 -16.1638 13.138
    endloop
  endfacet
  facet normal 0.0982714 0.99516 -1.90843e-05
    outer loop
      vertex -1.075 -16.1638 13.138
      vertex -2.11452 -16.0614 0
      vertex -1.19448 -16.152 13.2123
    endloop
  endfacet
  facet normal 0.0974952 0.995236 3.54882e-05
    outer loop
      vertex -1.19448 -16.152 13.2123
      vertex -2.11452 -16.0614 0
      vertex -1.30884 -16.1408 13.2943
    endloop
  endfacet
  facet normal 0.0987887 0.995108 -4.36659e-05
    outer loop
      vertex -1.30884 -16.1408 13.2943
      vertex -2.11452 -16.0614 0
      vertex -1.41759 -16.13 13.3835
    endloop
  endfacet
  facet normal 0.0978855 0.995198 3.82573e-06
    outer loop
      vertex -1.41759 -16.13 13.3835
      vertex -2.11452 -16.0614 0
      vertex -1.52028 -16.1199 13.4797
    endloop
  endfacet
  facet normal 0.0973015 0.995255 2.98201e-05
    outer loop
      vertex -1.52028 -16.1199 13.4797
      vertex -2.11452 -16.0614 0
      vertex -1.61646 -16.1105 13.5824
    endloop
  endfacet
  facet normal 0.0981229 0.995174 -5.91721e-07
    outer loop
      vertex -1.61646 -16.1105 13.5824
      vertex -2.11452 -16.0614 0
      vertex -1.70571 -16.1017 13.6912
    endloop
  endfacet
  facet normal 0.0983511 0.995152 -7.47266e-06
    outer loop
      vertex -1.70571 -16.1017 13.6912
      vertex -2.11452 -16.0614 0
      vertex -1.78766 -16.0936 13.8055
    endloop
  endfacet
  facet normal 0.0978016 0.995206 5.66462e-06
    outer loop
      vertex -1.78766 -16.0936 13.8055
      vertex -2.11452 -16.0614 0
      vertex -1.86195 -16.0863 13.925
    endloop
  endfacet
  facet normal 0.0975469 0.995231 1.03297e-05
    outer loop
      vertex -1.86195 -16.0863 13.925
      vertex -2.11452 -16.0614 0
      vertex -1.92828 -16.0798 14.0491
    endloop
  endfacet
  facet normal 0.0993711 0.99505 -1.40899e-05
    outer loop
      vertex -1.92828 -16.0798 14.0491
      vertex -2.11452 -16.0614 0
      vertex -1.98634 -16.074 14.1772
    endloop
  endfacet
  facet normal 0.0964347 0.995339 1.27159e-05
    outer loop
      vertex -1.98634 -16.074 14.1772
      vertex -2.11452 -16.0614 0
      vertex -2.0359 -16.0692 14.3089
    endloop
  endfacet
  facet normal 0.099869 0.995001 -6.33835e-06
    outer loop
      vertex -2.0359 -16.0692 14.3089
      vertex -2.11452 -16.0614 0
      vertex -2.07674 -16.0651 14.4435
    endloop
  endfacet
  facet normal 0.096583 0.995325 2.33981e-06
    outer loop
      vertex -2.07674 -16.0651 14.4435
      vertex -2.11452 -16.0614 0
      vertex -2.10869 -16.062 14.5806
    endloop
  endfacet
  facet normal 0.102375 0.994746 0
    outer loop
      vertex -2.10869 -16.062 14.5806
      vertex -2.11452 -16.0614 0
      vertex -2.11452 -16.0614 14.6159
    endloop
  endfacet
  facet normal -0.290259 -0.956948 0
    outer loop
      vertex 4.19287 15.648 0
      vertex 5.20732 15.3403 30
      vertex 4.19287 15.648 30
    endloop
  endfacet
  facet normal -0.290259 -0.956948 -0
    outer loop
      vertex 5.20732 15.3403 30
      vertex 4.19287 15.648 0
      vertex 5.20732 15.3403 0
    endloop
  endfacet
  facet normal 0.935881 0.352317 0
    outer loop
      vertex -14.9668 -6.19947 30
      vertex -15.3403 -5.20732 0
      vertex -15.3403 -5.20732 30
    endloop
  endfacet
  facet normal 0.935881 0.352317 0
    outer loop
      vertex -15.3403 -5.20732 0
      vertex -14.9668 -6.19947 30
      vertex -14.9668 -6.19947 0
    endloop
  endfacet
  facet normal -0.849204 0.528064 0
    outer loop
      vertex 13.4698 -9.00024 0
      vertex 14.0296 -8.1 30
      vertex 14.0296 -8.1 0
    endloop
  endfacet
  facet normal -0.849204 0.528064 0
    outer loop
      vertex 14.0296 -8.1 30
      vertex 13.4698 -9.00024 0
      vertex 13.4698 -9.00024 30
    endloop
  endfacet
  facet normal -0.910868 0.412697 0
    outer loop
      vertex 14.5293 -7.16508 0
      vertex 14.9668 -6.19947 30
      vertex 14.9668 -6.19947 0
    endloop
  endfacet
  facet normal -0.910868 0.412697 0
    outer loop
      vertex 14.9668 -6.19947 30
      vertex 14.5293 -7.16508 0
      vertex 14.5293 -7.16508 30
    endloop
  endfacet
  facet normal 0.352317 -0.935881 0
    outer loop
      vertex -6.19947 14.9668 0
      vertex -5.20732 15.3403 30
      vertex -6.19947 14.9668 30
    endloop
  endfacet
  facet normal 0.352317 -0.935881 0
    outer loop
      vertex -5.20732 15.3403 30
      vertex -6.19947 14.9668 0
      vertex -5.20732 15.3403 0
    endloop
  endfacet
  facet normal -0.227055 -0.973882 0
    outer loop
      vertex 3.16046 15.8887 0
      vertex 4.19287 15.648 30
      vertex 3.16046 15.8887 30
    endloop
  endfacet
  facet normal -0.227055 -0.973882 -0
    outer loop
      vertex 4.19287 15.648 30
      vertex 3.16046 15.8887 0
      vertex 4.19287 15.648 0
    endloop
  endfacet
  facet normal -0.956948 -0.290259 0
    outer loop
      vertex 15.648 4.19287 0
      vertex 15.3403 5.20732 30
      vertex 15.3403 5.20732 0
    endloop
  endfacet
  facet normal -0.956948 -0.290259 0
    outer loop
      vertex 15.3403 5.20732 30
      vertex 15.648 4.19287 0
      vertex 15.648 4.19287 30
    endloop
  endfacet
  facet normal 0.812837 -0.582491 0
    outer loop
      vertex -13.4698 9.00024 30
      vertex -12.8523 9.86193 0
      vertex -12.8523 9.86193 30
    endloop
  endfacet
  facet normal 0.812837 -0.582491 0
    outer loop
      vertex -12.8523 9.86193 0
      vertex -13.4698 9.00024 30
      vertex -13.4698 9.00024 0
    endloop
  endfacet
  facet normal -0.72984 -0.683618 0
    outer loop
      vertex 12.1798 10.6814 0
      vertex 11.4551 11.4551 30
      vertex 11.4551 11.4551 0
    endloop
  endfacet
  facet normal -0.72984 -0.683618 0
    outer loop
      vertex 11.4551 11.4551 30
      vertex 12.1798 10.6814 0
      vertex 12.1798 10.6814 30
    endloop
  endfacet
  facet normal 0.956948 0.290259 0
    outer loop
      vertex -15.3403 -5.20732 30
      vertex -15.648 -4.19287 0
      vertex -15.648 -4.19287 30
    endloop
  endfacet
  facet normal 0.956948 0.290259 0
    outer loop
      vertex -15.648 -4.19287 0
      vertex -15.3403 -5.20732 30
      vertex -15.3403 -5.20732 0
    endloop
  endfacet
  facet normal 0.881931 0.471378 0
    outer loop
      vertex -14.0296 -8.1 30
      vertex -14.5293 -7.16508 0
      vertex -14.5293 -7.16508 30
    endloop
  endfacet
  facet normal 0.881931 0.471378 0
    outer loop
      vertex -14.5293 -7.16508 0
      vertex -14.0296 -8.1 30
      vertex -14.0296 -8.1 0
    endloop
  endfacet
  facet normal 0.986632 -0.162962 0
    outer loop
      vertex -16.0559 2.14817 29
      vertex -15.8887 3.16046 30
      vertex -16.0559 2.14817 30
    endloop
  endfacet
  facet normal 0.986632 -0.162962 0
    outer loop
      vertex -15.8887 3.16046 30
      vertex -16.0559 2.14817 29
      vertex -15.8887 3.16046 0
    endloop
  endfacet
  facet normal 0.986904 -0.161307 0
    outer loop
      vertex -16.0614 2.11452 0
      vertex -16.0559 2.14817 29
      vertex -16.0614 2.11452 29
    endloop
  endfacet
  facet normal 0.986641 -0.162909 1.90889e-06
    outer loop
      vertex -16.0559 2.14817 29
      vertex -16.0614 2.11452 0
      vertex -15.8887 3.16046 0
    endloop
  endfacet
  facet normal 0.412697 -0.910868 0
    outer loop
      vertex -7.16508 14.5293 0
      vertex -6.19947 14.9668 30
      vertex -7.16508 14.5293 30
    endloop
  endfacet
  facet normal 0.412697 -0.910868 0
    outer loop
      vertex -6.19947 14.9668 30
      vertex -7.16508 14.5293 0
      vertex -6.19947 14.9668 0
    endloop
  endfacet
  facet normal 0.995185 0.0980102 0
    outer loop
      vertex -16.0614 -2.11452 29
      vertex -16.1653 -1.05953 0
      vertex -16.1653 -1.05953 29
    endloop
  endfacet
  facet normal 0.995185 0.0980102 0
    outer loop
      vertex -16.1653 -1.05953 0
      vertex -16.0614 -2.11452 29
      vertex -16.0614 -2.11452 0
    endloop
  endfacet
  facet normal -0.528064 -0.849204 0
    outer loop
      vertex 8.1 14.0296 0
      vertex 9.00024 13.4698 30
      vertex 8.1 14.0296 30
    endloop
  endfacet
  facet normal -0.528064 -0.849204 -0
    outer loop
      vertex 9.00024 13.4698 30
      vertex 8.1 14.0296 0
      vertex 9.00024 13.4698 0
    endloop
  endfacet
  facet normal 0.227055 0.973882 -0
    outer loop
      vertex -3.16046 -15.8887 0
      vertex -4.19287 -15.648 30
      vertex -3.16046 -15.8887 30
    endloop
  endfacet
  facet normal 0.227055 0.973882 0
    outer loop
      vertex -4.19287 -15.648 30
      vertex -3.16046 -15.8887 0
      vertex -4.19287 -15.648 0
    endloop
  endfacet
  facet normal -0.683618 0.72984 0
    outer loop
      vertex 11.4551 -11.4551 0
      vertex 10.6814 -12.1798 30
      vertex 11.4551 -11.4551 30
    endloop
  endfacet
  facet normal -0.683618 0.72984 0
    outer loop
      vertex 10.6814 -12.1798 30
      vertex 11.4551 -11.4551 0
      vertex 10.6814 -12.1798 0
    endloop
  endfacet
  facet normal -0.634381 0.77302 0
    outer loop
      vertex 10.6814 -12.1798 0
      vertex 9.86193 -12.8523 30
      vertex 10.6814 -12.1798 30
    endloop
  endfacet
  facet normal -0.634381 0.77302 0
    outer loop
      vertex 9.86193 -12.8523 30
      vertex 10.6814 -12.1798 0
      vertex 9.86193 -12.8523 0
    endloop
  endfacet
  facet normal -0.77302 -0.634381 0
    outer loop
      vertex 12.8523 9.86193 0
      vertex 12.1798 10.6814 30
      vertex 12.1798 10.6814 0
    endloop
  endfacet
  facet normal -0.77302 -0.634381 0
    outer loop
      vertex 12.1798 10.6814 30
      vertex 12.8523 9.86193 0
      vertex 12.8523 9.86193 30
    endloop
  endfacet
  facet normal -0.471378 -0.881931 0
    outer loop
      vertex 7.16508 14.5293 0
      vertex 8.1 14.0296 30
      vertex 7.16508 14.5293 30
    endloop
  endfacet
  facet normal -0.471378 -0.881931 -0
    outer loop
      vertex 8.1 14.0296 30
      vertex 7.16508 14.5293 0
      vertex 8.1 14.0296 0
    endloop
  endfacet
  facet normal 0.352317 0.935881 -0
    outer loop
      vertex -5.20732 -15.3403 0
      vertex -6.19947 -14.9668 30
      vertex -5.20732 -15.3403 30
    endloop
  endfacet
  facet normal 0.352317 0.935881 0
    outer loop
      vertex -6.19947 -14.9668 30
      vertex -5.20732 -15.3403 0
      vertex -6.19947 -14.9668 0
    endloop
  endfacet
  facet normal 0.634381 0.77302 -0
    outer loop
      vertex -9.86193 -12.8523 0
      vertex -10.6814 -12.1798 30
      vertex -9.86193 -12.8523 30
    endloop
  endfacet
  facet normal 0.634381 0.77302 0
    outer loop
      vertex -10.6814 -12.1798 30
      vertex -9.86193 -12.8523 0
      vertex -10.6814 -12.1798 0
    endloop
  endfacet
  facet normal -0.352317 0.935881 0
    outer loop
      vertex 6.19947 -14.9668 0
      vertex 5.20732 -15.3403 30
      vertex 6.19947 -14.9668 30
    endloop
  endfacet
  facet normal -0.352317 0.935881 0
    outer loop
      vertex 5.20732 -15.3403 30
      vertex 6.19947 -14.9668 0
      vertex 5.20732 -15.3403 0
    endloop
  endfacet
  facet normal -0.812837 -0.582491 0
    outer loop
      vertex 13.4698 9.00024 0
      vertex 12.8523 9.86193 30
      vertex 12.8523 9.86193 0
    endloop
  endfacet
  facet normal -0.812837 -0.582491 0
    outer loop
      vertex 12.8523 9.86193 30
      vertex 13.4698 9.00024 0
      vertex 13.4698 9.00024 30
    endloop
  endfacet
  facet normal 0.995185 -0.0980102 0
    outer loop
      vertex -16.1653 1.05953 29
      vertex -16.0614 2.11452 0
      vertex -16.0614 2.11452 29
    endloop
  endfacet
  facet normal 0.995185 -0.0980102 0
    outer loop
      vertex -16.0614 2.11452 0
      vertex -16.1653 1.05953 29
      vertex -16.1653 1.05953 0
    endloop
  endfacet
  facet normal 0.634381 -0.77302 0
    outer loop
      vertex -10.6814 12.1798 0
      vertex -9.86193 12.8523 30
      vertex -10.6814 12.1798 30
    endloop
  endfacet
  facet normal 0.634381 -0.77302 0
    outer loop
      vertex -9.86193 12.8523 30
      vertex -10.6814 12.1798 0
      vertex -9.86193 12.8523 0
    endloop
  endfacet
  facet normal 0.412697 0.910868 -0
    outer loop
      vertex -6.19947 -14.9668 0
      vertex -7.16508 -14.5293 30
      vertex -6.19947 -14.9668 30
    endloop
  endfacet
  facet normal 0.412697 0.910868 0
    outer loop
      vertex -7.16508 -14.5293 30
      vertex -6.19947 -14.9668 0
      vertex -7.16508 -14.5293 0
    endloop
  endfacet
  facet normal 0.910868 -0.412697 0
    outer loop
      vertex -14.9668 6.19947 30
      vertex -14.5293 7.16508 0
      vertex -14.5293 7.16508 30
    endloop
  endfacet
  facet normal 0.910868 -0.412697 0
    outer loop
      vertex -14.5293 7.16508 0
      vertex -14.9668 6.19947 30
      vertex -14.9668 6.19947 0
    endloop
  endfacet
  facet normal -0.995191 -0.097949 0
    outer loop
      vertex 10.4775 0.686732 30
      vertex 10.4102 1.37052 38
      vertex 10.4102 1.37052 30
    endloop
  endfacet
  facet normal -0.995191 -0.097949 0
    outer loop
      vertex 10.4102 1.37052 38
      vertex 10.4775 0.686732 30
      vertex 10.4775 0.686732 38
    endloop
  endfacet
  facet normal -0.999464 -0.0327463 0
    outer loop
      vertex 10.5 0 30
      vertex 10.4775 0.686732 38
      vertex 10.4775 0.686732 30
    endloop
  endfacet
  facet normal -0.999464 -0.0327463 0
    outer loop
      vertex 10.4775 0.686732 38
      vertex 10.5 0 30
      vertex 10.5 0 38
    endloop
  endfacet
  facet normal -0.986626 -0.162999 0
    outer loop
      vertex 10.4102 1.37052 30
      vertex 10.2982 2.04845 38
      vertex 10.2982 2.04845 30
    endloop
  endfacet
  facet normal -0.986626 -0.162999 0
    outer loop
      vertex 10.2982 2.04845 38
      vertex 10.4102 1.37052 30
      vertex 10.4102 1.37052 38
    endloop
  endfacet
  facet normal -0.812844 0.582482 0
    outer loop
      vertex 8.33021 -6.39199 30
      vertex 8.73043 -5.83349 38
      vertex 8.73043 -5.83349 30
    endloop
  endfacet
  facet normal -0.812844 0.582482 0
    outer loop
      vertex 8.73043 -5.83349 38
      vertex 8.33021 -6.39199 30
      vertex 8.33021 -6.39199 38
    endloop
  endfacet
  facet normal -0.8492 -0.528071 0
    outer loop
      vertex 9.09327 5.25 30
      vertex 8.73043 5.83349 38
      vertex 8.73043 5.83349 30
    endloop
  endfacet
  facet normal -0.8492 -0.528071 0
    outer loop
      vertex 8.73043 5.83349 38
      vertex 9.09327 5.25 30
      vertex 9.09327 5.25 38
    endloop
  endfacet
  facet normal 0.935903 -0.352257 0
    outer loop
      vertex -9.94277 3.37511 38
      vertex -9.70073 4.01818 30
      vertex -9.70073 4.01818 38
    endloop
  endfacet
  facet normal 0.935903 -0.352257 0
    outer loop
      vertex -9.70073 4.01818 30
      vertex -9.94277 3.37511 38
      vertex -9.94277 3.37511 30
    endloop
  endfacet
  facet normal 0.995191 0.097949 0
    outer loop
      vertex -10.4102 -1.37052 38
      vertex -10.4775 -0.686732 30
      vertex -10.4775 -0.686732 38
    endloop
  endfacet
  facet normal 0.995191 0.097949 0
    outer loop
      vertex -10.4775 -0.686732 30
      vertex -10.4102 -1.37052 38
      vertex -10.4102 -1.37052 30
    endloop
  endfacet
  facet normal -0.935903 -0.352257 0
    outer loop
      vertex 9.94277 3.37511 30
      vertex 9.70073 4.01818 38
      vertex 9.70073 4.01818 30
    endloop
  endfacet
  facet normal -0.935903 -0.352257 0
    outer loop
      vertex 9.70073 4.01818 38
      vertex 9.94277 3.37511 30
      vertex 9.94277 3.37511 38
    endloop
  endfacet
  facet normal 0.881926 0.471388 0
    outer loop
      vertex -9.09327 -5.25 38
      vertex -9.41716 -4.64403 30
      vertex -9.41716 -4.64403 38
    endloop
  endfacet
  facet normal 0.881926 0.471388 0
    outer loop
      vertex -9.41716 -4.64403 30
      vertex -9.09327 -5.25 38
      vertex -9.09327 -5.25 30
    endloop
  endfacet
  facet normal -0.973885 -0.227043 0
    outer loop
      vertex 10.2982 2.04845 30
      vertex 10.1422 2.7176 38
      vertex 10.1422 2.7176 30
    endloop
  endfacet
  facet normal -0.973885 -0.227043 0
    outer loop
      vertex 10.1422 2.7176 38
      vertex 10.2982 2.04845 30
      vertex 10.2982 2.04845 38
    endloop
  endfacet
  facet normal -0.471388 -0.881926 0
    outer loop
      vertex 4.64403 9.41716 30
      vertex 5.25 9.09327 38
      vertex 4.64403 9.41716 38
    endloop
  endfacet
  facet normal -0.471388 -0.881926 -0
    outer loop
      vertex 5.25 9.09327 38
      vertex 4.64403 9.41716 30
      vertex 5.25 9.09327 30
    endloop
  endfacet
  facet normal 0.582482 -0.812844 0
    outer loop
      vertex -6.39199 8.33021 30
      vertex -5.83349 8.73043 38
      vertex -6.39199 8.33021 38
    endloop
  endfacet
  facet normal 0.582482 -0.812844 0
    outer loop
      vertex -5.83349 8.73043 38
      vertex -6.39199 8.33021 30
      vertex -5.83349 8.73043 30
    endloop
  endfacet
  facet normal 0.812844 -0.582482 0
    outer loop
      vertex -8.73043 5.83349 38
      vertex -8.33021 6.39199 30
      vertex -8.33021 6.39199 38
    endloop
  endfacet
  facet normal 0.812844 -0.582482 0
    outer loop
      vertex -8.33021 6.39199 30
      vertex -8.73043 5.83349 38
      vertex -8.73043 5.83349 30
    endloop
  endfacet
  facet normal -0.910863 -0.412708 0
    outer loop
      vertex 9.70073 4.01818 30
      vertex 9.41716 4.64403 38
      vertex 9.41716 4.64403 30
    endloop
  endfacet
  facet normal -0.910863 -0.412708 0
    outer loop
      vertex 9.41716 4.64403 38
      vertex 9.70073 4.01818 30
      vertex 9.70073 4.01818 38
    endloop
  endfacet
  facet normal 0.812844 0.582482 0
    outer loop
      vertex -8.33021 -6.39199 38
      vertex -8.73043 -5.83349 30
      vertex -8.73043 -5.83349 38
    endloop
  endfacet
  facet normal 0.812844 0.582482 0
    outer loop
      vertex -8.73043 -5.83349 30
      vertex -8.33021 -6.39199 38
      vertex -8.33021 -6.39199 30
    endloop
  endfacet
  facet normal -0.8492 0.528071 0
    outer loop
      vertex 8.73043 -5.83349 30
      vertex 9.09327 -5.25 38
      vertex 9.09327 -5.25 30
    endloop
  endfacet
  facet normal -0.8492 0.528071 0
    outer loop
      vertex 9.09327 -5.25 38
      vertex 8.73043 -5.83349 30
      vertex 8.73043 -5.83349 38
    endloop
  endfacet
  facet normal 0.528071 0.8492 -0
    outer loop
      vertex -5.25 -9.09327 30
      vertex -5.83349 -8.73043 38
      vertex -5.25 -9.09327 38
    endloop
  endfacet
  facet normal 0.528071 0.8492 0
    outer loop
      vertex -5.83349 -8.73043 38
      vertex -5.25 -9.09327 30
      vertex -5.83349 -8.73043 30
    endloop
  endfacet
  facet normal -0.95695 -0.290253 0
    outer loop
      vertex 10.1422 2.7176 30
      vertex 9.94277 3.37511 38
      vertex 9.94277 3.37511 30
    endloop
  endfacet
  facet normal -0.95695 -0.290253 0
    outer loop
      vertex 9.94277 3.37511 38
      vertex 10.1422 2.7176 30
      vertex 10.1422 2.7176 38
    endloop
  endfacet
  facet normal -0.773014 0.634389 0
    outer loop
      vertex 7.89432 -6.92313 30
      vertex 8.33021 -6.39199 38
      vertex 8.33021 -6.39199 30
    endloop
  endfacet
  facet normal -0.773014 0.634389 0
    outer loop
      vertex 8.33021 -6.39199 38
      vertex 7.89432 -6.92313 30
      vertex 7.89432 -6.92313 38
    endloop
  endfacet
  facet normal 0.910863 0.412708 0
    outer loop
      vertex -9.41716 -4.64403 38
      vertex -9.70073 -4.01818 30
      vertex -9.70073 -4.01818 38
    endloop
  endfacet
  facet normal 0.910863 0.412708 0
    outer loop
      vertex -9.70073 -4.01818 30
      vertex -9.41716 -4.64403 38
      vertex -9.41716 -4.64403 30
    endloop
  endfacet
  facet normal 0.162999 -0.986626 0
    outer loop
      vertex -2.04845 10.2982 30
      vertex -1.37052 10.4102 38
      vertex -2.04845 10.2982 38
    endloop
  endfacet
  facet normal 0.162999 -0.986626 0
    outer loop
      vertex -1.37052 10.4102 38
      vertex -2.04845 10.2982 30
      vertex -1.37052 10.4102 30
    endloop
  endfacet
  facet normal -0.412708 0.910863 0
    outer loop
      vertex 4.64403 -9.41716 30
      vertex 4.01818 -9.70073 38
      vertex 4.64403 -9.41716 38
    endloop
  endfacet
  facet normal -0.412708 0.910863 0
    outer loop
      vertex 4.01818 -9.70073 38
      vertex 4.64403 -9.41716 30
      vertex 4.01818 -9.70073 30
    endloop
  endfacet
  facet normal 0.935903 0.352257 0
    outer loop
      vertex -9.70073 -4.01818 38
      vertex -9.94277 -3.37511 30
      vertex -9.94277 -3.37511 38
    endloop
  endfacet
  facet normal 0.935903 0.352257 0
    outer loop
      vertex -9.94277 -3.37511 30
      vertex -9.70073 -4.01818 38
      vertex -9.70073 -4.01818 30
    endloop
  endfacet
  facet normal -0.634389 -0.773014 0
    outer loop
      vertex 6.39199 8.33021 30
      vertex 6.92313 7.89432 38
      vertex 6.39199 8.33021 38
    endloop
  endfacet
  facet normal -0.634389 -0.773014 -0
    outer loop
      vertex 6.92313 7.89432 38
      vertex 6.39199 8.33021 30
      vertex 6.92313 7.89432 30
    endloop
  endfacet
  facet normal -0.097949 -0.995191 0
    outer loop
      vertex 0.686732 10.4775 30
      vertex 1.37052 10.4102 38
      vertex 0.686732 10.4775 38
    endloop
  endfacet
  facet normal -0.097949 -0.995191 -0
    outer loop
      vertex 1.37052 10.4102 38
      vertex 0.686732 10.4775 30
      vertex 1.37052 10.4102 30
    endloop
  endfacet
  facet normal 0.773014 0.634389 0
    outer loop
      vertex -7.89432 -6.92313 38
      vertex -8.33021 -6.39199 30
      vertex -8.33021 -6.39199 38
    endloop
  endfacet
  facet normal 0.773014 0.634389 0
    outer loop
      vertex -8.33021 -6.39199 30
      vertex -7.89432 -6.92313 38
      vertex -7.89432 -6.92313 30
    endloop
  endfacet
  facet normal -0.471388 0.881926 0
    outer loop
      vertex 5.25 -9.09327 30
      vertex 4.64403 -9.41716 38
      vertex 5.25 -9.09327 38
    endloop
  endfacet
  facet normal -0.471388 0.881926 0
    outer loop
      vertex 4.64403 -9.41716 38
      vertex 5.25 -9.09327 30
      vertex 4.64403 -9.41716 30
    endloop
  endfacet
  facet normal -0.162999 -0.986626 0
    outer loop
      vertex 1.37052 10.4102 30
      vertex 2.04845 10.2982 38
      vertex 1.37052 10.4102 38
    endloop
  endfacet
  facet normal -0.162999 -0.986626 -0
    outer loop
      vertex 2.04845 10.2982 38
      vertex 1.37052 10.4102 30
      vertex 2.04845 10.2982 30
    endloop
  endfacet
  facet normal -0.412708 -0.910863 0
    outer loop
      vertex 4.01818 9.70073 30
      vertex 4.64403 9.41716 38
      vertex 4.01818 9.70073 38
    endloop
  endfacet
  facet normal -0.412708 -0.910863 -0
    outer loop
      vertex 4.64403 9.41716 38
      vertex 4.01818 9.70073 30
      vertex 4.64403 9.41716 30
    endloop
  endfacet
  facet normal 0.973885 -0.227043 0
    outer loop
      vertex -10.2982 2.04845 38
      vertex -10.1422 2.7176 30
      vertex -10.1422 2.7176 38
    endloop
  endfacet
  facet normal 0.973885 -0.227043 0
    outer loop
      vertex -10.1422 2.7176 30
      vertex -10.2982 2.04845 38
      vertex -10.2982 2.04845 30
    endloop
  endfacet
  facet normal 0.683595 0.729862 -0
    outer loop
      vertex -6.92313 -7.89432 30
      vertex -7.42462 -7.42462 38
      vertex -6.92313 -7.89432 38
    endloop
  endfacet
  facet normal 0.683595 0.729862 0
    outer loop
      vertex -7.42462 -7.42462 38
      vertex -6.92313 -7.89432 30
      vertex -7.42462 -7.42462 30
    endloop
  endfacet
  facet normal 0.95695 0.290253 0
    outer loop
      vertex -9.94277 -3.37511 38
      vertex -10.1422 -2.7176 30
      vertex -10.1422 -2.7176 38
    endloop
  endfacet
  facet normal 0.95695 0.290253 0
    outer loop
      vertex -10.1422 -2.7176 30
      vertex -9.94277 -3.37511 38
      vertex -9.94277 -3.37511 30
    endloop
  endfacet
  facet normal -0.162999 0.986626 0
    outer loop
      vertex 2.04845 -10.2982 30
      vertex 1.37052 -10.4102 38
      vertex 2.04845 -10.2982 38
    endloop
  endfacet
  facet normal -0.162999 0.986626 0
    outer loop
      vertex 1.37052 -10.4102 38
      vertex 2.04845 -10.2982 30
      vertex 1.37052 -10.4102 30
    endloop
  endfacet
  facet normal -0.683595 0.729862 0
    outer loop
      vertex 7.42462 -7.42462 30
      vertex 6.92313 -7.89432 38
      vertex 7.42462 -7.42462 38
    endloop
  endfacet
  facet normal -0.683595 0.729862 0
    outer loop
      vertex 6.92313 -7.89432 38
      vertex 7.42462 -7.42462 30
      vertex 6.92313 -7.89432 30
    endloop
  endfacet
  facet normal -0.290253 -0.95695 0
    outer loop
      vertex 2.7176 10.1422 30
      vertex 3.37511 9.94277 38
      vertex 2.7176 10.1422 38
    endloop
  endfacet
  facet normal -0.290253 -0.95695 -0
    outer loop
      vertex 3.37511 9.94277 38
      vertex 2.7176 10.1422 30
      vertex 3.37511 9.94277 30
    endloop
  endfacet
  facet normal 0.986626 0.162999 0
    outer loop
      vertex -10.2982 -2.04845 38
      vertex -10.4102 -1.37052 30
      vertex -10.4102 -1.37052 38
    endloop
  endfacet
  facet normal 0.986626 0.162999 0
    outer loop
      vertex -10.4102 -1.37052 30
      vertex -10.2982 -2.04845 38
      vertex -10.2982 -2.04845 30
    endloop
  endfacet
  facet normal -0.582482 0.812844 0
    outer loop
      vertex 6.39199 -8.33021 30
      vertex 5.83349 -8.73043 38
      vertex 6.39199 -8.33021 38
    endloop
  endfacet
  facet normal -0.582482 0.812844 0
    outer loop
      vertex 5.83349 -8.73043 38
      vertex 6.39199 -8.33021 30
      vertex 5.83349 -8.73043 30
    endloop
  endfacet
  facet normal -0.773014 -0.634389 0
    outer loop
      vertex 8.33021 6.39199 30
      vertex 7.89432 6.92313 38
      vertex 7.89432 6.92313 30
    endloop
  endfacet
  facet normal -0.773014 -0.634389 0
    outer loop
      vertex 7.89432 6.92313 38
      vertex 8.33021 6.39199 30
      vertex 8.33021 6.39199 38
    endloop
  endfacet
  facet normal 0.528071 -0.8492 0
    outer loop
      vertex -5.83349 8.73043 30
      vertex -5.25 9.09327 38
      vertex -5.83349 8.73043 38
    endloop
  endfacet
  facet normal 0.528071 -0.8492 0
    outer loop
      vertex -5.25 9.09327 38
      vertex -5.83349 8.73043 30
      vertex -5.25 9.09327 30
    endloop
  endfacet
  facet normal 0.634389 0.773014 -0
    outer loop
      vertex -6.39199 -8.33021 30
      vertex -6.92313 -7.89432 38
      vertex -6.39199 -8.33021 38
    endloop
  endfacet
  facet normal 0.634389 0.773014 0
    outer loop
      vertex -6.92313 -7.89432 38
      vertex -6.39199 -8.33021 30
      vertex -6.92313 -7.89432 30
    endloop
  endfacet
  facet normal 0.999464 0.0327463 0
    outer loop
      vertex -10.4775 -0.686732 38
      vertex -10.5 0 30
      vertex -10.5 0 38
    endloop
  endfacet
  facet normal 0.999464 0.0327463 0
    outer loop
      vertex -10.5 0 30
      vertex -10.4775 -0.686732 38
      vertex -10.4775 -0.686732 30
    endloop
  endfacet
  facet normal -0.881926 -0.471388 0
    outer loop
      vertex 9.41716 4.64403 30
      vertex 9.09327 5.25 38
      vertex 9.09327 5.25 30
    endloop
  endfacet
  facet normal -0.881926 -0.471388 0
    outer loop
      vertex 9.09327 5.25 38
      vertex 9.41716 4.64403 30
      vertex 9.41716 4.64403 38
    endloop
  endfacet
  facet normal -0.0327463 0.999464 0
    outer loop
      vertex 0.686732 -10.4775 30
      vertex 0 -10.5 38
      vertex 0.686732 -10.4775 38
    endloop
  endfacet
  facet normal -0.0327463 0.999464 0
    outer loop
      vertex 0 -10.5 38
      vertex 0.686732 -10.4775 30
      vertex 0 -10.5 30
    endloop
  endfacet
  facet normal 0.999464 -0.0327463 0
    outer loop
      vertex -10.5 0 38
      vertex -10.4775 0.686732 30
      vertex -10.4775 0.686732 38
    endloop
  endfacet
  facet normal 0.999464 -0.0327463 0
    outer loop
      vertex -10.4775 0.686732 30
      vertex -10.5 0 38
      vertex -10.5 0 30
    endloop
  endfacet
  facet normal 0.227043 -0.973885 0
    outer loop
      vertex -2.7176 10.1422 30
      vertex -2.04845 10.2982 38
      vertex -2.7176 10.1422 38
    endloop
  endfacet
  facet normal 0.227043 -0.973885 0
    outer loop
      vertex -2.04845 10.2982 38
      vertex -2.7176 10.1422 30
      vertex -2.04845 10.2982 30
    endloop
  endfacet
  facet normal -0.812844 -0.582482 0
    outer loop
      vertex 8.73043 5.83349 30
      vertex 8.33021 6.39199 38
      vertex 8.33021 6.39199 30
    endloop
  endfacet
  facet normal -0.812844 -0.582482 0
    outer loop
      vertex 8.33021 6.39199 38
      vertex 8.73043 5.83349 30
      vertex 8.73043 5.83349 38
    endloop
  endfacet
  facet normal -0.290253 0.95695 0
    outer loop
      vertex 3.37511 -9.94277 30
      vertex 2.7176 -10.1422 38
      vertex 3.37511 -9.94277 38
    endloop
  endfacet
  facet normal -0.290253 0.95695 0
    outer loop
      vertex 2.7176 -10.1422 38
      vertex 3.37511 -9.94277 30
      vertex 2.7176 -10.1422 30
    endloop
  endfacet
  facet normal -0.910863 0.412708 0
    outer loop
      vertex 9.41716 -4.64403 30
      vertex 9.70073 -4.01818 38
      vertex 9.70073 -4.01818 30
    endloop
  endfacet
  facet normal -0.910863 0.412708 0
    outer loop
      vertex 9.70073 -4.01818 38
      vertex 9.41716 -4.64403 30
      vertex 9.41716 -4.64403 38
    endloop
  endfacet
  facet normal -0.227043 0.973885 0
    outer loop
      vertex 2.7176 -10.1422 30
      vertex 2.04845 -10.2982 38
      vertex 2.7176 -10.1422 38
    endloop
  endfacet
  facet normal -0.227043 0.973885 0
    outer loop
      vertex 2.04845 -10.2982 38
      vertex 2.7176 -10.1422 30
      vertex 2.04845 -10.2982 30
    endloop
  endfacet
  facet normal -0.973885 0.227043 0
    outer loop
      vertex 10.1422 -2.7176 30
      vertex 10.2982 -2.04845 38
      vertex 10.2982 -2.04845 30
    endloop
  endfacet
  facet normal -0.973885 0.227043 0
    outer loop
      vertex 10.2982 -2.04845 38
      vertex 10.1422 -2.7176 30
      vertex 10.1422 -2.7176 38
    endloop
  endfacet
  facet normal -0.097949 0.995191 0
    outer loop
      vertex 1.37052 -10.4102 30
      vertex 0.686732 -10.4775 38
      vertex 1.37052 -10.4102 38
    endloop
  endfacet
  facet normal -0.097949 0.995191 0
    outer loop
      vertex 0.686732 -10.4775 38
      vertex 1.37052 -10.4102 30
      vertex 0.686732 -10.4775 30
    endloop
  endfacet
  facet normal -0.986626 0.162999 0
    outer loop
      vertex 10.2982 -2.04845 30
      vertex 10.4102 -1.37052 38
      vertex 10.4102 -1.37052 30
    endloop
  endfacet
  facet normal -0.986626 0.162999 0
    outer loop
      vertex 10.4102 -1.37052 38
      vertex 10.2982 -2.04845 30
      vertex 10.2982 -2.04845 38
    endloop
  endfacet
  facet normal -0.729862 -0.683595 0
    outer loop
      vertex 7.89432 6.92313 30
      vertex 7.42462 7.42462 38
      vertex 7.42462 7.42462 30
    endloop
  endfacet
  facet normal -0.729862 -0.683595 0
    outer loop
      vertex 7.42462 7.42462 38
      vertex 7.89432 6.92313 30
      vertex 7.89432 6.92313 38
    endloop
  endfacet
  facet normal 0.290253 -0.95695 0
    outer loop
      vertex -3.37511 9.94277 30
      vertex -2.7176 10.1422 38
      vertex -3.37511 9.94277 38
    endloop
  endfacet
  facet normal 0.290253 -0.95695 0
    outer loop
      vertex -2.7176 10.1422 38
      vertex -3.37511 9.94277 30
      vertex -2.7176 10.1422 30
    endloop
  endfacet
  facet normal 0.634389 -0.773014 0
    outer loop
      vertex -6.92313 7.89432 30
      vertex -6.39199 8.33021 38
      vertex -6.92313 7.89432 38
    endloop
  endfacet
  facet normal 0.634389 -0.773014 0
    outer loop
      vertex -6.39199 8.33021 38
      vertex -6.92313 7.89432 30
      vertex -6.39199 8.33021 30
    endloop
  endfacet
  facet normal 0.683595 -0.729862 0
    outer loop
      vertex -7.42462 7.42462 30
      vertex -6.92313 7.89432 38
      vertex -7.42462 7.42462 38
    endloop
  endfacet
  facet normal 0.683595 -0.729862 0
    outer loop
      vertex -6.92313 7.89432 38
      vertex -7.42462 7.42462 30
      vertex -6.92313 7.89432 30
    endloop
  endfacet
  facet normal -0.683595 -0.729862 0
    outer loop
      vertex 6.92313 7.89432 30
      vertex 7.42462 7.42462 38
      vertex 6.92313 7.89432 38
    endloop
  endfacet
  facet normal -0.683595 -0.729862 -0
    outer loop
      vertex 7.42462 7.42462 38
      vertex 6.92313 7.89432 30
      vertex 7.42462 7.42462 30
    endloop
  endfacet
  facet normal 0.352257 -0.935903 0
    outer loop
      vertex -4.01818 9.70073 30
      vertex -3.37511 9.94277 38
      vertex -4.01818 9.70073 38
    endloop
  endfacet
  facet normal 0.352257 -0.935903 0
    outer loop
      vertex -3.37511 9.94277 38
      vertex -4.01818 9.70073 30
      vertex -3.37511 9.94277 30
    endloop
  endfacet
  facet normal -0.352257 -0.935903 0
    outer loop
      vertex 3.37511 9.94277 30
      vertex 4.01818 9.70073 38
      vertex 3.37511 9.94277 38
    endloop
  endfacet
  facet normal -0.352257 -0.935903 -0
    outer loop
      vertex 4.01818 9.70073 38
      vertex 3.37511 9.94277 30
      vertex 4.01818 9.70073 30
    endloop
  endfacet
  facet normal 0.910863 -0.412708 0
    outer loop
      vertex -9.70073 4.01818 38
      vertex -9.41716 4.64403 30
      vertex -9.41716 4.64403 38
    endloop
  endfacet
  facet normal 0.910863 -0.412708 0
    outer loop
      vertex -9.41716 4.64403 30
      vertex -9.70073 4.01818 38
      vertex -9.70073 4.01818 30
    endloop
  endfacet
  facet normal 0.097949 -0.995191 0
    outer loop
      vertex -1.37052 10.4102 30
      vertex -0.686732 10.4775 38
      vertex -1.37052 10.4102 38
    endloop
  endfacet
  facet normal 0.097949 -0.995191 0
    outer loop
      vertex -0.686732 10.4775 38
      vertex -1.37052 10.4102 30
      vertex -0.686732 10.4775 30
    endloop
  endfacet
  facet normal -0.995191 0.097949 0
    outer loop
      vertex 10.4102 -1.37052 30
      vertex 10.4775 -0.686732 38
      vertex 10.4775 -0.686732 30
    endloop
  endfacet
  facet normal -0.995191 0.097949 0
    outer loop
      vertex 10.4775 -0.686732 38
      vertex 10.4102 -1.37052 30
      vertex 10.4102 -1.37052 38
    endloop
  endfacet
  facet normal 0.729862 0.683595 0
    outer loop
      vertex -7.42462 -7.42462 38
      vertex -7.89432 -6.92313 30
      vertex -7.89432 -6.92313 38
    endloop
  endfacet
  facet normal 0.729862 0.683595 0
    outer loop
      vertex -7.89432 -6.92313 30
      vertex -7.42462 -7.42462 38
      vertex -7.42462 -7.42462 30
    endloop
  endfacet
  facet normal 0.881926 -0.471388 0
    outer loop
      vertex -9.41716 4.64403 38
      vertex -9.09327 5.25 30
      vertex -9.09327 5.25 38
    endloop
  endfacet
  facet normal 0.881926 -0.471388 0
    outer loop
      vertex -9.09327 5.25 30
      vertex -9.41716 4.64403 38
      vertex -9.41716 4.64403 30
    endloop
  endfacet
  facet normal -0.881926 0.471388 0
    outer loop
      vertex 9.09327 -5.25 30
      vertex 9.41716 -4.64403 38
      vertex 9.41716 -4.64403 30
    endloop
  endfacet
  facet normal -0.881926 0.471388 0
    outer loop
      vertex 9.41716 -4.64403 38
      vertex 9.09327 -5.25 30
      vertex 9.09327 -5.25 38
    endloop
  endfacet
  facet normal -0.582482 -0.812844 0
    outer loop
      vertex 5.83349 8.73043 30
      vertex 6.39199 8.33021 38
      vertex 5.83349 8.73043 38
    endloop
  endfacet
  facet normal -0.582482 -0.812844 -0
    outer loop
      vertex 6.39199 8.33021 38
      vertex 5.83349 8.73043 30
      vertex 6.39199 8.33021 30
    endloop
  endfacet
  facet normal 0.0327463 -0.999464 0
    outer loop
      vertex -0.686732 10.4775 30
      vertex 0 10.5 38
      vertex -0.686732 10.4775 38
    endloop
  endfacet
  facet normal 0.0327463 -0.999464 0
    outer loop
      vertex 0 10.5 38
      vertex -0.686732 10.4775 30
      vertex 0 10.5 30
    endloop
  endfacet
  facet normal -0.935903 0.352257 0
    outer loop
      vertex 9.70073 -4.01818 30
      vertex 9.94277 -3.37511 38
      vertex 9.94277 -3.37511 30
    endloop
  endfacet
  facet normal -0.935903 0.352257 0
    outer loop
      vertex 9.94277 -3.37511 38
      vertex 9.70073 -4.01818 30
      vertex 9.70073 -4.01818 38
    endloop
  endfacet
  facet normal -0.528071 -0.8492 0
    outer loop
      vertex 5.25 9.09327 30
      vertex 5.83349 8.73043 38
      vertex 5.25 9.09327 38
    endloop
  endfacet
  facet normal -0.528071 -0.8492 -0
    outer loop
      vertex 5.83349 8.73043 38
      vertex 5.25 9.09327 30
      vertex 5.83349 8.73043 30
    endloop
  endfacet
  facet normal -0.95695 0.290253 0
    outer loop
      vertex 9.94277 -3.37511 30
      vertex 10.1422 -2.7176 38
      vertex 10.1422 -2.7176 30
    endloop
  endfacet
  facet normal -0.95695 0.290253 0
    outer loop
      vertex 10.1422 -2.7176 38
      vertex 9.94277 -3.37511 30
      vertex 9.94277 -3.37511 38
    endloop
  endfacet
  facet normal 0.729862 -0.683595 0
    outer loop
      vertex -7.89432 6.92313 38
      vertex -7.42462 7.42462 30
      vertex -7.42462 7.42462 38
    endloop
  endfacet
  facet normal 0.729862 -0.683595 0
    outer loop
      vertex -7.42462 7.42462 30
      vertex -7.89432 6.92313 38
      vertex -7.89432 6.92313 30
    endloop
  endfacet
  facet normal 0.8492 0.528071 0
    outer loop
      vertex -8.73043 -5.83349 38
      vertex -9.09327 -5.25 30
      vertex -9.09327 -5.25 38
    endloop
  endfacet
  facet normal 0.8492 0.528071 0
    outer loop
      vertex -9.09327 -5.25 30
      vertex -8.73043 -5.83349 38
      vertex -8.73043 -5.83349 30
    endloop
  endfacet
  facet normal -0.352257 0.935903 0
    outer loop
      vertex 4.01818 -9.70073 30
      vertex 3.37511 -9.94277 38
      vertex 4.01818 -9.70073 38
    endloop
  endfacet
  facet normal -0.352257 0.935903 0
    outer loop
      vertex 3.37511 -9.94277 38
      vertex 4.01818 -9.70073 30
      vertex 3.37511 -9.94277 30
    endloop
  endfacet
  facet normal -0.729862 0.683595 0
    outer loop
      vertex 7.42462 -7.42462 30
      vertex 7.89432 -6.92313 38
      vertex 7.89432 -6.92313 30
    endloop
  endfacet
  facet normal -0.729862 0.683595 0
    outer loop
      vertex 7.89432 -6.92313 38
      vertex 7.42462 -7.42462 30
      vertex 7.42462 -7.42462 38
    endloop
  endfacet
  facet normal 0.412708 -0.910863 0
    outer loop
      vertex -4.64403 9.41716 30
      vertex -4.01818 9.70073 38
      vertex -4.64403 9.41716 38
    endloop
  endfacet
  facet normal 0.412708 -0.910863 0
    outer loop
      vertex -4.01818 9.70073 38
      vertex -4.64403 9.41716 30
      vertex -4.01818 9.70073 30
    endloop
  endfacet
  facet normal 0.986626 -0.162999 0
    outer loop
      vertex -10.4102 1.37052 38
      vertex -10.2982 2.04845 30
      vertex -10.2982 2.04845 38
    endloop
  endfacet
  facet normal 0.986626 -0.162999 0
    outer loop
      vertex -10.2982 2.04845 30
      vertex -10.4102 1.37052 38
      vertex -10.4102 1.37052 30
    endloop
  endfacet
  facet normal 0.352257 0.935903 -0
    outer loop
      vertex -3.37511 -9.94277 30
      vertex -4.01818 -9.70073 38
      vertex -3.37511 -9.94277 38
    endloop
  endfacet
  facet normal 0.352257 0.935903 0
    outer loop
      vertex -4.01818 -9.70073 38
      vertex -3.37511 -9.94277 30
      vertex -4.01818 -9.70073 30
    endloop
  endfacet
  facet normal 0.162999 0.986626 -0
    outer loop
      vertex -1.37052 -10.4102 30
      vertex -2.04845 -10.2982 38
      vertex -1.37052 -10.4102 38
    endloop
  endfacet
  facet normal 0.162999 0.986626 0
    outer loop
      vertex -2.04845 -10.2982 38
      vertex -1.37052 -10.4102 30
      vertex -2.04845 -10.2982 30
    endloop
  endfacet
  facet normal -0.634389 0.773014 0
    outer loop
      vertex 6.92313 -7.89432 30
      vertex 6.39199 -8.33021 38
      vertex 6.92313 -7.89432 38
    endloop
  endfacet
  facet normal -0.634389 0.773014 0
    outer loop
      vertex 6.39199 -8.33021 38
      vertex 6.92313 -7.89432 30
      vertex 6.39199 -8.33021 30
    endloop
  endfacet
  facet normal -0.999464 0.0327463 0
    outer loop
      vertex 10.4775 -0.686732 30
      vertex 10.5 0 38
      vertex 10.5 0 30
    endloop
  endfacet
  facet normal -0.999464 0.0327463 0
    outer loop
      vertex 10.5 0 38
      vertex 10.4775 -0.686732 30
      vertex 10.4775 -0.686732 38
    endloop
  endfacet
  facet normal -0.0327463 -0.999464 0
    outer loop
      vertex 0 10.5 30
      vertex 0.686732 10.4775 38
      vertex 0 10.5 38
    endloop
  endfacet
  facet normal -0.0327463 -0.999464 -0
    outer loop
      vertex 0.686732 10.4775 38
      vertex 0 10.5 30
      vertex 0.686732 10.4775 30
    endloop
  endfacet
  facet normal -0.528071 0.8492 0
    outer loop
      vertex 5.83349 -8.73043 30
      vertex 5.25 -9.09327 38
      vertex 5.83349 -8.73043 38
    endloop
  endfacet
  facet normal -0.528071 0.8492 0
    outer loop
      vertex 5.25 -9.09327 38
      vertex 5.83349 -8.73043 30
      vertex 5.25 -9.09327 30
    endloop
  endfacet
  facet normal -0.227043 -0.973885 0
    outer loop
      vertex 2.04845 10.2982 30
      vertex 2.7176 10.1422 38
      vertex 2.04845 10.2982 38
    endloop
  endfacet
  facet normal -0.227043 -0.973885 -0
    outer loop
      vertex 2.7176 10.1422 38
      vertex 2.04845 10.2982 30
      vertex 2.7176 10.1422 30
    endloop
  endfacet
  facet normal 0.0327463 0.999464 -0
    outer loop
      vertex 0 -10.5 30
      vertex -0.686732 -10.4775 38
      vertex 0 -10.5 38
    endloop
  endfacet
  facet normal 0.0327463 0.999464 0
    outer loop
      vertex -0.686732 -10.4775 38
      vertex 0 -10.5 30
      vertex -0.686732 -10.4775 30
    endloop
  endfacet
  facet normal 0.773014 -0.634389 0
    outer loop
      vertex -8.33021 6.39199 38
      vertex -7.89432 6.92313 30
      vertex -7.89432 6.92313 38
    endloop
  endfacet
  facet normal 0.773014 -0.634389 0
    outer loop
      vertex -7.89432 6.92313 30
      vertex -8.33021 6.39199 38
      vertex -8.33021 6.39199 30
    endloop
  endfacet
  facet normal 0.227043 0.973885 -0
    outer loop
      vertex -2.04845 -10.2982 30
      vertex -2.7176 -10.1422 38
      vertex -2.04845 -10.2982 38
    endloop
  endfacet
  facet normal 0.227043 0.973885 0
    outer loop
      vertex -2.7176 -10.1422 38
      vertex -2.04845 -10.2982 30
      vertex -2.7176 -10.1422 30
    endloop
  endfacet
  facet normal 0.097949 0.995191 -0
    outer loop
      vertex -0.686732 -10.4775 30
      vertex -1.37052 -10.4102 38
      vertex -0.686732 -10.4775 38
    endloop
  endfacet
  facet normal 0.097949 0.995191 0
    outer loop
      vertex -1.37052 -10.4102 38
      vertex -0.686732 -10.4775 30
      vertex -1.37052 -10.4102 30
    endloop
  endfacet
  facet normal 0.973885 0.227043 0
    outer loop
      vertex -10.1422 -2.7176 38
      vertex -10.2982 -2.04845 30
      vertex -10.2982 -2.04845 38
    endloop
  endfacet
  facet normal 0.973885 0.227043 0
    outer loop
      vertex -10.2982 -2.04845 30
      vertex -10.1422 -2.7176 38
      vertex -10.1422 -2.7176 30
    endloop
  endfacet
  facet normal 0.995191 -0.097949 0
    outer loop
      vertex -10.4775 0.686732 38
      vertex -10.4102 1.37052 30
      vertex -10.4102 1.37052 38
    endloop
  endfacet
  facet normal 0.995191 -0.097949 0
    outer loop
      vertex -10.4102 1.37052 30
      vertex -10.4775 0.686732 38
      vertex -10.4775 0.686732 30
    endloop
  endfacet
  facet normal 0.8492 -0.528071 0
    outer loop
      vertex -9.09327 5.25 38
      vertex -8.73043 5.83349 30
      vertex -8.73043 5.83349 38
    endloop
  endfacet
  facet normal 0.8492 -0.528071 0
    outer loop
      vertex -8.73043 5.83349 30
      vertex -9.09327 5.25 38
      vertex -9.09327 5.25 30
    endloop
  endfacet
  facet normal 0.290253 0.95695 -0
    outer loop
      vertex -2.7176 -10.1422 30
      vertex -3.37511 -9.94277 38
      vertex -2.7176 -10.1422 38
    endloop
  endfacet
  facet normal 0.290253 0.95695 0
    outer loop
      vertex -3.37511 -9.94277 38
      vertex -2.7176 -10.1422 30
      vertex -3.37511 -9.94277 30
    endloop
  endfacet
  facet normal 0.95695 -0.290253 0
    outer loop
      vertex -10.1422 2.7176 38
      vertex -9.94277 3.37511 30
      vertex -9.94277 3.37511 38
    endloop
  endfacet
  facet normal 0.95695 -0.290253 0
    outer loop
      vertex -9.94277 3.37511 30
      vertex -10.1422 2.7176 38
      vertex -10.1422 2.7176 30
    endloop
  endfacet
  facet normal 0.471388 0.881926 -0
    outer loop
      vertex -4.64403 -9.41716 30
      vertex -5.25 -9.09327 38
      vertex -4.64403 -9.41716 38
    endloop
  endfacet
  facet normal 0.471388 0.881926 0
    outer loop
      vertex -5.25 -9.09327 38
      vertex -4.64403 -9.41716 30
      vertex -5.25 -9.09327 30
    endloop
  endfacet
  facet normal 0.412708 0.910863 -0
    outer loop
      vertex -4.01818 -9.70073 30
      vertex -4.64403 -9.41716 38
      vertex -4.01818 -9.70073 38
    endloop
  endfacet
  facet normal 0.412708 0.910863 0
    outer loop
      vertex -4.64403 -9.41716 38
      vertex -4.01818 -9.70073 30
      vertex -4.64403 -9.41716 30
    endloop
  endfacet
  facet normal 0.471388 -0.881926 0
    outer loop
      vertex -5.25 9.09327 30
      vertex -4.64403 9.41716 38
      vertex -5.25 9.09327 38
    endloop
  endfacet
  facet normal 0.471388 -0.881926 0
    outer loop
      vertex -4.64403 9.41716 38
      vertex -5.25 9.09327 30
      vertex -4.64403 9.41716 30
    endloop
  endfacet
  facet normal 0.582482 0.812844 -0
    outer loop
      vertex -5.83349 -8.73043 30
      vertex -6.39199 -8.33021 38
      vertex -5.83349 -8.73043 38
    endloop
  endfacet
  facet normal 0.582482 0.812844 0
    outer loop
      vertex -6.39199 -8.33021 38
      vertex -5.83349 -8.73043 30
      vertex -6.39199 -8.33021 30
    endloop
  endfacet
endsolid OpenSCAD_Model
