solid OpenSCAD_Model
  facet normal -0.999464 0.0327385 0
    outer loop
      vertex -14.05 0 0
      vertex -14.0199 0.918914 15
      vertex -14.0199 0.918914 0
    endloop
  endfacet
  facet normal -0.999464 0.0327385 0
    outer loop
      vertex -14.0199 0.918914 15
      vertex -14.05 0 0
      vertex -14.05 0 15
    endloop
  endfacet
  facet normal 0.995187 0.0979985 0
    outer loop
      vertex 14.0199 0.918914 15
      vertex 13.9298 1.83389 0
      vertex 13.9298 1.83389 15
    endloop
  endfacet
  facet normal 0.995187 0.0979985 0
    outer loop
      vertex 13.9298 1.83389 0
      vertex 14.0199 0.918914 15
      vertex 14.0199 0.918914 0
    endloop
  endfacet
  facet normal 0.999464 0.0327385 0
    outer loop
      vertex 14.05 0 15
      vertex 14.0199 0.918914 0
      vertex 14.0199 0.918914 15
    endloop
  endfacet
  facet normal 0.999464 0.0327385 0
    outer loop
      vertex 14.0199 0.918914 0
      vertex 14.05 0 15
      vertex 14.05 0 0
    endloop
  endfacet
  facet normal 0.986638 0.16293 0
    outer loop
      vertex 13.9298 1.83389 15
      vertex 13.78 2.74102 0
      vertex 13.78 2.74102 15
    endloop
  endfacet
  facet normal 0.986638 0.16293 0
    outer loop
      vertex 13.78 2.74102 0
      vertex 13.9298 1.83389 15
      vertex 13.9298 1.83389 0
    endloop
  endfacet
  facet normal 0.973895 0.226998 0
    outer loop
      vertex 13.78 2.74102 15
      vertex 13.5713 3.63641 0
      vertex 13.5713 3.63641 15
    endloop
  endfacet
  facet normal 0.973895 0.226998 0
    outer loop
      vertex 13.5713 3.63641 0
      vertex 13.78 2.74102 15
      vertex 13.78 2.74102 0
    endloop
  endfacet
  facet normal 0.352286 0.935892 -0
    outer loop
      vertex 5.3767 12.9805 0
      vertex 4.51622 13.3044 15
      vertex 5.3767 12.9805 15
    endloop
  endfacet
  facet normal 0.352286 0.935892 0
    outer loop
      vertex 4.51622 13.3044 15
      vertex 5.3767 12.9805 0
      vertex 4.51622 13.3044 0
    endloop
  endfacet
  facet normal -0.995187 0.0979985 0
    outer loop
      vertex -14.0199 0.918914 0
      vertex -13.9298 1.83389 15
      vertex -13.9298 1.83389 0
    endloop
  endfacet
  facet normal -0.995187 0.0979985 0
    outer loop
      vertex -13.9298 1.83389 15
      vertex -14.0199 0.918914 0
      vertex -14.0199 0.918914 15
    endloop
  endfacet
  facet normal 0.986638 -0.16293 0
    outer loop
      vertex 13.78 -2.74102 15
      vertex 13.9298 -1.83389 0
      vertex 13.9298 -1.83389 15
    endloop
  endfacet
  facet normal 0.986638 -0.16293 0
    outer loop
      vertex 13.9298 -1.83389 0
      vertex 13.78 -2.74102 15
      vertex 13.78 -2.74102 0
    endloop
  endfacet
  facet normal -0.16293 0.986638 0
    outer loop
      vertex -1.83389 13.9298 0
      vertex -2.74102 13.78 15
      vertex -1.83389 13.9298 15
    endloop
  endfacet
  facet normal -0.16293 0.986638 0
    outer loop
      vertex -2.74102 13.78 15
      vertex -1.83389 13.9298 0
      vertex -2.74102 13.78 0
    endloop
  endfacet
  facet normal -0.226998 -0.973895 0
    outer loop
      vertex -3.63641 -13.5713 0
      vertex -2.74102 -13.78 15
      vertex -3.63641 -13.5713 15
    endloop
  endfacet
  facet normal -0.226998 -0.973895 -0
    outer loop
      vertex -2.74102 -13.78 15
      vertex -3.63641 -13.5713 0
      vertex -2.74102 -13.78 0
    endloop
  endfacet
  facet normal -0.582452 -0.812865 0
    outer loop
      vertex -8.5531 -11.1466 0
      vertex -7.80576 -11.6821 15
      vertex -8.5531 -11.1466 15
    endloop
  endfacet
  facet normal -0.582452 -0.812865 -0
    outer loop
      vertex -7.80576 -11.6821 15
      vertex -8.5531 -11.1466 0
      vertex -7.80576 -11.6821 0
    endloop
  endfacet
  facet normal -0.956937 0.290297 0
    outer loop
      vertex -13.5713 3.63641 0
      vertex -13.3044 4.51622 15
      vertex -13.3044 4.51622 0
    endloop
  endfacet
  facet normal -0.956937 0.290297 0
    outer loop
      vertex -13.3044 4.51622 15
      vertex -13.5713 3.63641 0
      vertex -13.5713 3.63641 15
    endloop
  endfacet
  facet normal 0.881923 0.471394 0
    outer loop
      vertex 12.6011 6.21416 15
      vertex 12.1677 7.025 0
      vertex 12.1677 7.025 15
    endloop
  endfacet
  facet normal 0.881923 0.471394 0
    outer loop
      vertex 12.1677 7.025 0
      vertex 12.6011 6.21416 15
      vertex 12.6011 6.21416 0
    endloop
  endfacet
  facet normal 0.812865 0.582452 0
    outer loop
      vertex 11.6821 7.80576 15
      vertex 11.1466 8.5531 0
      vertex 11.1466 8.5531 15
    endloop
  endfacet
  facet normal 0.812865 0.582452 0
    outer loop
      vertex 11.1466 8.5531 0
      vertex 11.6821 7.80576 15
      vertex 11.6821 7.80576 0
    endloop
  endfacet
  facet normal 0.72989 -0.683565 0
    outer loop
      vertex 9.93485 -9.93485 15
      vertex 10.5633 -9.26381 0
      vertex 10.5633 -9.26381 15
    endloop
  endfacet
  facet normal 0.72989 -0.683565 0
    outer loop
      vertex 10.5633 -9.26381 0
      vertex 9.93485 -9.93485 15
      vertex 9.93485 -9.93485 0
    endloop
  endfacet
  facet normal -0.16293 -0.986638 0
    outer loop
      vertex -2.74102 -13.78 0
      vertex -1.83389 -13.9298 15
      vertex -2.74102 -13.78 15
    endloop
  endfacet
  facet normal -0.16293 -0.986638 -0
    outer loop
      vertex -1.83389 -13.9298 15
      vertex -2.74102 -13.78 0
      vertex -1.83389 -13.9298 0
    endloop
  endfacet
  facet normal -0.412664 0.910884 0
    outer loop
      vertex -5.3767 12.9805 0
      vertex -6.21416 12.6011 15
      vertex -5.3767 12.9805 15
    endloop
  endfacet
  facet normal -0.412664 0.910884 0
    outer loop
      vertex -6.21416 12.6011 15
      vertex -5.3767 12.9805 0
      vertex -6.21416 12.6011 0
    endloop
  endfacet
  facet normal 0.352286 -0.935892 0
    outer loop
      vertex 4.51622 -13.3044 0
      vertex 5.3767 -12.9805 15
      vertex 4.51622 -13.3044 15
    endloop
  endfacet
  facet normal 0.352286 -0.935892 0
    outer loop
      vertex 5.3767 -12.9805 15
      vertex 4.51622 -13.3044 0
      vertex 5.3767 -12.9805 0
    endloop
  endfacet
  facet normal -0.910884 -0.412664 0
    outer loop
      vertex -12.6011 -6.21416 0
      vertex -12.9805 -5.3767 15
      vertex -12.9805 -5.3767 0
    endloop
  endfacet
  facet normal -0.910884 -0.412664 0
    outer loop
      vertex -12.9805 -5.3767 15
      vertex -12.6011 -6.21416 0
      vertex -12.6011 -6.21416 15
    endloop
  endfacet
  facet normal -0.812865 0.582452 0
    outer loop
      vertex -11.6821 7.80576 0
      vertex -11.1466 8.5531 15
      vertex -11.1466 8.5531 0
    endloop
  endfacet
  facet normal -0.812865 0.582452 0
    outer loop
      vertex -11.1466 8.5531 15
      vertex -11.6821 7.80576 0
      vertex -11.6821 7.80576 15
    endloop
  endfacet
  facet normal -0.956937 -0.290297 0
    outer loop
      vertex -13.3044 -4.51622 0
      vertex -13.5713 -3.63641 15
      vertex -13.5713 -3.63641 0
    endloop
  endfacet
  facet normal -0.956937 -0.290297 0
    outer loop
      vertex -13.5713 -3.63641 15
      vertex -13.3044 -4.51622 0
      vertex -13.3044 -4.51622 15
    endloop
  endfacet
  facet normal 0.849157 -0.52814 0
    outer loop
      vertex 11.6821 -7.80576 15
      vertex 12.1677 -7.025 0
      vertex 12.1677 -7.025 15
    endloop
  endfacet
  facet normal 0.849157 -0.52814 0
    outer loop
      vertex 12.1677 -7.025 0
      vertex 11.6821 -7.80576 15
      vertex 11.6821 -7.80576 0
    endloop
  endfacet
  facet normal 0.849157 0.52814 0
    outer loop
      vertex 12.1677 7.025 15
      vertex 11.6821 7.80576 0
      vertex 11.6821 7.80576 15
    endloop
  endfacet
  facet normal 0.849157 0.52814 0
    outer loop
      vertex 11.6821 7.80576 0
      vertex 12.1677 7.025 15
      vertex 12.1677 7.025 0
    endloop
  endfacet
  facet normal -0.471394 -0.881923 0
    outer loop
      vertex -7.025 -12.1677 0
      vertex -6.21416 -12.6011 15
      vertex -7.025 -12.1677 15
    endloop
  endfacet
  facet normal -0.471394 -0.881923 -0
    outer loop
      vertex -6.21416 -12.6011 15
      vertex -7.025 -12.1677 0
      vertex -6.21416 -12.6011 0
    endloop
  endfacet
  facet normal 0.634416 -0.772992 0
    outer loop
      vertex 8.5531 -11.1466 0
      vertex 9.26381 -10.5633 15
      vertex 8.5531 -11.1466 15
    endloop
  endfacet
  facet normal 0.634416 -0.772992 0
    outer loop
      vertex 9.26381 -10.5633 15
      vertex 8.5531 -11.1466 0
      vertex 9.26381 -10.5633 0
    endloop
  endfacet
  facet normal -0.352286 0.935892 0
    outer loop
      vertex -4.51622 13.3044 0
      vertex -5.3767 12.9805 15
      vertex -4.51622 13.3044 15
    endloop
  endfacet
  facet normal -0.352286 0.935892 0
    outer loop
      vertex -5.3767 12.9805 15
      vertex -4.51622 13.3044 0
      vertex -5.3767 12.9805 0
    endloop
  endfacet
  facet normal 0.0327385 0.999464 -0
    outer loop
      vertex 0.918914 14.0199 0
      vertex 0 14.05 15
      vertex 0.918914 14.0199 15
    endloop
  endfacet
  facet normal 0.0327385 0.999464 0
    outer loop
      vertex 0 14.05 15
      vertex 0.918914 14.0199 0
      vertex 0 14.05 0
    endloop
  endfacet
  facet normal 0.16293 0.986638 -0
    outer loop
      vertex 2.74102 13.78 0
      vertex 1.83389 13.9298 15
      vertex 2.74102 13.78 15
    endloop
  endfacet
  facet normal 0.16293 0.986638 0
    outer loop
      vertex 1.83389 13.9298 15
      vertex 2.74102 13.78 0
      vertex 1.83389 13.9298 0
    endloop
  endfacet
  facet normal 0.683565 -0.72989 0
    outer loop
      vertex 9.26381 -10.5633 0
      vertex 9.93485 -9.93485 15
      vertex 9.26381 -10.5633 15
    endloop
  endfacet
  facet normal 0.683565 -0.72989 0
    outer loop
      vertex 9.93485 -9.93485 15
      vertex 9.26381 -10.5633 0
      vertex 9.93485 -9.93485 0
    endloop
  endfacet
  facet normal -0.634416 0.772992 0
    outer loop
      vertex -8.5531 11.1466 0
      vertex -9.26381 10.5633 15
      vertex -8.5531 11.1466 15
    endloop
  endfacet
  facet normal -0.634416 0.772992 0
    outer loop
      vertex -9.26381 10.5633 15
      vertex -8.5531 11.1466 0
      vertex -9.26381 10.5633 0
    endloop
  endfacet
  facet normal 0.772992 -0.634416 0
    outer loop
      vertex 10.5633 -9.26381 15
      vertex 11.1466 -8.5531 0
      vertex 11.1466 -8.5531 15
    endloop
  endfacet
  facet normal 0.772992 -0.634416 0
    outer loop
      vertex 11.1466 -8.5531 0
      vertex 10.5633 -9.26381 15
      vertex 10.5633 -9.26381 0
    endloop
  endfacet
  facet normal 0.290297 -0.956937 0
    outer loop
      vertex 3.63641 -13.5713 0
      vertex 4.51622 -13.3044 15
      vertex 3.63641 -13.5713 15
    endloop
  endfacet
  facet normal 0.290297 -0.956937 0
    outer loop
      vertex 4.51622 -13.3044 15
      vertex 3.63641 -13.5713 0
      vertex 4.51622 -13.3044 0
    endloop
  endfacet
  facet normal -0.412664 -0.910884 0
    outer loop
      vertex -6.21416 -12.6011 0
      vertex -5.3767 -12.9805 15
      vertex -6.21416 -12.6011 15
    endloop
  endfacet
  facet normal -0.412664 -0.910884 -0
    outer loop
      vertex -5.3767 -12.9805 15
      vertex -6.21416 -12.6011 0
      vertex -5.3767 -12.9805 0
    endloop
  endfacet
  facet normal 0.881923 -0.471394 0
    outer loop
      vertex 12.1677 -7.025 15
      vertex 12.6011 -6.21416 0
      vertex 12.6011 -6.21416 15
    endloop
  endfacet
  facet normal 0.881923 -0.471394 0
    outer loop
      vertex 12.6011 -6.21416 0
      vertex 12.1677 -7.025 15
      vertex 12.1677 -7.025 0
    endloop
  endfacet
  facet normal -0.0327385 -0.999464 0
    outer loop
      vertex -0.918914 -14.0199 0
      vertex 0 -14.05 15
      vertex -0.918914 -14.0199 15
    endloop
  endfacet
  facet normal -0.0327385 -0.999464 -0
    outer loop
      vertex 0 -14.05 15
      vertex -0.918914 -14.0199 0
      vertex 0 -14.05 0
    endloop
  endfacet
  facet normal -0.683565 0.72989 0
    outer loop
      vertex -9.26381 10.5633 0
      vertex -9.93485 9.93485 15
      vertex -9.26381 10.5633 15
    endloop
  endfacet
  facet normal -0.683565 0.72989 0
    outer loop
      vertex -9.93485 9.93485 15
      vertex -9.26381 10.5633 0
      vertex -9.93485 9.93485 0
    endloop
  endfacet
  facet normal 0.471394 0.881923 -0
    outer loop
      vertex 7.025 12.1677 0
      vertex 6.21416 12.6011 15
      vertex 7.025 12.1677 15
    endloop
  endfacet
  facet normal 0.471394 0.881923 0
    outer loop
      vertex 6.21416 12.6011 15
      vertex 7.025 12.1677 0
      vertex 6.21416 12.6011 0
    endloop
  endfacet
  facet normal 0.812865 -0.582452 0
    outer loop
      vertex 11.1466 -8.5531 15
      vertex 11.6821 -7.80576 0
      vertex 11.6821 -7.80576 15
    endloop
  endfacet
  facet normal 0.812865 -0.582452 0
    outer loop
      vertex 11.6821 -7.80576 0
      vertex 11.1466 -8.5531 15
      vertex 11.1466 -8.5531 0
    endloop
  endfacet
  facet normal -0.0979985 -0.995187 0
    outer loop
      vertex -1.83389 -13.9298 0
      vertex -0.918914 -14.0199 15
      vertex -1.83389 -13.9298 15
    endloop
  endfacet
  facet normal -0.0979985 -0.995187 -0
    outer loop
      vertex -0.918914 -14.0199 15
      vertex -1.83389 -13.9298 0
      vertex -0.918914 -14.0199 0
    endloop
  endfacet
  facet normal 0.956937 0.290297 0
    outer loop
      vertex 13.5713 3.63641 15
      vertex 13.3044 4.51622 0
      vertex 13.3044 4.51622 15
    endloop
  endfacet
  facet normal 0.956937 0.290297 0
    outer loop
      vertex 13.3044 4.51622 0
      vertex 13.5713 3.63641 15
      vertex 13.5713 3.63641 0
    endloop
  endfacet
  facet normal 0.0979985 -0.995187 0
    outer loop
      vertex 0.918914 -14.0199 0
      vertex 1.83389 -13.9298 15
      vertex 0.918914 -14.0199 15
    endloop
  endfacet
  facet normal 0.0979985 -0.995187 0
    outer loop
      vertex 1.83389 -13.9298 15
      vertex 0.918914 -14.0199 0
      vertex 1.83389 -13.9298 0
    endloop
  endfacet
  facet normal 0.582452 -0.812865 0
    outer loop
      vertex 7.80576 -11.6821 0
      vertex 8.5531 -11.1466 15
      vertex 7.80576 -11.6821 15
    endloop
  endfacet
  facet normal 0.582452 -0.812865 0
    outer loop
      vertex 8.5531 -11.1466 15
      vertex 7.80576 -11.6821 0
      vertex 8.5531 -11.1466 0
    endloop
  endfacet
  facet normal 0.72989 0.683565 0
    outer loop
      vertex 10.5633 9.26381 15
      vertex 9.93485 9.93485 0
      vertex 9.93485 9.93485 15
    endloop
  endfacet
  facet normal 0.72989 0.683565 0
    outer loop
      vertex 9.93485 9.93485 0
      vertex 10.5633 9.26381 15
      vertex 10.5633 9.26381 0
    endloop
  endfacet
  facet normal -0.999464 -0.0327385 0
    outer loop
      vertex -14.0199 -0.918914 0
      vertex -14.05 0 15
      vertex -14.05 0 0
    endloop
  endfacet
  facet normal -0.999464 -0.0327385 0
    outer loop
      vertex -14.05 0 15
      vertex -14.0199 -0.918914 0
      vertex -14.0199 -0.918914 15
    endloop
  endfacet
  facet normal 0.634416 0.772992 -0
    outer loop
      vertex 9.26381 10.5633 0
      vertex 8.5531 11.1466 15
      vertex 9.26381 10.5633 15
    endloop
  endfacet
  facet normal 0.634416 0.772992 0
    outer loop
      vertex 8.5531 11.1466 15
      vertex 9.26381 10.5633 0
      vertex 8.5531 11.1466 0
    endloop
  endfacet
  facet normal 0.412664 0.910884 -0
    outer loop
      vertex 6.21416 12.6011 0
      vertex 5.3767 12.9805 15
      vertex 6.21416 12.6011 15
    endloop
  endfacet
  facet normal 0.412664 0.910884 0
    outer loop
      vertex 5.3767 12.9805 15
      vertex 6.21416 12.6011 0
      vertex 5.3767 12.9805 0
    endloop
  endfacet
  facet normal 0.0979985 0.995187 -0
    outer loop
      vertex 1.83389 13.9298 0
      vertex 0.918914 14.0199 15
      vertex 1.83389 13.9298 15
    endloop
  endfacet
  facet normal 0.0979985 0.995187 0
    outer loop
      vertex 0.918914 14.0199 15
      vertex 1.83389 13.9298 0
      vertex 0.918914 14.0199 0
    endloop
  endfacet
  facet normal -0.986638 -0.16293 0
    outer loop
      vertex -13.78 -2.74102 0
      vertex -13.9298 -1.83389 15
      vertex -13.9298 -1.83389 0
    endloop
  endfacet
  facet normal -0.986638 -0.16293 0
    outer loop
      vertex -13.9298 -1.83389 15
      vertex -13.78 -2.74102 0
      vertex -13.78 -2.74102 15
    endloop
  endfacet
  facet normal 0.52814 0.849157 -0
    outer loop
      vertex 7.80576 11.6821 0
      vertex 7.025 12.1677 15
      vertex 7.80576 11.6821 15
    endloop
  endfacet
  facet normal 0.52814 0.849157 0
    outer loop
      vertex 7.025 12.1677 15
      vertex 7.80576 11.6821 0
      vertex 7.025 12.1677 0
    endloop
  endfacet
  facet normal 0.935892 0.352286 0
    outer loop
      vertex 13.3044 4.51622 15
      vertex 12.9805 5.3767 0
      vertex 12.9805 5.3767 15
    endloop
  endfacet
  facet normal 0.935892 0.352286 0
    outer loop
      vertex 12.9805 5.3767 0
      vertex 13.3044 4.51622 15
      vertex 13.3044 4.51622 0
    endloop
  endfacet
  facet normal -0.226998 0.973895 0
    outer loop
      vertex -2.74102 13.78 0
      vertex -3.63641 13.5713 15
      vertex -2.74102 13.78 15
    endloop
  endfacet
  facet normal -0.226998 0.973895 0
    outer loop
      vertex -3.63641 13.5713 15
      vertex -2.74102 13.78 0
      vertex -3.63641 13.5713 0
    endloop
  endfacet
  facet normal 0.226998 -0.973895 0
    outer loop
      vertex 2.74102 -13.78 0
      vertex 3.63641 -13.5713 15
      vertex 2.74102 -13.78 15
    endloop
  endfacet
  facet normal 0.226998 -0.973895 0
    outer loop
      vertex 3.63641 -13.5713 15
      vertex 2.74102 -13.78 0
      vertex 3.63641 -13.5713 0
    endloop
  endfacet
  facet normal -0.72989 -0.683565 0
    outer loop
      vertex -9.93485 -9.93485 0
      vertex -10.5633 -9.26381 15
      vertex -10.5633 -9.26381 0
    endloop
  endfacet
  facet normal -0.72989 -0.683565 0
    outer loop
      vertex -10.5633 -9.26381 15
      vertex -9.93485 -9.93485 0
      vertex -9.93485 -9.93485 15
    endloop
  endfacet
  facet normal 0.412664 -0.910884 0
    outer loop
      vertex 5.3767 -12.9805 0
      vertex 6.21416 -12.6011 15
      vertex 5.3767 -12.9805 15
    endloop
  endfacet
  facet normal 0.412664 -0.910884 0
    outer loop
      vertex 6.21416 -12.6011 15
      vertex 5.3767 -12.9805 0
      vertex 6.21416 -12.6011 0
    endloop
  endfacet
  facet normal 0 0 1
    outer loop
      vertex 3.17341 -2.43505 15
      vertex 7.33657 -1.34531 15
      vertex 3.32588 -2.22228 15
    endloop
  endfacet
  facet normal 0 0 1
    outer loop
      vertex 7.33657 -1.34531 15
      vertex 3.17341 -2.43505 15
      vertex 7.42597 -1.38582 15
    endloop
  endfacet
  facet normal 0 0 1
    outer loop
      vertex 3.00736 -2.63738 15
      vertex 7.42597 -1.38582 15
      vertex 3.17341 -2.43505 15
    endloop
  endfacet
  facet normal 0 0 1
    outer loop
      vertex 7.42597 -1.38582 15
      vertex 3.00736 -2.63738 15
      vertex 7.51784 -1.42039 15
    endloop
  endfacet
  facet normal 0 0 1
    outer loop
      vertex 2.82843 -2.82843 15
      vertex 7.51784 -1.42039 15
      vertex 3.00736 -2.63738 15
    endloop
  endfacet
  facet normal 0 0 1
    outer loop
      vertex 7.51784 -1.42039 15
      vertex 2.82843 -2.82843 15
      vertex 9.26381 -10.5633 15
    endloop
  endfacet
  facet normal -0 0 1
    outer loop
      vertex 2.63738 -3.00736 15
      vertex 9.26381 -10.5633 15
      vertex 2.82843 -2.82843 15
    endloop
  endfacet
  facet normal 0 0 1
    outer loop
      vertex 9.26381 -10.5633 15
      vertex 2.63738 -3.00736 15
      vertex 8.5531 -11.1466 15
    endloop
  endfacet
  facet normal -0 0 1
    outer loop
      vertex 2.43505 -3.17341 15
      vertex 8.5531 -11.1466 15
      vertex 2.63738 -3.00736 15
    endloop
  endfacet
  facet normal 0 0 1
    outer loop
      vertex 8.5531 -11.1466 15
      vertex 2.43505 -3.17341 15
      vertex 7.80576 -11.6821 15
    endloop
  endfacet
  facet normal -0 0 1
    outer loop
      vertex 2.22228 -3.32588 15
      vertex 7.80576 -11.6821 15
      vertex 2.43505 -3.17341 15
    endloop
  endfacet
  facet normal 0 0 1
    outer loop
      vertex 7.80576 -11.6821 15
      vertex 2.22228 -3.32588 15
      vertex 7.025 -12.1677 15
    endloop
  endfacet
  facet normal -0 0 1
    outer loop
      vertex 2 -3.4641 15
      vertex 7.025 -12.1677 15
      vertex 2.22228 -3.32588 15
    endloop
  endfacet
  facet normal 0 0 1
    outer loop
      vertex 7.025 -12.1677 15
      vertex 2 -3.4641 15
      vertex 6.21416 -12.6011 15
    endloop
  endfacet
  facet normal -0 0 1
    outer loop
      vertex 1.76915 -3.58749 15
      vertex 6.21416 -12.6011 15
      vertex 2 -3.4641 15
    endloop
  endfacet
  facet normal 0 0 1
    outer loop
      vertex 6.21416 -12.6011 15
      vertex 1.76915 -3.58749 15
      vertex 5.3767 -12.9805 15
    endloop
  endfacet
  facet normal -0 0 1
    outer loop
      vertex 1.53073 -3.69552 15
      vertex 5.3767 -12.9805 15
      vertex 1.76915 -3.58749 15
    endloop
  endfacet
  facet normal 0 0 1
    outer loop
      vertex 5.3767 -12.9805 15
      vertex 1.53073 -3.69552 15
      vertex 4.51622 -13.3044 15
    endloop
  endfacet
  facet normal -0 0 1
    outer loop
      vertex 1.28576 -3.78772 15
      vertex 4.51622 -13.3044 15
      vertex 1.53073 -3.69552 15
    endloop
  endfacet
  facet normal 0 0 1
    outer loop
      vertex 4.51622 -13.3044 15
      vertex 1.28576 -3.78772 15
      vertex 3.63641 -13.5713 15
    endloop
  endfacet
  facet normal -0 0 1
    outer loop
      vertex 1.03528 -3.8637 15
      vertex 3.63641 -13.5713 15
      vertex 1.28576 -3.78772 15
    endloop
  endfacet
  facet normal 0 0 1
    outer loop
      vertex 3.63641 -13.5713 15
      vertex 1.03528 -3.8637 15
      vertex 2.74102 -13.78 15
    endloop
  endfacet
  facet normal -0 0 1
    outer loop
      vertex 0.780361 -3.92314 15
      vertex 2.74102 -13.78 15
      vertex 1.03528 -3.8637 15
    endloop
  endfacet
  facet normal 0 0 1
    outer loop
      vertex 2.74102 -13.78 15
      vertex 0.780361 -3.92314 15
      vertex 1.83389 -13.9298 15
    endloop
  endfacet
  facet normal -0 0 1
    outer loop
      vertex 0.522104 -3.96578 15
      vertex 1.83389 -13.9298 15
      vertex 0.780361 -3.92314 15
    endloop
  endfacet
  facet normal 0 0 1
    outer loop
      vertex 1.83389 -13.9298 15
      vertex 0.522104 -3.96578 15
      vertex 0.918914 -14.0199 15
    endloop
  endfacet
  facet normal -0 0 1
    outer loop
      vertex 0.261612 -3.99144 15
      vertex 0.918914 -14.0199 15
      vertex 0.522104 -3.96578 15
    endloop
  endfacet
  facet normal -0 0 1
    outer loop
      vertex 0 -4 15
      vertex 0.918914 -14.0199 15
      vertex 0.261612 -3.99144 15
    endloop
  endfacet
  facet normal 0 0 1
    outer loop
      vertex 0 -4 15
      vertex 0 -14.05 15
      vertex 0.918914 -14.0199 15
    endloop
  endfacet
  facet normal 0 0 1
    outer loop
      vertex -0.261612 -3.99144 15
      vertex 0 -14.05 15
      vertex 0 -4 15
    endloop
  endfacet
  facet normal 0 0 1
    outer loop
      vertex -0.918914 -14.0199 15
      vertex -0.261612 -3.99144 15
      vertex -0.522104 -3.96578 15
    endloop
  endfacet
  facet normal 0 0 1
    outer loop
      vertex -1.83389 -13.9298 15
      vertex -0.522104 -3.96578 15
      vertex -0.780361 -3.92314 15
    endloop
  endfacet
  facet normal 0 0 1
    outer loop
      vertex -0.261612 -3.99144 15
      vertex -0.918914 -14.0199 15
      vertex 0 -14.05 15
    endloop
  endfacet
  facet normal 0 0 1
    outer loop
      vertex -2.74102 -13.78 15
      vertex -0.780361 -3.92314 15
      vertex -1.03528 -3.8637 15
    endloop
  endfacet
  facet normal 0 0 1
    outer loop
      vertex -3.63641 -13.5713 15
      vertex -1.03528 -3.8637 15
      vertex -1.28576 -3.78772 15
    endloop
  endfacet
  facet normal 0 0 1
    outer loop
      vertex -4.51622 -13.3044 15
      vertex -1.28576 -3.78772 15
      vertex -1.53073 -3.69552 15
    endloop
  endfacet
  facet normal 0 0 1
    outer loop
      vertex -5.3767 -12.9805 15
      vertex -1.53073 -3.69552 15
      vertex -1.76915 -3.58749 15
    endloop
  endfacet
  facet normal 0 0 1
    outer loop
      vertex -0.522104 -3.96578 15
      vertex -1.83389 -13.9298 15
      vertex -0.918914 -14.0199 15
    endloop
  endfacet
  facet normal 0 0 1
    outer loop
      vertex -6.21416 -12.6011 15
      vertex -1.76915 -3.58749 15
      vertex -2 -3.4641 15
    endloop
  endfacet
  facet normal 0 0 1
    outer loop
      vertex -7.025 -12.1677 15
      vertex -2 -3.4641 15
      vertex -2.22228 -3.32588 15
    endloop
  endfacet
  facet normal 0 0 1
    outer loop
      vertex -7.80576 -11.6821 15
      vertex -2.22228 -3.32588 15
      vertex -2.43505 -3.17341 15
    endloop
  endfacet
  facet normal 0 0 1
    outer loop
      vertex -8.5531 -11.1466 15
      vertex -2.43505 -3.17341 15
      vertex -2.63738 -3.00736 15
    endloop
  endfacet
  facet normal 0 0 1
    outer loop
      vertex -0.780361 -3.92314 15
      vertex -2.74102 -13.78 15
      vertex -1.83389 -13.9298 15
    endloop
  endfacet
  facet normal 0 0 1
    outer loop
      vertex -9.26381 -10.5633 15
      vertex -2.63738 -3.00736 15
      vertex -2.82843 -2.82843 15
    endloop
  endfacet
  facet normal 0 0 1
    outer loop
      vertex -9.93485 -9.93485 15
      vertex -2.82843 -2.82843 15
      vertex -3.00736 -2.63738 15
    endloop
  endfacet
  facet normal 0 0 1
    outer loop
      vertex -10.5633 -9.26381 15
      vertex -3.00736 -2.63738 15
      vertex -3.17341 -2.43505 15
    endloop
  endfacet
  facet normal 0 0 1
    outer loop
      vertex -11.1466 -8.5531 15
      vertex -3.17341 -2.43505 15
      vertex -3.32588 -2.22228 15
    endloop
  endfacet
  facet normal 0 0 1
    outer loop
      vertex -11.6821 -7.80576 15
      vertex -3.32588 -2.22228 15
      vertex -3.4641 -2 15
    endloop
  endfacet
  facet normal 0 0 1
    outer loop
      vertex -12.1677 -7.025 15
      vertex -3.4641 -2 15
      vertex -3.58749 -1.76915 15
    endloop
  endfacet
  facet normal 0 0 1
    outer loop
      vertex -1.03528 -3.8637 15
      vertex -3.63641 -13.5713 15
      vertex -2.74102 -13.78 15
    endloop
  endfacet
  facet normal 0 0 1
    outer loop
      vertex -12.6011 -6.21416 15
      vertex -3.58749 -1.76915 15
      vertex -3.69552 -1.53073 15
    endloop
  endfacet
  facet normal 0 0 1
    outer loop
      vertex -12.9805 -5.3767 15
      vertex -3.69552 -1.53073 15
      vertex -3.78772 -1.28576 15
    endloop
  endfacet
  facet normal 0 0 1
    outer loop
      vertex -13.3044 -4.51622 15
      vertex -3.78772 -1.28576 15
      vertex -3.8637 -1.03528 15
    endloop
  endfacet
  facet normal 0 0 1
    outer loop
      vertex -13.5713 -3.63641 15
      vertex -3.8637 -1.03528 15
      vertex -3.92314 -0.780361 15
    endloop
  endfacet
  facet normal 0 0 1
    outer loop
      vertex -13.78 -2.74102 15
      vertex -3.92314 -0.780361 15
      vertex -3.96578 -0.522104 15
    endloop
  endfacet
  facet normal 0 0 1
    outer loop
      vertex -13.9298 -1.83389 15
      vertex -3.96578 -0.522104 15
      vertex -3.99144 -0.261612 15
    endloop
  endfacet
  facet normal 0 0 1
    outer loop
      vertex -14.0199 -0.918914 15
      vertex -3.99144 -0.261612 15
      vertex -4 0 15
    endloop
  endfacet
  facet normal -0 0 1
    outer loop
      vertex -11.6821 7.80576 15
      vertex -3.32588 2.22228 15
      vertex -11.1466 8.5531 15
    endloop
  endfacet
  facet normal 0 0 1
    outer loop
      vertex -1.28576 -3.78772 15
      vertex -4.51622 -13.3044 15
      vertex -3.63641 -13.5713 15
    endloop
  endfacet
  facet normal 0 0 1
    outer loop
      vertex -3.32588 2.22228 15
      vertex -11.6821 7.80576 15
      vertex -3.4641 2 15
    endloop
  endfacet
  facet normal 0 0 1
    outer loop
      vertex -1.53073 -3.69552 15
      vertex -5.3767 -12.9805 15
      vertex -4.51622 -13.3044 15
    endloop
  endfacet
  facet normal -0 0 1
    outer loop
      vertex -12.1677 7.025 15
      vertex -3.4641 2 15
      vertex -11.6821 7.80576 15
    endloop
  endfacet
  facet normal 0 0 1
    outer loop
      vertex -1.76915 -3.58749 15
      vertex -6.21416 -12.6011 15
      vertex -5.3767 -12.9805 15
    endloop
  endfacet
  facet normal 0 0 1
    outer loop
      vertex -3.4641 2 15
      vertex -12.1677 7.025 15
      vertex -3.58749 1.76915 15
    endloop
  endfacet
  facet normal 0 0 1
    outer loop
      vertex -2 -3.4641 15
      vertex -7.025 -12.1677 15
      vertex -6.21416 -12.6011 15
    endloop
  endfacet
  facet normal -0 0 1
    outer loop
      vertex -12.6011 6.21416 15
      vertex -3.58749 1.76915 15
      vertex -12.1677 7.025 15
    endloop
  endfacet
  facet normal 0 0 1
    outer loop
      vertex -2.22228 -3.32588 15
      vertex -7.80576 -11.6821 15
      vertex -7.025 -12.1677 15
    endloop
  endfacet
  facet normal 0 0 1
    outer loop
      vertex -3.58749 1.76915 15
      vertex -12.6011 6.21416 15
      vertex -3.69552 1.53073 15
    endloop
  endfacet
  facet normal 0 0 1
    outer loop
      vertex -2.43505 -3.17341 15
      vertex -8.5531 -11.1466 15
      vertex -7.80576 -11.6821 15
    endloop
  endfacet
  facet normal -0 0 1
    outer loop
      vertex -12.9805 5.3767 15
      vertex -3.69552 1.53073 15
      vertex -12.6011 6.21416 15
    endloop
  endfacet
  facet normal 0 0 1
    outer loop
      vertex -2.63738 -3.00736 15
      vertex -9.26381 -10.5633 15
      vertex -8.5531 -11.1466 15
    endloop
  endfacet
  facet normal 0 0 1
    outer loop
      vertex -3.69552 1.53073 15
      vertex -12.9805 5.3767 15
      vertex -3.78772 1.28576 15
    endloop
  endfacet
  facet normal 0 0 1
    outer loop
      vertex -2.82843 -2.82843 15
      vertex -9.93485 -9.93485 15
      vertex -9.26381 -10.5633 15
    endloop
  endfacet
  facet normal -0 0 1
    outer loop
      vertex -13.3044 4.51622 15
      vertex -3.78772 1.28576 15
      vertex -12.9805 5.3767 15
    endloop
  endfacet
  facet normal 0 0 1
    outer loop
      vertex -3.00736 -2.63738 15
      vertex -10.5633 -9.26381 15
      vertex -9.93485 -9.93485 15
    endloop
  endfacet
  facet normal 0 0 1
    outer loop
      vertex -3.78772 1.28576 15
      vertex -13.3044 4.51622 15
      vertex -3.8637 1.03528 15
    endloop
  endfacet
  facet normal 0 0 1
    outer loop
      vertex -3.17341 -2.43505 15
      vertex -11.1466 -8.5531 15
      vertex -10.5633 -9.26381 15
    endloop
  endfacet
  facet normal -0 0 1
    outer loop
      vertex -13.5713 3.63641 15
      vertex -3.8637 1.03528 15
      vertex -13.3044 4.51622 15
    endloop
  endfacet
  facet normal 0 0 1
    outer loop
      vertex -3.32588 -2.22228 15
      vertex -11.6821 -7.80576 15
      vertex -11.1466 -8.5531 15
    endloop
  endfacet
  facet normal 0 0 1
    outer loop
      vertex -3.8637 1.03528 15
      vertex -13.5713 3.63641 15
      vertex -3.92314 0.780361 15
    endloop
  endfacet
  facet normal 0 0 1
    outer loop
      vertex -3.4641 -2 15
      vertex -12.1677 -7.025 15
      vertex -11.6821 -7.80576 15
    endloop
  endfacet
  facet normal -0 0 1
    outer loop
      vertex -13.78 2.74102 15
      vertex -3.92314 0.780361 15
      vertex -13.5713 3.63641 15
    endloop
  endfacet
  facet normal 0 0 1
    outer loop
      vertex -3.58749 -1.76915 15
      vertex -12.6011 -6.21416 15
      vertex -12.1677 -7.025 15
    endloop
  endfacet
  facet normal 0 0 1
    outer loop
      vertex -3.92314 0.780361 15
      vertex -13.78 2.74102 15
      vertex -3.96578 0.522104 15
    endloop
  endfacet
  facet normal 0 0 1
    outer loop
      vertex -3.69552 -1.53073 15
      vertex -12.9805 -5.3767 15
      vertex -12.6011 -6.21416 15
    endloop
  endfacet
  facet normal -0 0 1
    outer loop
      vertex -13.9298 1.83389 15
      vertex -3.96578 0.522104 15
      vertex -13.78 2.74102 15
    endloop
  endfacet
  facet normal 0 0 1
    outer loop
      vertex -3.78772 -1.28576 15
      vertex -13.3044 -4.51622 15
      vertex -12.9805 -5.3767 15
    endloop
  endfacet
  facet normal 0 0 1
    outer loop
      vertex -3.96578 0.522104 15
      vertex -13.9298 1.83389 15
      vertex -3.99144 0.261612 15
    endloop
  endfacet
  facet normal 0 0 1
    outer loop
      vertex -3.8637 -1.03528 15
      vertex -13.5713 -3.63641 15
      vertex -13.3044 -4.51622 15
    endloop
  endfacet
  facet normal -0 0 1
    outer loop
      vertex -14.0199 0.918914 15
      vertex -3.99144 0.261612 15
      vertex -13.9298 1.83389 15
    endloop
  endfacet
  facet normal 0 0 1
    outer loop
      vertex -3.92314 -0.780361 15
      vertex -13.78 -2.74102 15
      vertex -13.5713 -3.63641 15
    endloop
  endfacet
  facet normal 0 0 1
    outer loop
      vertex -3.99144 0.261612 15
      vertex -14.0199 0.918914 15
      vertex -4 0 15
    endloop
  endfacet
  facet normal 0 0 1
    outer loop
      vertex -3.96578 -0.522104 15
      vertex -13.9298 -1.83389 15
      vertex -13.78 -2.74102 15
    endloop
  endfacet
  facet normal 0 0 1
    outer loop
      vertex -14.05 0 15
      vertex -4 0 15
      vertex -14.0199 0.918914 15
    endloop
  endfacet
  facet normal 0 0 1
    outer loop
      vertex -3.99144 -0.261612 15
      vertex -14.0199 -0.918914 15
      vertex -13.9298 -1.83389 15
    endloop
  endfacet
  facet normal 0 0 1
    outer loop
      vertex -4 0 15
      vertex -14.05 0 15
      vertex -14.0199 -0.918914 15
    endloop
  endfacet
  facet normal -0 0 1
    outer loop
      vertex 9.49679 0.0981045 15
      vertex 14.05 0 15
      vertex 14.0199 0.918914 15
    endloop
  endfacet
  facet normal 0 0 1
    outer loop
      vertex 9.42039 0.482159 15
      vertex 14.0199 0.918914 15
      vertex 13.9298 1.83389 15
    endloop
  endfacet
  facet normal 0 0 1
    outer loop
      vertex 14.05 0 15
      vertex 9.49679 0.0981045 15
      vertex 9.5 0 15
    endloop
  endfacet
  facet normal 0 0 1
    outer loop
      vertex 9.29904 0.75 15
      vertex 13.9298 1.83389 15
      vertex 13.78 2.74102 15
    endloop
  endfacet
  facet normal 0 0 1
    outer loop
      vertex 9.49679 -0.0981045 15
      vertex 14.05 0 15
      vertex 9.5 0 15
    endloop
  endfacet
  facet normal 0 0 1
    outer loop
      vertex 9.19003 0.913141 15
      vertex 13.78 2.74102 15
      vertex 13.5713 3.63641 15
    endloop
  endfacet
  facet normal 0 0 1
    outer loop
      vertex 14.05 0 15
      vertex 9.49679 -0.0981045 15
      vertex 14.0199 -0.918914 15
    endloop
  endfacet
  facet normal 0 0 1
    outer loop
      vertex 8.98902 1.12776 15
      vertex 13.5713 3.63641 15
      vertex 13.3044 4.51622 15
    endloop
  endfacet
  facet normal -0 0 1
    outer loop
      vertex 9.48717 -0.195788 15
      vertex 14.0199 -0.918914 15
      vertex 9.49679 -0.0981045 15
    endloop
  endfacet
  facet normal 0 0 1
    outer loop
      vertex 8.75 1.29904 15
      vertex 13.3044 4.51622 15
      vertex 12.9805 5.3767 15
    endloop
  endfacet
  facet normal -0 0 1
    outer loop
      vertex 9.47118 -0.292635 15
      vertex 14.0199 -0.918914 15
      vertex 9.48717 -0.195788 15
    endloop
  endfacet
  facet normal 0 0 1
    outer loop
      vertex 8.57402 1.38582 15
      vertex 12.9805 5.3767 15
      vertex 12.6011 6.21416 15
    endloop
  endfacet
  facet normal -0 0 1
    outer loop
      vertex 9.44889 -0.388228 15
      vertex 14.0199 -0.918914 15
      vertex 9.47118 -0.292635 15
    endloop
  endfacet
  facet normal 0 0 1
    outer loop
      vertex 8.38823 1.44889 15
      vertex 12.6011 6.21416 15
      vertex 12.1677 7.025 15
    endloop
  endfacet
  facet normal -0 0 1
    outer loop
      vertex 9.42039 -0.482159 15
      vertex 14.0199 -0.918914 15
      vertex 9.44889 -0.388228 15
    endloop
  endfacet
  facet normal 0 0 1
    outer loop
      vertex 8.19579 1.48717 15
      vertex 12.1677 7.025 15
      vertex 11.6821 7.80576 15
    endloop
  endfacet
  facet normal 0 0 1
    outer loop
      vertex 14.0199 -0.918914 15
      vertex 9.42039 -0.482159 15
      vertex 13.9298 -1.83389 15
    endloop
  endfacet
  facet normal 0 0 1
    outer loop
      vertex 8 1.5 15
      vertex 11.6821 7.80576 15
      vertex 11.1466 8.5531 15
    endloop
  endfacet
  facet normal -0 0 1
    outer loop
      vertex 9.38582 -0.574024 15
      vertex 13.9298 -1.83389 15
      vertex 9.42039 -0.482159 15
    endloop
  endfacet
  facet normal 0 0 1
    outer loop
      vertex 7.80421 1.48717 15
      vertex 11.1466 8.5531 15
      vertex 10.5633 9.26381 15
    endloop
  endfacet
  facet normal -0 0 1
    outer loop
      vertex 9.29904 -0.75 15
      vertex 13.9298 -1.83389 15
      vertex 9.34531 -0.663432 15
    endloop
  endfacet
  facet normal 0 0 1
    outer loop
      vertex 7.70736 1.47118 15
      vertex 10.5633 9.26381 15
      vertex 9.93485 9.93485 15
    endloop
  endfacet
  facet normal 0 0 1
    outer loop
      vertex 13.9298 -1.83389 15
      vertex 9.29904 -0.75 15
      vertex 13.78 -2.74102 15
    endloop
  endfacet
  facet normal -0 0 1
    outer loop
      vertex 9.2472 -0.833355 15
      vertex 13.78 -2.74102 15
      vertex 9.29904 -0.75 15
    endloop
  endfacet
  facet normal -0 0 1
    outer loop
      vertex 9.34531 -0.663432 15
      vertex 13.9298 -1.83389 15
      vertex 9.38582 -0.574024 15
    endloop
  endfacet
  facet normal 0 0 1
    outer loop
      vertex 14.0199 0.918914 15
      vertex 9.48717 0.195788 15
      vertex 9.49679 0.0981045 15
    endloop
  endfacet
  facet normal 0 0 1
    outer loop
      vertex 14.0199 0.918914 15
      vertex 9.47118 0.292635 15
      vertex 9.48717 0.195788 15
    endloop
  endfacet
  facet normal 0 0 1
    outer loop
      vertex 14.0199 0.918914 15
      vertex 9.44889 0.388228 15
      vertex 9.47118 0.292635 15
    endloop
  endfacet
  facet normal 0 0 1
    outer loop
      vertex 14.0199 0.918914 15
      vertex 9.42039 0.482159 15
      vertex 9.44889 0.388228 15
    endloop
  endfacet
  facet normal 0 0 1
    outer loop
      vertex 13.9298 1.83389 15
      vertex 9.38582 0.574024 15
      vertex 9.42039 0.482159 15
    endloop
  endfacet
  facet normal 0 0 1
    outer loop
      vertex 13.9298 1.83389 15
      vertex 9.34531 0.663432 15
      vertex 9.38582 0.574024 15
    endloop
  endfacet
  facet normal 0 0 1
    outer loop
      vertex 13.9298 1.83389 15
      vertex 9.29904 0.75 15
      vertex 9.34531 0.663432 15
    endloop
  endfacet
  facet normal 0 0 1
    outer loop
      vertex 3.17341 2.43505 15
      vertex 9.93485 9.93485 15
      vertex 9.26381 10.5633 15
    endloop
  endfacet
  facet normal 0 0 1
    outer loop
      vertex 13.78 2.74102 15
      vertex 9.2472 0.833355 15
      vertex 9.29904 0.75 15
    endloop
  endfacet
  facet normal 0 0 1
    outer loop
      vertex 13.78 2.74102 15
      vertex 9.19003 0.913141 15
      vertex 9.2472 0.833355 15
    endloop
  endfacet
  facet normal 0 0 1
    outer loop
      vertex 13.5713 3.63641 15
      vertex 9.12776 0.989018 15
      vertex 9.19003 0.913141 15
    endloop
  endfacet
  facet normal 0 0 1
    outer loop
      vertex 13.5713 3.63641 15
      vertex 9.06066 1.06066 15
      vertex 9.12776 0.989018 15
    endloop
  endfacet
  facet normal 0 0 1
    outer loop
      vertex 13.5713 3.63641 15
      vertex 8.98902 1.12776 15
      vertex 9.06066 1.06066 15
    endloop
  endfacet
  facet normal 0 0 1
    outer loop
      vertex 13.3044 4.51622 15
      vertex 8.91314 1.19003 15
      vertex 8.98902 1.12776 15
    endloop
  endfacet
  facet normal 0 0 1
    outer loop
      vertex 13.3044 4.51622 15
      vertex 8.83335 1.2472 15
      vertex 8.91314 1.19003 15
    endloop
  endfacet
  facet normal 0 0 1
    outer loop
      vertex 13.3044 4.51622 15
      vertex 8.75 1.29904 15
      vertex 8.83335 1.2472 15
    endloop
  endfacet
  facet normal 0 0 1
    outer loop
      vertex 12.9805 5.3767 15
      vertex 8.66343 1.34531 15
      vertex 8.75 1.29904 15
    endloop
  endfacet
  facet normal 0 0 1
    outer loop
      vertex 12.9805 5.3767 15
      vertex 8.57402 1.38582 15
      vertex 8.66343 1.34531 15
    endloop
  endfacet
  facet normal 0 0 1
    outer loop
      vertex 3.17341 2.43505 15
      vertex 9.26381 10.5633 15
      vertex 8.5531 11.1466 15
    endloop
  endfacet
  facet normal 0 0 1
    outer loop
      vertex 12.6011 6.21416 15
      vertex 8.48216 1.42039 15
      vertex 8.57402 1.38582 15
    endloop
  endfacet
  facet normal 0 0 1
    outer loop
      vertex 12.6011 6.21416 15
      vertex 8.38823 1.44889 15
      vertex 8.48216 1.42039 15
    endloop
  endfacet
  facet normal 0 0 1
    outer loop
      vertex 12.1677 7.025 15
      vertex 8.29263 1.47118 15
      vertex 8.38823 1.44889 15
    endloop
  endfacet
  facet normal 0 0 1
    outer loop
      vertex 12.1677 7.025 15
      vertex 8.19579 1.48717 15
      vertex 8.29263 1.47118 15
    endloop
  endfacet
  facet normal 0 0 1
    outer loop
      vertex 11.6821 7.80576 15
      vertex 8.0981 1.49679 15
      vertex 8.19579 1.48717 15
    endloop
  endfacet
  facet normal 0 0 1
    outer loop
      vertex 11.6821 7.80576 15
      vertex 8 1.5 15
      vertex 8.0981 1.49679 15
    endloop
  endfacet
  facet normal 0 0 1
    outer loop
      vertex 11.1466 8.5531 15
      vertex 7.90189 1.49679 15
      vertex 8 1.5 15
    endloop
  endfacet
  facet normal 0 0 1
    outer loop
      vertex 3.17341 2.43505 15
      vertex 8.5531 11.1466 15
      vertex 7.80576 11.6821 15
    endloop
  endfacet
  facet normal 0 0 1
    outer loop
      vertex 11.1466 8.5531 15
      vertex 7.80421 1.48717 15
      vertex 7.90189 1.49679 15
    endloop
  endfacet
  facet normal 0 0 1
    outer loop
      vertex 10.5633 9.26381 15
      vertex 7.70736 1.47118 15
      vertex 7.80421 1.48717 15
    endloop
  endfacet
  facet normal 0 0 1
    outer loop
      vertex 9.93485 9.93485 15
      vertex 7.61177 1.44889 15
      vertex 7.70736 1.47118 15
    endloop
  endfacet
  facet normal 0 0 1
    outer loop
      vertex 9.93485 9.93485 15
      vertex 3.17341 2.43505 15
      vertex 7.61177 1.44889 15
    endloop
  endfacet
  facet normal 0 0 1
    outer loop
      vertex 7.61177 1.44889 15
      vertex 3.17341 2.43505 15
      vertex 7.51784 1.42039 15
    endloop
  endfacet
  facet normal 0 0 1
    outer loop
      vertex 7.51784 1.42039 15
      vertex 3.17341 2.43505 15
      vertex 7.42597 1.38582 15
    endloop
  endfacet
  facet normal 0 0 1
    outer loop
      vertex 7.42597 1.38582 15
      vertex 3.17341 2.43505 15
      vertex 7.33657 1.34531 15
    endloop
  endfacet
  facet normal -0 -0 1
    outer loop
      vertex 3.32588 2.22228 15
      vertex 7.33657 1.34531 15
      vertex 3.17341 2.43505 15
    endloop
  endfacet
  facet normal 0 0 1
    outer loop
      vertex 7.33657 1.34531 15
      vertex 3.32588 2.22228 15
      vertex 7.25 1.29904 15
    endloop
  endfacet
  facet normal 0 0 1
    outer loop
      vertex 3.17341 2.43505 15
      vertex 7.80576 11.6821 15
      vertex 7.025 12.1677 15
    endloop
  endfacet
  facet normal 0 0 1
    outer loop
      vertex 7.25 1.29904 15
      vertex 3.32588 2.22228 15
      vertex 7.16664 1.2472 15
    endloop
  endfacet
  facet normal -0 -0 1
    outer loop
      vertex 3.4641 2 15
      vertex 7.16664 1.2472 15
      vertex 3.32588 2.22228 15
    endloop
  endfacet
  facet normal 0 0 1
    outer loop
      vertex 7.16664 1.2472 15
      vertex 3.4641 2 15
      vertex 7.08686 1.19003 15
    endloop
  endfacet
  facet normal -0 -0 1
    outer loop
      vertex 3.58749 1.76915 15
      vertex 7.08686 1.19003 15
      vertex 3.4641 2 15
    endloop
  endfacet
  facet normal 0 0 1
    outer loop
      vertex 7.08686 1.19003 15
      vertex 3.58749 1.76915 15
      vertex 7.01098 1.12776 15
    endloop
  endfacet
  facet normal 0 0 1
    outer loop
      vertex 7.01098 1.12776 15
      vertex 3.58749 1.76915 15
      vertex 6.93934 1.06066 15
    endloop
  endfacet
  facet normal -0 -0 1
    outer loop
      vertex 3.69552 1.53073 15
      vertex 6.93934 1.06066 15
      vertex 3.58749 1.76915 15
    endloop
  endfacet
  facet normal 0 0 1
    outer loop
      vertex 6.93934 1.06066 15
      vertex 3.69552 1.53073 15
      vertex 6.87224 0.989018 15
    endloop
  endfacet
  facet normal 0 0 1
    outer loop
      vertex 6.87224 0.989018 15
      vertex 3.69552 1.53073 15
      vertex 6.80997 0.913141 15
    endloop
  endfacet
  facet normal -0 -0 1
    outer loop
      vertex 3.78772 1.28576 15
      vertex 6.80997 0.913141 15
      vertex 3.69552 1.53073 15
    endloop
  endfacet
  facet normal 0 0 1
    outer loop
      vertex 6.80997 0.913141 15
      vertex 3.78772 1.28576 15
      vertex 6.7528 0.833355 15
    endloop
  endfacet
  facet normal 0 0 1
    outer loop
      vertex 6.7528 0.833355 15
      vertex 3.78772 1.28576 15
      vertex 6.70096 0.75 15
    endloop
  endfacet
  facet normal -0 -0 1
    outer loop
      vertex 3.8637 1.03528 15
      vertex 6.70096 0.75 15
      vertex 3.78772 1.28576 15
    endloop
  endfacet
  facet normal 0 0 1
    outer loop
      vertex 6.70096 0.75 15
      vertex 3.8637 1.03528 15
      vertex 6.65469 0.663432 15
    endloop
  endfacet
  facet normal 0 0 1
    outer loop
      vertex 3.17341 2.43505 15
      vertex 7.025 12.1677 15
      vertex 6.21416 12.6011 15
    endloop
  endfacet
  facet normal -0 0 1
    outer loop
      vertex 9.19003 -0.913141 15
      vertex 13.78 -2.74102 15
      vertex 9.2472 -0.833355 15
    endloop
  endfacet
  facet normal 0 0 1
    outer loop
      vertex 13.78 -2.74102 15
      vertex 9.19003 -0.913141 15
      vertex 13.5713 -3.63641 15
    endloop
  endfacet
  facet normal -0 0 1
    outer loop
      vertex 9.12776 -0.989018 15
      vertex 13.5713 -3.63641 15
      vertex 9.19003 -0.913141 15
    endloop
  endfacet
  facet normal -0 0 1
    outer loop
      vertex 9.06066 -1.06066 15
      vertex 13.5713 -3.63641 15
      vertex 9.12776 -0.989018 15
    endloop
  endfacet
  facet normal -0 0 1
    outer loop
      vertex 8.98902 -1.12776 15
      vertex 13.5713 -3.63641 15
      vertex 9.06066 -1.06066 15
    endloop
  endfacet
  facet normal 0 0 1
    outer loop
      vertex 13.5713 -3.63641 15
      vertex 8.98902 -1.12776 15
      vertex 13.3044 -4.51622 15
    endloop
  endfacet
  facet normal -0 0 1
    outer loop
      vertex 8.91314 -1.19003 15
      vertex 13.3044 -4.51622 15
      vertex 8.98902 -1.12776 15
    endloop
  endfacet
  facet normal -0 0 1
    outer loop
      vertex 8.83335 -1.2472 15
      vertex 13.3044 -4.51622 15
      vertex 8.91314 -1.19003 15
    endloop
  endfacet
  facet normal -0 0 1
    outer loop
      vertex 8.75 -1.29904 15
      vertex 13.3044 -4.51622 15
      vertex 8.83335 -1.2472 15
    endloop
  endfacet
  facet normal 0 0 1
    outer loop
      vertex 13.3044 -4.51622 15
      vertex 8.75 -1.29904 15
      vertex 12.9805 -5.3767 15
    endloop
  endfacet
  facet normal -0 0 1
    outer loop
      vertex 8.66343 -1.34531 15
      vertex 12.9805 -5.3767 15
      vertex 8.75 -1.29904 15
    endloop
  endfacet
  facet normal -0 0 1
    outer loop
      vertex 8.57402 -1.38582 15
      vertex 12.9805 -5.3767 15
      vertex 8.66343 -1.34531 15
    endloop
  endfacet
  facet normal 0 0 1
    outer loop
      vertex 12.9805 -5.3767 15
      vertex 8.57402 -1.38582 15
      vertex 12.6011 -6.21416 15
    endloop
  endfacet
  facet normal -0 0 1
    outer loop
      vertex 8.48216 -1.42039 15
      vertex 12.6011 -6.21416 15
      vertex 8.57402 -1.38582 15
    endloop
  endfacet
  facet normal -0 0 1
    outer loop
      vertex 8.38823 -1.44889 15
      vertex 12.6011 -6.21416 15
      vertex 8.48216 -1.42039 15
    endloop
  endfacet
  facet normal 0 0 1
    outer loop
      vertex 12.6011 -6.21416 15
      vertex 8.38823 -1.44889 15
      vertex 12.1677 -7.025 15
    endloop
  endfacet
  facet normal -0 0 1
    outer loop
      vertex 8.29263 -1.47118 15
      vertex 12.1677 -7.025 15
      vertex 8.38823 -1.44889 15
    endloop
  endfacet
  facet normal -0 0 1
    outer loop
      vertex 8.19579 -1.48717 15
      vertex 12.1677 -7.025 15
      vertex 8.29263 -1.47118 15
    endloop
  endfacet
  facet normal 0 0 1
    outer loop
      vertex 12.1677 -7.025 15
      vertex 8.19579 -1.48717 15
      vertex 11.6821 -7.80576 15
    endloop
  endfacet
  facet normal -0 0 1
    outer loop
      vertex 8.0981 -1.49679 15
      vertex 11.6821 -7.80576 15
      vertex 8.19579 -1.48717 15
    endloop
  endfacet
  facet normal -0 0 1
    outer loop
      vertex 8 -1.5 15
      vertex 11.6821 -7.80576 15
      vertex 8.0981 -1.49679 15
    endloop
  endfacet
  facet normal 0 0 1
    outer loop
      vertex 11.6821 -7.80576 15
      vertex 8 -1.5 15
      vertex 11.1466 -8.5531 15
    endloop
  endfacet
  facet normal 0 0 1
    outer loop
      vertex 7.90189 -1.49679 15
      vertex 11.1466 -8.5531 15
      vertex 8 -1.5 15
    endloop
  endfacet
  facet normal 0 0 1
    outer loop
      vertex 7.80421 -1.48717 15
      vertex 11.1466 -8.5531 15
      vertex 7.90189 -1.49679 15
    endloop
  endfacet
  facet normal 0 0 1
    outer loop
      vertex 11.1466 -8.5531 15
      vertex 7.80421 -1.48717 15
      vertex 10.5633 -9.26381 15
    endloop
  endfacet
  facet normal 0 0 1
    outer loop
      vertex 7.70736 -1.47118 15
      vertex 10.5633 -9.26381 15
      vertex 7.80421 -1.48717 15
    endloop
  endfacet
  facet normal 0 0 1
    outer loop
      vertex 10.5633 -9.26381 15
      vertex 7.70736 -1.47118 15
      vertex 9.93485 -9.93485 15
    endloop
  endfacet
  facet normal 0 0 1
    outer loop
      vertex 7.61177 -1.44889 15
      vertex 9.93485 -9.93485 15
      vertex 7.70736 -1.47118 15
    endloop
  endfacet
  facet normal 0 0 1
    outer loop
      vertex 9.93485 -9.93485 15
      vertex 7.61177 -1.44889 15
      vertex 9.26381 -10.5633 15
    endloop
  endfacet
  facet normal 0 0 1
    outer loop
      vertex 7.51784 -1.42039 15
      vertex 9.26381 -10.5633 15
      vertex 7.61177 -1.44889 15
    endloop
  endfacet
  facet normal 0 0 1
    outer loop
      vertex 7.16664 -1.2472 15
      vertex 3.32588 -2.22228 15
      vertex 7.25 -1.29904 15
    endloop
  endfacet
  facet normal 0 0 1
    outer loop
      vertex 3.32588 -2.22228 15
      vertex 7.16664 -1.2472 15
      vertex 3.4641 -2 15
    endloop
  endfacet
  facet normal 0 0 1
    outer loop
      vertex 3.4641 -2 15
      vertex 7.08686 -1.19003 15
      vertex 3.58749 -1.76915 15
    endloop
  endfacet
  facet normal 0 0 1
    outer loop
      vertex 7.08686 -1.19003 15
      vertex 3.4641 -2 15
      vertex 7.16664 -1.2472 15
    endloop
  endfacet
  facet normal 0 0 1
    outer loop
      vertex 6.93934 -1.06066 15
      vertex 3.58749 -1.76915 15
      vertex 7.01098 -1.12776 15
    endloop
  endfacet
  facet normal 0 0 1
    outer loop
      vertex 6.87224 -0.989018 15
      vertex 3.69552 -1.53073 15
      vertex 6.93934 -1.06066 15
    endloop
  endfacet
  facet normal 0 0 1
    outer loop
      vertex 3.69552 -1.53073 15
      vertex 6.80997 -0.913141 15
      vertex 3.78772 -1.28576 15
    endloop
  endfacet
  facet normal 0 0 1
    outer loop
      vertex 3.58749 -1.76915 15
      vertex 6.93934 -1.06066 15
      vertex 3.69552 -1.53073 15
    endloop
  endfacet
  facet normal 0 0 1
    outer loop
      vertex 6.70096 -0.75 15
      vertex 3.78772 -1.28576 15
      vertex 6.7528 -0.833355 15
    endloop
  endfacet
  facet normal 0 0 1
    outer loop
      vertex 3.78772 -1.28576 15
      vertex 6.70096 -0.75 15
      vertex 3.8637 -1.03528 15
    endloop
  endfacet
  facet normal 0 0 1
    outer loop
      vertex 6.65469 -0.663432 15
      vertex 3.8637 -1.03528 15
      vertex 6.70096 -0.75 15
    endloop
  endfacet
  facet normal 0 0 1
    outer loop
      vertex 3.8637 -1.03528 15
      vertex 6.65469 -0.663432 15
      vertex 3.92314 -0.780361 15
    endloop
  endfacet
  facet normal 0 0 1
    outer loop
      vertex 6.61418 -0.574024 15
      vertex 3.92314 -0.780361 15
      vertex 6.65469 -0.663432 15
    endloop
  endfacet
  facet normal 0 0 1
    outer loop
      vertex 6.5796 -0.482159 15
      vertex 3.92314 -0.780361 15
      vertex 6.61418 -0.574024 15
    endloop
  endfacet
  facet normal 0 0 1
    outer loop
      vertex 3.92314 -0.780361 15
      vertex 6.5796 -0.482159 15
      vertex 3.96578 -0.522104 15
    endloop
  endfacet
  facet normal 0 0 1
    outer loop
      vertex 6.55111 -0.388228 15
      vertex 3.96578 -0.522104 15
      vertex 6.5796 -0.482159 15
    endloop
  endfacet
  facet normal 0 0 1
    outer loop
      vertex 6.52882 -0.292635 15
      vertex 3.96578 -0.522104 15
      vertex 6.55111 -0.388228 15
    endloop
  endfacet
  facet normal 0 0 1
    outer loop
      vertex 3.96578 -0.522104 15
      vertex 6.52882 -0.292635 15
      vertex 3.99144 -0.261612 15
    endloop
  endfacet
  facet normal 0 0 1
    outer loop
      vertex 6.51283 -0.195788 15
      vertex 3.99144 -0.261612 15
      vertex 6.52882 -0.292635 15
    endloop
  endfacet
  facet normal 0 0 1
    outer loop
      vertex 6.50321 -0.0981045 15
      vertex 3.99144 -0.261612 15
      vertex 6.51283 -0.195788 15
    endloop
  endfacet
  facet normal 0 0 1
    outer loop
      vertex 3.99144 -0.261612 15
      vertex 6.50321 -0.0981045 15
      vertex 4 0 15
    endloop
  endfacet
  facet normal 0 0 1
    outer loop
      vertex 6.7528 -0.833355 15
      vertex 3.78772 -1.28576 15
      vertex 6.80997 -0.913141 15
    endloop
  endfacet
  facet normal -0 0 1
    outer loop
      vertex 4 0 15
      vertex 6.50321 -0.0981045 15
      vertex 6.5 0 15
    endloop
  endfacet
  facet normal -0 -0 1
    outer loop
      vertex 3.92314 0.780361 15
      vertex 6.65469 0.663432 15
      vertex 3.8637 1.03528 15
    endloop
  endfacet
  facet normal 0 0 1
    outer loop
      vertex 1.76915 3.58749 15
      vertex 6.21416 12.6011 15
      vertex 5.3767 12.9805 15
    endloop
  endfacet
  facet normal 0 0 1
    outer loop
      vertex 6.80997 -0.913141 15
      vertex 3.69552 -1.53073 15
      vertex 6.87224 -0.989018 15
    endloop
  endfacet
  facet normal 0 0 1
    outer loop
      vertex 1.53073 3.69552 15
      vertex 5.3767 12.9805 15
      vertex 4.51622 13.3044 15
    endloop
  endfacet
  facet normal 0 0 1
    outer loop
      vertex 7.01098 -1.12776 15
      vertex 3.58749 -1.76915 15
      vertex 7.08686 -1.19003 15
    endloop
  endfacet
  facet normal 0 0 1
    outer loop
      vertex 7.25 -1.29904 15
      vertex 3.32588 -2.22228 15
      vertex 7.33657 -1.34531 15
    endloop
  endfacet
  facet normal 0 0 1
    outer loop
      vertex 6.50321 0.0981045 15
      vertex 4 0 15
      vertex 6.5 0 15
    endloop
  endfacet
  facet normal 0 -0 1
    outer loop
      vertex 4 0 15
      vertex 6.50321 0.0981045 15
      vertex 3.99144 0.261612 15
    endloop
  endfacet
  facet normal 0 0 1
    outer loop
      vertex 6.51283 0.195788 15
      vertex 3.99144 0.261612 15
      vertex 6.50321 0.0981045 15
    endloop
  endfacet
  facet normal 0 0 1
    outer loop
      vertex 6.52882 0.292635 15
      vertex 3.99144 0.261612 15
      vertex 6.51283 0.195788 15
    endloop
  endfacet
  facet normal 0 -0 1
    outer loop
      vertex 3.99144 0.261612 15
      vertex 6.52882 0.292635 15
      vertex 3.96578 0.522104 15
    endloop
  endfacet
  facet normal 0 0 1
    outer loop
      vertex 6.55111 0.388228 15
      vertex 3.96578 0.522104 15
      vertex 6.52882 0.292635 15
    endloop
  endfacet
  facet normal 0 0 1
    outer loop
      vertex 1.28576 3.78772 15
      vertex 4.51622 13.3044 15
      vertex 3.63641 13.5713 15
    endloop
  endfacet
  facet normal 0 0 1
    outer loop
      vertex 6.5796 0.482159 15
      vertex 3.96578 0.522104 15
      vertex 6.55111 0.388228 15
    endloop
  endfacet
  facet normal -0 -0 1
    outer loop
      vertex 3.96578 0.522104 15
      vertex 6.5796 0.482159 15
      vertex 3.92314 0.780361 15
    endloop
  endfacet
  facet normal 0 0 1
    outer loop
      vertex 6.61418 0.574024 15
      vertex 3.92314 0.780361 15
      vertex 6.5796 0.482159 15
    endloop
  endfacet
  facet normal 0 0 1
    outer loop
      vertex 6.65469 0.663432 15
      vertex 3.92314 0.780361 15
      vertex 6.61418 0.574024 15
    endloop
  endfacet
  facet normal 0 0 1
    outer loop
      vertex 6.21416 12.6011 15
      vertex 3.00736 2.63738 15
      vertex 3.17341 2.43505 15
    endloop
  endfacet
  facet normal 0 0 1
    outer loop
      vertex 6.21416 12.6011 15
      vertex 2.82843 2.82843 15
      vertex 3.00736 2.63738 15
    endloop
  endfacet
  facet normal 0 0 1
    outer loop
      vertex 1.03528 3.8637 15
      vertex 3.63641 13.5713 15
      vertex 2.74102 13.78 15
    endloop
  endfacet
  facet normal 0 0 1
    outer loop
      vertex 6.21416 12.6011 15
      vertex 2.63738 3.00736 15
      vertex 2.82843 2.82843 15
    endloop
  endfacet
  facet normal 0 0 1
    outer loop
      vertex 6.21416 12.6011 15
      vertex 2.43505 3.17341 15
      vertex 2.63738 3.00736 15
    endloop
  endfacet
  facet normal 0 0 1
    outer loop
      vertex 6.21416 12.6011 15
      vertex 2.22228 3.32588 15
      vertex 2.43505 3.17341 15
    endloop
  endfacet
  facet normal 0 0 1
    outer loop
      vertex 6.21416 12.6011 15
      vertex 2 3.4641 15
      vertex 2.22228 3.32588 15
    endloop
  endfacet
  facet normal 0 0 1
    outer loop
      vertex 0.780361 3.92314 15
      vertex 2.74102 13.78 15
      vertex 1.83389 13.9298 15
    endloop
  endfacet
  facet normal 0 0 1
    outer loop
      vertex 6.21416 12.6011 15
      vertex 1.76915 3.58749 15
      vertex 2 3.4641 15
    endloop
  endfacet
  facet normal 0 0 1
    outer loop
      vertex 5.3767 12.9805 15
      vertex 1.53073 3.69552 15
      vertex 1.76915 3.58749 15
    endloop
  endfacet
  facet normal 0 0 1
    outer loop
      vertex 4.51622 13.3044 15
      vertex 1.28576 3.78772 15
      vertex 1.53073 3.69552 15
    endloop
  endfacet
  facet normal 0 0 1
    outer loop
      vertex 3.63641 13.5713 15
      vertex 1.03528 3.8637 15
      vertex 1.28576 3.78772 15
    endloop
  endfacet
  facet normal 0 0 1
    outer loop
      vertex 0.522104 3.96578 15
      vertex 1.83389 13.9298 15
      vertex 0.918914 14.0199 15
    endloop
  endfacet
  facet normal 0 0 1
    outer loop
      vertex 2.74102 13.78 15
      vertex 0.780361 3.92314 15
      vertex 1.03528 3.8637 15
    endloop
  endfacet
  facet normal 0 0 1
    outer loop
      vertex 1.83389 13.9298 15
      vertex 0.522104 3.96578 15
      vertex 0.780361 3.92314 15
    endloop
  endfacet
  facet normal 0 0 1
    outer loop
      vertex 0.918914 14.0199 15
      vertex 0.261612 3.99144 15
      vertex 0.522104 3.96578 15
    endloop
  endfacet
  facet normal 0 0 1
    outer loop
      vertex 0 14.05 15
      vertex 0.261612 3.99144 15
      vertex 0.918914 14.0199 15
    endloop
  endfacet
  facet normal 0 0 1
    outer loop
      vertex 0 14.05 15
      vertex 0 4 15
      vertex 0.261612 3.99144 15
    endloop
  endfacet
  facet normal 0 0 1
    outer loop
      vertex 0 14.05 15
      vertex -0.261612 3.99144 15
      vertex 0 4 15
    endloop
  endfacet
  facet normal -0 0 1
    outer loop
      vertex -0.918914 14.0199 15
      vertex -0.261612 3.99144 15
      vertex 0 14.05 15
    endloop
  endfacet
  facet normal 0 0 1
    outer loop
      vertex -0.261612 3.99144 15
      vertex -0.918914 14.0199 15
      vertex -0.522104 3.96578 15
    endloop
  endfacet
  facet normal -0 0 1
    outer loop
      vertex -1.83389 13.9298 15
      vertex -0.522104 3.96578 15
      vertex -0.918914 14.0199 15
    endloop
  endfacet
  facet normal 0 0 1
    outer loop
      vertex -0.522104 3.96578 15
      vertex -1.83389 13.9298 15
      vertex -0.780361 3.92314 15
    endloop
  endfacet
  facet normal -0 0 1
    outer loop
      vertex -2.74102 13.78 15
      vertex -0.780361 3.92314 15
      vertex -1.83389 13.9298 15
    endloop
  endfacet
  facet normal 0 0 1
    outer loop
      vertex -0.780361 3.92314 15
      vertex -2.74102 13.78 15
      vertex -1.03528 3.8637 15
    endloop
  endfacet
  facet normal -0 0 1
    outer loop
      vertex -3.63641 13.5713 15
      vertex -1.03528 3.8637 15
      vertex -2.74102 13.78 15
    endloop
  endfacet
  facet normal 0 0 1
    outer loop
      vertex -1.03528 3.8637 15
      vertex -3.63641 13.5713 15
      vertex -1.28576 3.78772 15
    endloop
  endfacet
  facet normal -0 0 1
    outer loop
      vertex -4.51622 13.3044 15
      vertex -1.28576 3.78772 15
      vertex -3.63641 13.5713 15
    endloop
  endfacet
  facet normal 0 0 1
    outer loop
      vertex -1.28576 3.78772 15
      vertex -4.51622 13.3044 15
      vertex -1.53073 3.69552 15
    endloop
  endfacet
  facet normal -0 0 1
    outer loop
      vertex -5.3767 12.9805 15
      vertex -1.53073 3.69552 15
      vertex -4.51622 13.3044 15
    endloop
  endfacet
  facet normal 0 0 1
    outer loop
      vertex -1.53073 3.69552 15
      vertex -5.3767 12.9805 15
      vertex -1.76915 3.58749 15
    endloop
  endfacet
  facet normal -0 0 1
    outer loop
      vertex -6.21416 12.6011 15
      vertex -1.76915 3.58749 15
      vertex -5.3767 12.9805 15
    endloop
  endfacet
  facet normal 0 0 1
    outer loop
      vertex -1.76915 3.58749 15
      vertex -6.21416 12.6011 15
      vertex -2 3.4641 15
    endloop
  endfacet
  facet normal -0 0 1
    outer loop
      vertex -7.025 12.1677 15
      vertex -2 3.4641 15
      vertex -6.21416 12.6011 15
    endloop
  endfacet
  facet normal 0 0 1
    outer loop
      vertex -2 3.4641 15
      vertex -7.025 12.1677 15
      vertex -2.22228 3.32588 15
    endloop
  endfacet
  facet normal -0 0 1
    outer loop
      vertex -7.80576 11.6821 15
      vertex -2.22228 3.32588 15
      vertex -7.025 12.1677 15
    endloop
  endfacet
  facet normal 0 0 1
    outer loop
      vertex -2.22228 3.32588 15
      vertex -7.80576 11.6821 15
      vertex -2.43505 3.17341 15
    endloop
  endfacet
  facet normal -0 0 1
    outer loop
      vertex -8.5531 11.1466 15
      vertex -2.43505 3.17341 15
      vertex -7.80576 11.6821 15
    endloop
  endfacet
  facet normal 0 0 1
    outer loop
      vertex -2.43505 3.17341 15
      vertex -8.5531 11.1466 15
      vertex -2.63738 3.00736 15
    endloop
  endfacet
  facet normal -0 0 1
    outer loop
      vertex -9.26381 10.5633 15
      vertex -2.63738 3.00736 15
      vertex -8.5531 11.1466 15
    endloop
  endfacet
  facet normal 0 0 1
    outer loop
      vertex -2.63738 3.00736 15
      vertex -9.26381 10.5633 15
      vertex -2.82843 2.82843 15
    endloop
  endfacet
  facet normal -0 0 1
    outer loop
      vertex -9.93485 9.93485 15
      vertex -2.82843 2.82843 15
      vertex -9.26381 10.5633 15
    endloop
  endfacet
  facet normal 0 0 1
    outer loop
      vertex -2.82843 2.82843 15
      vertex -9.93485 9.93485 15
      vertex -3.00736 2.63738 15
    endloop
  endfacet
  facet normal -0 0 1
    outer loop
      vertex -10.5633 9.26381 15
      vertex -3.00736 2.63738 15
      vertex -9.93485 9.93485 15
    endloop
  endfacet
  facet normal 0 0 1
    outer loop
      vertex -3.00736 2.63738 15
      vertex -10.5633 9.26381 15
      vertex -3.17341 2.43505 15
    endloop
  endfacet
  facet normal -0 0 1
    outer loop
      vertex -11.1466 8.5531 15
      vertex -3.17341 2.43505 15
      vertex -10.5633 9.26381 15
    endloop
  endfacet
  facet normal 0 0 1
    outer loop
      vertex -3.17341 2.43505 15
      vertex -11.1466 8.5531 15
      vertex -3.32588 2.22228 15
    endloop
  endfacet
  facet normal -0.471394 0.881923 0
    outer loop
      vertex -6.21416 12.6011 0
      vertex -7.025 12.1677 15
      vertex -6.21416 12.6011 15
    endloop
  endfacet
  facet normal -0.471394 0.881923 0
    outer loop
      vertex -7.025 12.1677 15
      vertex -6.21416 12.6011 0
      vertex -7.025 12.1677 0
    endloop
  endfacet
  facet normal -0.290297 0.956937 0
    outer loop
      vertex -3.63641 13.5713 0
      vertex -4.51622 13.3044 15
      vertex -3.63641 13.5713 15
    endloop
  endfacet
  facet normal -0.290297 0.956937 0
    outer loop
      vertex -4.51622 13.3044 15
      vertex -3.63641 13.5713 0
      vertex -4.51622 13.3044 0
    endloop
  endfacet
  facet normal 0.16293 -0.986638 0
    outer loop
      vertex 1.83389 -13.9298 0
      vertex 2.74102 -13.78 15
      vertex 1.83389 -13.9298 15
    endloop
  endfacet
  facet normal 0.16293 -0.986638 0
    outer loop
      vertex 2.74102 -13.78 15
      vertex 1.83389 -13.9298 0
      vertex 2.74102 -13.78 0
    endloop
  endfacet
  facet normal 0.995187 -0.0979985 0
    outer loop
      vertex 13.9298 -1.83389 15
      vertex 14.0199 -0.918914 0
      vertex 14.0199 -0.918914 15
    endloop
  endfacet
  facet normal 0.995187 -0.0979985 0
    outer loop
      vertex 14.0199 -0.918914 0
      vertex 13.9298 -1.83389 15
      vertex 13.9298 -1.83389 0
    endloop
  endfacet
  facet normal 0.999464 -0.0327385 0
    outer loop
      vertex 14.0199 -0.918914 15
      vertex 14.05 0 0
      vertex 14.05 0 15
    endloop
  endfacet
  facet normal 0.999464 -0.0327385 0
    outer loop
      vertex 14.05 0 0
      vertex 14.0199 -0.918914 15
      vertex 14.0199 -0.918914 0
    endloop
  endfacet
  facet normal -0.881923 -0.471394 0
    outer loop
      vertex -12.1677 -7.025 0
      vertex -12.6011 -6.21416 15
      vertex -12.6011 -6.21416 0
    endloop
  endfacet
  facet normal -0.881923 -0.471394 0
    outer loop
      vertex -12.6011 -6.21416 15
      vertex -12.1677 -7.025 0
      vertex -12.1677 -7.025 15
    endloop
  endfacet
  facet normal -0.849157 0.52814 0
    outer loop
      vertex -12.1677 7.025 0
      vertex -11.6821 7.80576 15
      vertex -11.6821 7.80576 0
    endloop
  endfacet
  facet normal -0.849157 0.52814 0
    outer loop
      vertex -11.6821 7.80576 15
      vertex -12.1677 7.025 0
      vertex -12.1677 7.025 15
    endloop
  endfacet
  facet normal -0.0979985 0.995187 0
    outer loop
      vertex -0.918914 14.0199 0
      vertex -1.83389 13.9298 15
      vertex -0.918914 14.0199 15
    endloop
  endfacet
  facet normal -0.0979985 0.995187 0
    outer loop
      vertex -1.83389 13.9298 15
      vertex -0.918914 14.0199 0
      vertex -1.83389 13.9298 0
    endloop
  endfacet
  facet normal -0.812865 -0.582452 0
    outer loop
      vertex -11.1466 -8.5531 0
      vertex -11.6821 -7.80576 15
      vertex -11.6821 -7.80576 0
    endloop
  endfacet
  facet normal -0.812865 -0.582452 0
    outer loop
      vertex -11.6821 -7.80576 15
      vertex -11.1466 -8.5531 0
      vertex -11.1466 -8.5531 15
    endloop
  endfacet
  facet normal 0.0327385 -0.999464 0
    outer loop
      vertex 0 -14.05 0
      vertex 0.918914 -14.0199 15
      vertex 0 -14.05 15
    endloop
  endfacet
  facet normal 0.0327385 -0.999464 0
    outer loop
      vertex 0.918914 -14.0199 15
      vertex 0 -14.05 0
      vertex 0.918914 -14.0199 0
    endloop
  endfacet
  facet normal 0.772992 0.634416 0
    outer loop
      vertex 11.1466 8.5531 15
      vertex 10.5633 9.26381 0
      vertex 10.5633 9.26381 15
    endloop
  endfacet
  facet normal 0.772992 0.634416 0
    outer loop
      vertex 10.5633 9.26381 0
      vertex 11.1466 8.5531 15
      vertex 11.1466 8.5531 0
    endloop
  endfacet
  facet normal 0.52814 -0.849157 0
    outer loop
      vertex 7.025 -12.1677 0
      vertex 7.80576 -11.6821 15
      vertex 7.025 -12.1677 15
    endloop
  endfacet
  facet normal 0.52814 -0.849157 0
    outer loop
      vertex 7.80576 -11.6821 15
      vertex 7.025 -12.1677 0
      vertex 7.80576 -11.6821 0
    endloop
  endfacet
  facet normal -0.772992 0.634416 0
    outer loop
      vertex -11.1466 8.5531 0
      vertex -10.5633 9.26381 15
      vertex -10.5633 9.26381 0
    endloop
  endfacet
  facet normal -0.772992 0.634416 0
    outer loop
      vertex -10.5633 9.26381 15
      vertex -11.1466 8.5531 0
      vertex -11.1466 8.5531 15
    endloop
  endfacet
  facet normal 0.582452 0.812865 -0
    outer loop
      vertex 8.5531 11.1466 0
      vertex 7.80576 11.6821 15
      vertex 8.5531 11.1466 15
    endloop
  endfacet
  facet normal 0.582452 0.812865 0
    outer loop
      vertex 7.80576 11.6821 15
      vertex 8.5531 11.1466 0
      vertex 7.80576 11.6821 0
    endloop
  endfacet
  facet normal 0.973895 -0.226998 0
    outer loop
      vertex 13.5713 -3.63641 15
      vertex 13.78 -2.74102 0
      vertex 13.78 -2.74102 15
    endloop
  endfacet
  facet normal 0.973895 -0.226998 0
    outer loop
      vertex 13.78 -2.74102 0
      vertex 13.5713 -3.63641 15
      vertex 13.5713 -3.63641 0
    endloop
  endfacet
  facet normal -0.52814 -0.849157 0
    outer loop
      vertex -7.80576 -11.6821 0
      vertex -7.025 -12.1677 15
      vertex -7.80576 -11.6821 15
    endloop
  endfacet
  facet normal -0.52814 -0.849157 -0
    outer loop
      vertex -7.025 -12.1677 15
      vertex -7.80576 -11.6821 0
      vertex -7.025 -12.1677 0
    endloop
  endfacet
  facet normal 0.910884 0.412664 0
    outer loop
      vertex 12.9805 5.3767 15
      vertex 12.6011 6.21416 0
      vertex 12.6011 6.21416 15
    endloop
  endfacet
  facet normal 0.910884 0.412664 0
    outer loop
      vertex 12.6011 6.21416 0
      vertex 12.9805 5.3767 15
      vertex 12.9805 5.3767 0
    endloop
  endfacet
  facet normal -0.352286 -0.935892 0
    outer loop
      vertex -5.3767 -12.9805 0
      vertex -4.51622 -13.3044 15
      vertex -5.3767 -12.9805 15
    endloop
  endfacet
  facet normal -0.352286 -0.935892 -0
    outer loop
      vertex -4.51622 -13.3044 15
      vertex -5.3767 -12.9805 0
      vertex -4.51622 -13.3044 0
    endloop
  endfacet
  facet normal -0.72989 0.683565 0
    outer loop
      vertex -10.5633 9.26381 0
      vertex -9.93485 9.93485 15
      vertex -9.93485 9.93485 0
    endloop
  endfacet
  facet normal -0.72989 0.683565 0
    outer loop
      vertex -9.93485 9.93485 15
      vertex -10.5633 9.26381 0
      vertex -10.5633 9.26381 15
    endloop
  endfacet
  facet normal -0.683565 -0.72989 0
    outer loop
      vertex -9.93485 -9.93485 0
      vertex -9.26381 -10.5633 15
      vertex -9.93485 -9.93485 15
    endloop
  endfacet
  facet normal -0.683565 -0.72989 -0
    outer loop
      vertex -9.26381 -10.5633 15
      vertex -9.93485 -9.93485 0
      vertex -9.26381 -10.5633 0
    endloop
  endfacet
  facet normal 0.956937 -0.290297 0
    outer loop
      vertex 13.3044 -4.51622 15
      vertex 13.5713 -3.63641 0
      vertex 13.5713 -3.63641 15
    endloop
  endfacet
  facet normal 0.956937 -0.290297 0
    outer loop
      vertex 13.5713 -3.63641 0
      vertex 13.3044 -4.51622 15
      vertex 13.3044 -4.51622 0
    endloop
  endfacet
  facet normal -0.0327385 0.999464 0
    outer loop
      vertex 0 14.05 0
      vertex -0.918914 14.0199 15
      vertex 0 14.05 15
    endloop
  endfacet
  facet normal -0.0327385 0.999464 0
    outer loop
      vertex -0.918914 14.0199 15
      vertex 0 14.05 0
      vertex -0.918914 14.0199 0
    endloop
  endfacet
  facet normal -0.935892 -0.352286 0
    outer loop
      vertex -12.9805 -5.3767 0
      vertex -13.3044 -4.51622 15
      vertex -13.3044 -4.51622 0
    endloop
  endfacet
  facet normal -0.935892 -0.352286 0
    outer loop
      vertex -13.3044 -4.51622 15
      vertex -12.9805 -5.3767 0
      vertex -12.9805 -5.3767 15
    endloop
  endfacet
  facet normal -0.973895 0.226998 0
    outer loop
      vertex -13.78 2.74102 0
      vertex -13.5713 3.63641 15
      vertex -13.5713 3.63641 0
    endloop
  endfacet
  facet normal -0.973895 0.226998 0
    outer loop
      vertex -13.5713 3.63641 15
      vertex -13.78 2.74102 0
      vertex -13.78 2.74102 15
    endloop
  endfacet
  facet normal -0.910884 0.412664 0
    outer loop
      vertex -12.9805 5.3767 0
      vertex -12.6011 6.21416 15
      vertex -12.6011 6.21416 0
    endloop
  endfacet
  facet normal -0.910884 0.412664 0
    outer loop
      vertex -12.6011 6.21416 15
      vertex -12.9805 5.3767 0
      vertex -12.9805 5.3767 15
    endloop
  endfacet
  facet normal -0.849157 -0.52814 0
    outer loop
      vertex -11.6821 -7.80576 0
      vertex -12.1677 -7.025 15
      vertex -12.1677 -7.025 0
    endloop
  endfacet
  facet normal -0.849157 -0.52814 0
    outer loop
      vertex -12.1677 -7.025 15
      vertex -11.6821 -7.80576 0
      vertex -11.6821 -7.80576 15
    endloop
  endfacet
  facet normal -0.995187 -0.0979985 0
    outer loop
      vertex -13.9298 -1.83389 0
      vertex -14.0199 -0.918914 15
      vertex -14.0199 -0.918914 0
    endloop
  endfacet
  facet normal -0.995187 -0.0979985 0
    outer loop
      vertex -14.0199 -0.918914 15
      vertex -13.9298 -1.83389 0
      vertex -13.9298 -1.83389 15
    endloop
  endfacet
  facet normal -0.634416 -0.772992 0
    outer loop
      vertex -9.26381 -10.5633 0
      vertex -8.5531 -11.1466 15
      vertex -9.26381 -10.5633 15
    endloop
  endfacet
  facet normal -0.634416 -0.772992 -0
    outer loop
      vertex -8.5531 -11.1466 15
      vertex -9.26381 -10.5633 0
      vertex -8.5531 -11.1466 0
    endloop
  endfacet
  facet normal -0.772992 -0.634416 0
    outer loop
      vertex -10.5633 -9.26381 0
      vertex -11.1466 -8.5531 15
      vertex -11.1466 -8.5531 0
    endloop
  endfacet
  facet normal -0.772992 -0.634416 0
    outer loop
      vertex -11.1466 -8.5531 15
      vertex -10.5633 -9.26381 0
      vertex -10.5633 -9.26381 15
    endloop
  endfacet
  facet normal 0.683565 0.72989 -0
    outer loop
      vertex 9.93485 9.93485 0
      vertex 9.26381 10.5633 15
      vertex 9.93485 9.93485 15
    endloop
  endfacet
  facet normal 0.683565 0.72989 0
    outer loop
      vertex 9.26381 10.5633 15
      vertex 9.93485 9.93485 0
      vertex 9.26381 10.5633 0
    endloop
  endfacet
  facet normal 0.910884 -0.412664 0
    outer loop
      vertex 12.6011 -6.21416 15
      vertex 12.9805 -5.3767 0
      vertex 12.9805 -5.3767 15
    endloop
  endfacet
  facet normal 0.910884 -0.412664 0
    outer loop
      vertex 12.9805 -5.3767 0
      vertex 12.6011 -6.21416 15
      vertex 12.6011 -6.21416 0
    endloop
  endfacet
  facet normal 0.471394 -0.881923 0
    outer loop
      vertex 6.21416 -12.6011 0
      vertex 7.025 -12.1677 15
      vertex 6.21416 -12.6011 15
    endloop
  endfacet
  facet normal 0.471394 -0.881923 0
    outer loop
      vertex 7.025 -12.1677 15
      vertex 6.21416 -12.6011 0
      vertex 7.025 -12.1677 0
    endloop
  endfacet
  facet normal 0 0 1
    outer loop
      vertex 14.05 0 0
      vertex 18 0 0
      vertex 17.9615 1.17726 0
    endloop
  endfacet
  facet normal 0 0 1
    outer loop
      vertex 14.0199 0.918914 0
      vertex 17.9615 1.17726 0
      vertex 17.846 2.34947 0
    endloop
  endfacet
  facet normal 0 0 1
    outer loop
      vertex 18 0 0
      vertex 14.05 0 0
      vertex 17.9615 -1.17726 0
    endloop
  endfacet
  facet normal 0 0 1
    outer loop
      vertex 13.9298 1.83389 0
      vertex 17.846 2.34947 0
      vertex 17.6541 3.51163 0
    endloop
  endfacet
  facet normal -0 0 1
    outer loop
      vertex 14.0199 -0.918914 0
      vertex 17.9615 -1.17726 0
      vertex 14.05 0 0
    endloop
  endfacet
  facet normal 0 0 1
    outer loop
      vertex 13.78 2.74102 0
      vertex 17.6541 3.51163 0
      vertex 17.3867 4.65874 0
    endloop
  endfacet
  facet normal 0 0 1
    outer loop
      vertex 17.9615 -1.17726 0
      vertex 14.0199 -0.918914 0
      vertex 17.846 -2.34947 0
    endloop
  endfacet
  facet normal 0 0 1
    outer loop
      vertex 13.5713 3.63641 0
      vertex 17.3867 4.65874 0
      vertex 17.0447 5.78591 0
    endloop
  endfacet
  facet normal -0 0 1
    outer loop
      vertex 13.9298 -1.83389 0
      vertex 17.846 -2.34947 0
      vertex 14.0199 -0.918914 0
    endloop
  endfacet
  facet normal 0 0 1
    outer loop
      vertex 13.3044 4.51622 0
      vertex 17.0447 5.78591 0
      vertex 16.6298 6.8883 0
    endloop
  endfacet
  facet normal 0 0 1
    outer loop
      vertex 17.846 -2.34947 0
      vertex 13.9298 -1.83389 0
      vertex 17.6541 -3.51163 0
    endloop
  endfacet
  facet normal 0 0 1
    outer loop
      vertex 12.9805 5.3767 0
      vertex 16.6298 6.8883 0
      vertex 16.1437 7.9612 0
    endloop
  endfacet
  facet normal -0 0 1
    outer loop
      vertex 13.78 -2.74102 0
      vertex 17.6541 -3.51163 0
      vertex 13.9298 -1.83389 0
    endloop
  endfacet
  facet normal 0 0 1
    outer loop
      vertex 12.6011 6.21416 0
      vertex 16.1437 7.9612 0
      vertex 15.5885 9 0
    endloop
  endfacet
  facet normal 0 0 1
    outer loop
      vertex 17.6541 -3.51163 0
      vertex 13.78 -2.74102 0
      vertex 17.3867 -4.65874 0
    endloop
  endfacet
  facet normal 0 0 1
    outer loop
      vertex 12.1677 7.025 0
      vertex 15.5885 9 0
      vertex 14.9665 10.0003 0
    endloop
  endfacet
  facet normal -0 0 1
    outer loop
      vertex 13.5713 -3.63641 0
      vertex 17.3867 -4.65874 0
      vertex 13.78 -2.74102 0
    endloop
  endfacet
  facet normal 0 0 1
    outer loop
      vertex 11.6821 7.80576 0
      vertex 14.9665 10.0003 0
      vertex 14.2804 10.9577 0
    endloop
  endfacet
  facet normal 0 0 1
    outer loop
      vertex 17.3867 -4.65874 0
      vertex 13.5713 -3.63641 0
      vertex 17.0447 -5.78591 0
    endloop
  endfacet
  facet normal -0 0 1
    outer loop
      vertex 13.3044 -4.51622 0
      vertex 17.0447 -5.78591 0
      vertex 13.5713 -3.63641 0
    endloop
  endfacet
  facet normal 0 0 1
    outer loop
      vertex 17.9615 1.17726 0
      vertex 14.0199 0.918914 0
      vertex 14.05 0 0
    endloop
  endfacet
  facet normal 0 0 1
    outer loop
      vertex 17.846 2.34947 0
      vertex 13.9298 1.83389 0
      vertex 14.0199 0.918914 0
    endloop
  endfacet
  facet normal 0 0 1
    outer loop
      vertex 17.6541 3.51163 0
      vertex 13.78 2.74102 0
      vertex 13.9298 1.83389 0
    endloop
  endfacet
  facet normal 0 0 1
    outer loop
      vertex 17.3867 4.65874 0
      vertex 13.5713 3.63641 0
      vertex 13.78 2.74102 0
    endloop
  endfacet
  facet normal 0 0 1
    outer loop
      vertex 11.1466 8.5531 0
      vertex 14.2804 10.9577 0
      vertex 13.5331 11.8682 0
    endloop
  endfacet
  facet normal 0 0 1
    outer loop
      vertex 17.0447 5.78591 0
      vertex 13.3044 4.51622 0
      vertex 13.5713 3.63641 0
    endloop
  endfacet
  facet normal 0 0 1
    outer loop
      vertex 16.6298 6.8883 0
      vertex 12.9805 5.3767 0
      vertex 13.3044 4.51622 0
    endloop
  endfacet
  facet normal 0 0 1
    outer loop
      vertex 10.5633 9.26381 0
      vertex 13.5331 11.8682 0
      vertex 12.7279 12.7279 0
    endloop
  endfacet
  facet normal 0 0 1
    outer loop
      vertex 16.1437 7.9612 0
      vertex 12.6011 6.21416 0
      vertex 12.9805 5.3767 0
    endloop
  endfacet
  facet normal 0 0 1
    outer loop
      vertex 15.5885 9 0
      vertex 12.1677 7.025 0
      vertex 12.6011 6.21416 0
    endloop
  endfacet
  facet normal 0 0 1
    outer loop
      vertex 9.93485 9.93485 0
      vertex 12.7279 12.7279 0
      vertex 11.8682 13.5331 0
    endloop
  endfacet
  facet normal 0 0 1
    outer loop
      vertex 14.9665 10.0003 0
      vertex 11.6821 7.80576 0
      vertex 12.1677 7.025 0
    endloop
  endfacet
  facet normal 0 0 1
    outer loop
      vertex 14.2804 10.9577 0
      vertex 11.1466 8.5531 0
      vertex 11.6821 7.80576 0
    endloop
  endfacet
  facet normal 0 0 1
    outer loop
      vertex 9.26381 10.5633 0
      vertex 11.8682 13.5331 0
      vertex 10.9577 14.2804 0
    endloop
  endfacet
  facet normal 0 0 1
    outer loop
      vertex 13.5331 11.8682 0
      vertex 10.5633 9.26381 0
      vertex 11.1466 8.5531 0
    endloop
  endfacet
  facet normal 0 0 1
    outer loop
      vertex 8.5531 11.1466 0
      vertex 10.9577 14.2804 0
      vertex 10.0003 14.9665 0
    endloop
  endfacet
  facet normal 0 0 1
    outer loop
      vertex 12.7279 12.7279 0
      vertex 9.93485 9.93485 0
      vertex 10.5633 9.26381 0
    endloop
  endfacet
  facet normal 0 0 1
    outer loop
      vertex 11.8682 13.5331 0
      vertex 9.26381 10.5633 0
      vertex 9.93485 9.93485 0
    endloop
  endfacet
  facet normal 0 0 1
    outer loop
      vertex 7.80576 11.6821 0
      vertex 10.0003 14.9665 0
      vertex 9 15.5885 0
    endloop
  endfacet
  facet normal 0 0 1
    outer loop
      vertex 10.9577 14.2804 0
      vertex 8.5531 11.1466 0
      vertex 9.26381 10.5633 0
    endloop
  endfacet
  facet normal 0 0 1
    outer loop
      vertex 7.025 12.1677 0
      vertex 9 15.5885 0
      vertex 7.9612 16.1437 0
    endloop
  endfacet
  facet normal 0 0 1
    outer loop
      vertex 10.0003 14.9665 0
      vertex 7.80576 11.6821 0
      vertex 8.5531 11.1466 0
    endloop
  endfacet
  facet normal 0 0 1
    outer loop
      vertex 9 15.5885 0
      vertex 7.025 12.1677 0
      vertex 7.80576 11.6821 0
    endloop
  endfacet
  facet normal 0 0 1
    outer loop
      vertex 6.21416 12.6011 0
      vertex 7.9612 16.1437 0
      vertex 6.8883 16.6298 0
    endloop
  endfacet
  facet normal 0 0 1
    outer loop
      vertex 7.9612 16.1437 0
      vertex 6.21416 12.6011 0
      vertex 7.025 12.1677 0
    endloop
  endfacet
  facet normal 0 0 1
    outer loop
      vertex 5.3767 12.9805 0
      vertex 6.8883 16.6298 0
      vertex 5.78591 17.0447 0
    endloop
  endfacet
  facet normal 0 0 1
    outer loop
      vertex 6.8883 16.6298 0
      vertex 5.3767 12.9805 0
      vertex 6.21416 12.6011 0
    endloop
  endfacet
  facet normal 0 0 1
    outer loop
      vertex 4.51622 13.3044 0
      vertex 5.78591 17.0447 0
      vertex 4.65874 17.3867 0
    endloop
  endfacet
  facet normal 0 0 1
    outer loop
      vertex 5.78591 17.0447 0
      vertex 4.51622 13.3044 0
      vertex 5.3767 12.9805 0
    endloop
  endfacet
  facet normal 0 0 1
    outer loop
      vertex 4.65874 17.3867 0
      vertex 3.63641 13.5713 0
      vertex 4.51622 13.3044 0
    endloop
  endfacet
  facet normal 0 0 1
    outer loop
      vertex 3.51163 17.6541 0
      vertex 3.63641 13.5713 0
      vertex 4.65874 17.3867 0
    endloop
  endfacet
  facet normal 0 0 1
    outer loop
      vertex 3.51163 17.6541 0
      vertex 2.74102 13.78 0
      vertex 3.63641 13.5713 0
    endloop
  endfacet
  facet normal 0 0 1
    outer loop
      vertex 2.34947 17.846 0
      vertex 2.74102 13.78 0
      vertex 3.51163 17.6541 0
    endloop
  endfacet
  facet normal 0 0 1
    outer loop
      vertex 2.34947 17.846 0
      vertex 1.83389 13.9298 0
      vertex 2.74102 13.78 0
    endloop
  endfacet
  facet normal 0 0 1
    outer loop
      vertex 1.17726 17.9615 0
      vertex 1.83389 13.9298 0
      vertex 2.34947 17.846 0
    endloop
  endfacet
  facet normal 0 0 1
    outer loop
      vertex 1.17726 17.9615 0
      vertex 0.918914 14.0199 0
      vertex 1.83389 13.9298 0
    endloop
  endfacet
  facet normal 0 0 1
    outer loop
      vertex 0 18 0
      vertex 0.918914 14.0199 0
      vertex 1.17726 17.9615 0
    endloop
  endfacet
  facet normal 0 0 1
    outer loop
      vertex 0 18 0
      vertex 0 14.05 0
      vertex 0.918914 14.0199 0
    endloop
  endfacet
  facet normal 0 0 1
    outer loop
      vertex 0 18 0
      vertex -0.918914 14.0199 0
      vertex 0 14.05 0
    endloop
  endfacet
  facet normal -0 0 1
    outer loop
      vertex -1.17726 17.9615 0
      vertex -0.918914 14.0199 0
      vertex 0 18 0
    endloop
  endfacet
  facet normal 0 0 1
    outer loop
      vertex -1.17726 17.9615 0
      vertex -1.83389 13.9298 0
      vertex -0.918914 14.0199 0
    endloop
  endfacet
  facet normal -0 0 1
    outer loop
      vertex -2.34947 17.846 0
      vertex -1.83389 13.9298 0
      vertex -1.17726 17.9615 0
    endloop
  endfacet
  facet normal 0 0 1
    outer loop
      vertex -2.34947 17.846 0
      vertex -2.74102 13.78 0
      vertex -1.83389 13.9298 0
    endloop
  endfacet
  facet normal -0 0 1
    outer loop
      vertex -3.51163 17.6541 0
      vertex -2.74102 13.78 0
      vertex -2.34947 17.846 0
    endloop
  endfacet
  facet normal 0 0 1
    outer loop
      vertex -3.51163 17.6541 0
      vertex -3.63641 13.5713 0
      vertex -2.74102 13.78 0
    endloop
  endfacet
  facet normal -0 0 1
    outer loop
      vertex -4.65874 17.3867 0
      vertex -3.63641 13.5713 0
      vertex -3.51163 17.6541 0
    endloop
  endfacet
  facet normal 0 0 1
    outer loop
      vertex -3.63641 13.5713 0
      vertex -4.65874 17.3867 0
      vertex -4.51622 13.3044 0
    endloop
  endfacet
  facet normal -0 0 1
    outer loop
      vertex -5.78591 17.0447 0
      vertex -4.51622 13.3044 0
      vertex -4.65874 17.3867 0
    endloop
  endfacet
  facet normal 0 0 1
    outer loop
      vertex -4.51622 13.3044 0
      vertex -5.78591 17.0447 0
      vertex -5.3767 12.9805 0
    endloop
  endfacet
  facet normal -0 0 1
    outer loop
      vertex -6.8883 16.6298 0
      vertex -5.3767 12.9805 0
      vertex -5.78591 17.0447 0
    endloop
  endfacet
  facet normal 0 0 1
    outer loop
      vertex -5.3767 12.9805 0
      vertex -6.8883 16.6298 0
      vertex -6.21416 12.6011 0
    endloop
  endfacet
  facet normal -0 0 1
    outer loop
      vertex -7.9612 16.1437 0
      vertex -6.21416 12.6011 0
      vertex -6.8883 16.6298 0
    endloop
  endfacet
  facet normal 0 0 1
    outer loop
      vertex -6.21416 12.6011 0
      vertex -7.9612 16.1437 0
      vertex -7.025 12.1677 0
    endloop
  endfacet
  facet normal -0 0 1
    outer loop
      vertex -9 15.5885 0
      vertex -7.025 12.1677 0
      vertex -7.9612 16.1437 0
    endloop
  endfacet
  facet normal 0 0 1
    outer loop
      vertex -7.025 12.1677 0
      vertex -9 15.5885 0
      vertex -7.80576 11.6821 0
    endloop
  endfacet
  facet normal -0 0 1
    outer loop
      vertex -10.0003 14.9665 0
      vertex -7.80576 11.6821 0
      vertex -9 15.5885 0
    endloop
  endfacet
  facet normal 0 0 1
    outer loop
      vertex -7.80576 11.6821 0
      vertex -10.0003 14.9665 0
      vertex -8.5531 11.1466 0
    endloop
  endfacet
  facet normal -0 0 1
    outer loop
      vertex -10.9577 14.2804 0
      vertex -8.5531 11.1466 0
      vertex -10.0003 14.9665 0
    endloop
  endfacet
  facet normal 0 0 1
    outer loop
      vertex -8.5531 11.1466 0
      vertex -10.9577 14.2804 0
      vertex -9.26381 10.5633 0
    endloop
  endfacet
  facet normal -0 0 1
    outer loop
      vertex -11.8682 13.5331 0
      vertex -9.26381 10.5633 0
      vertex -10.9577 14.2804 0
    endloop
  endfacet
  facet normal 0 0 1
    outer loop
      vertex -9.26381 10.5633 0
      vertex -11.8682 13.5331 0
      vertex -9.93485 9.93485 0
    endloop
  endfacet
  facet normal -0 0 1
    outer loop
      vertex -12.7279 12.7279 0
      vertex -9.93485 9.93485 0
      vertex -11.8682 13.5331 0
    endloop
  endfacet
  facet normal 0 0 1
    outer loop
      vertex -9.93485 9.93485 0
      vertex -12.7279 12.7279 0
      vertex -10.5633 9.26381 0
    endloop
  endfacet
  facet normal -0 0 1
    outer loop
      vertex -13.5331 11.8682 0
      vertex -10.5633 9.26381 0
      vertex -12.7279 12.7279 0
    endloop
  endfacet
  facet normal 0 0 1
    outer loop
      vertex -10.5633 9.26381 0
      vertex -13.5331 11.8682 0
      vertex -11.1466 8.5531 0
    endloop
  endfacet
  facet normal -0 0 1
    outer loop
      vertex -14.2804 10.9577 0
      vertex -11.1466 8.5531 0
      vertex -13.5331 11.8682 0
    endloop
  endfacet
  facet normal 0 0 1
    outer loop
      vertex -11.1466 8.5531 0
      vertex -14.2804 10.9577 0
      vertex -11.6821 7.80576 0
    endloop
  endfacet
  facet normal -0 0 1
    outer loop
      vertex -14.9665 10.0003 0
      vertex -11.6821 7.80576 0
      vertex -14.2804 10.9577 0
    endloop
  endfacet
  facet normal 0 0 1
    outer loop
      vertex -11.6821 7.80576 0
      vertex -14.9665 10.0003 0
      vertex -12.1677 7.025 0
    endloop
  endfacet
  facet normal -0 0 1
    outer loop
      vertex -15.5885 9 0
      vertex -12.1677 7.025 0
      vertex -14.9665 10.0003 0
    endloop
  endfacet
  facet normal 0 0 1
    outer loop
      vertex -12.1677 7.025 0
      vertex -15.5885 9 0
      vertex -12.6011 6.21416 0
    endloop
  endfacet
  facet normal -0 0 1
    outer loop
      vertex -16.1437 7.9612 0
      vertex -12.6011 6.21416 0
      vertex -15.5885 9 0
    endloop
  endfacet
  facet normal 0 0 1
    outer loop
      vertex -12.6011 6.21416 0
      vertex -16.1437 7.9612 0
      vertex -12.9805 5.3767 0
    endloop
  endfacet
  facet normal -0 0 1
    outer loop
      vertex -16.6298 6.8883 0
      vertex -12.9805 5.3767 0
      vertex -16.1437 7.9612 0
    endloop
  endfacet
  facet normal -0 0 1
    outer loop
      vertex -17.0447 5.78591 0
      vertex -13.3044 4.51622 0
      vertex -16.6298 6.8883 0
    endloop
  endfacet
  facet normal 0 0 1
    outer loop
      vertex -12.9805 5.3767 0
      vertex -16.6298 6.8883 0
      vertex -13.3044 4.51622 0
    endloop
  endfacet
  facet normal 0 0 1
    outer loop
      vertex 17.0447 -5.78591 0
      vertex 13.3044 -4.51622 0
      vertex 16.6298 -6.8883 0
    endloop
  endfacet
  facet normal -0 0 1
    outer loop
      vertex 12.9805 -5.3767 0
      vertex 16.6298 -6.8883 0
      vertex 13.3044 -4.51622 0
    endloop
  endfacet
  facet normal 0 0 1
    outer loop
      vertex 16.6298 -6.8883 0
      vertex 12.9805 -5.3767 0
      vertex 16.1437 -7.9612 0
    endloop
  endfacet
  facet normal -0 0 1
    outer loop
      vertex 12.6011 -6.21416 0
      vertex 16.1437 -7.9612 0
      vertex 12.9805 -5.3767 0
    endloop
  endfacet
  facet normal 0 0 1
    outer loop
      vertex 16.1437 -7.9612 0
      vertex 12.6011 -6.21416 0
      vertex 15.5885 -9 0
    endloop
  endfacet
  facet normal -0 0 1
    outer loop
      vertex 12.1677 -7.025 0
      vertex 15.5885 -9 0
      vertex 12.6011 -6.21416 0
    endloop
  endfacet
  facet normal 0 0 1
    outer loop
      vertex 15.5885 -9 0
      vertex 12.1677 -7.025 0
      vertex 14.9665 -10.0003 0
    endloop
  endfacet
  facet normal -0 0 1
    outer loop
      vertex 11.6821 -7.80576 0
      vertex 14.9665 -10.0003 0
      vertex 12.1677 -7.025 0
    endloop
  endfacet
  facet normal 0 0 1
    outer loop
      vertex 14.9665 -10.0003 0
      vertex 11.6821 -7.80576 0
      vertex 14.2804 -10.9577 0
    endloop
  endfacet
  facet normal -0 0 1
    outer loop
      vertex 11.1466 -8.5531 0
      vertex 14.2804 -10.9577 0
      vertex 11.6821 -7.80576 0
    endloop
  endfacet
  facet normal 0 0 1
    outer loop
      vertex 14.2804 -10.9577 0
      vertex 11.1466 -8.5531 0
      vertex 13.5331 -11.8682 0
    endloop
  endfacet
  facet normal -0 0 1
    outer loop
      vertex 10.5633 -9.26381 0
      vertex 13.5331 -11.8682 0
      vertex 11.1466 -8.5531 0
    endloop
  endfacet
  facet normal 0 0 1
    outer loop
      vertex 13.5331 -11.8682 0
      vertex 10.5633 -9.26381 0
      vertex 12.7279 -12.7279 0
    endloop
  endfacet
  facet normal -0 0 1
    outer loop
      vertex 9.93485 -9.93485 0
      vertex 12.7279 -12.7279 0
      vertex 10.5633 -9.26381 0
    endloop
  endfacet
  facet normal 0 0 1
    outer loop
      vertex 12.7279 -12.7279 0
      vertex 9.93485 -9.93485 0
      vertex 11.8682 -13.5331 0
    endloop
  endfacet
  facet normal -0 0 1
    outer loop
      vertex 9.26381 -10.5633 0
      vertex 11.8682 -13.5331 0
      vertex 9.93485 -9.93485 0
    endloop
  endfacet
  facet normal 0 0 1
    outer loop
      vertex 11.8682 -13.5331 0
      vertex 9.26381 -10.5633 0
      vertex 10.9577 -14.2804 0
    endloop
  endfacet
  facet normal -0 0 1
    outer loop
      vertex 8.5531 -11.1466 0
      vertex 10.9577 -14.2804 0
      vertex 9.26381 -10.5633 0
    endloop
  endfacet
  facet normal 0 0 1
    outer loop
      vertex 10.9577 -14.2804 0
      vertex 8.5531 -11.1466 0
      vertex 10.0003 -14.9665 0
    endloop
  endfacet
  facet normal -0 0 1
    outer loop
      vertex 7.80576 -11.6821 0
      vertex 10.0003 -14.9665 0
      vertex 8.5531 -11.1466 0
    endloop
  endfacet
  facet normal 0 0 1
    outer loop
      vertex 10.0003 -14.9665 0
      vertex 7.80576 -11.6821 0
      vertex 9 -15.5885 0
    endloop
  endfacet
  facet normal -0 0 1
    outer loop
      vertex 7.025 -12.1677 0
      vertex 9 -15.5885 0
      vertex 7.80576 -11.6821 0
    endloop
  endfacet
  facet normal 0 0 1
    outer loop
      vertex 9 -15.5885 0
      vertex 7.025 -12.1677 0
      vertex 7.9612 -16.1437 0
    endloop
  endfacet
  facet normal -0 0 1
    outer loop
      vertex 6.21416 -12.6011 0
      vertex 7.9612 -16.1437 0
      vertex 7.025 -12.1677 0
    endloop
  endfacet
  facet normal 0 0 1
    outer loop
      vertex 7.9612 -16.1437 0
      vertex 6.21416 -12.6011 0
      vertex 6.8883 -16.6298 0
    endloop
  endfacet
  facet normal -0 0 1
    outer loop
      vertex 5.3767 -12.9805 0
      vertex 6.8883 -16.6298 0
      vertex 6.21416 -12.6011 0
    endloop
  endfacet
  facet normal 0 0 1
    outer loop
      vertex 6.8883 -16.6298 0
      vertex 5.3767 -12.9805 0
      vertex 5.78591 -17.0447 0
    endloop
  endfacet
  facet normal -0 0 1
    outer loop
      vertex 4.51622 -13.3044 0
      vertex 5.78591 -17.0447 0
      vertex 5.3767 -12.9805 0
    endloop
  endfacet
  facet normal 0 0 1
    outer loop
      vertex 5.78591 -17.0447 0
      vertex 4.51622 -13.3044 0
      vertex 4.65874 -17.3867 0
    endloop
  endfacet
  facet normal -0 0 1
    outer loop
      vertex 3.63641 -13.5713 0
      vertex 4.65874 -17.3867 0
      vertex 4.51622 -13.3044 0
    endloop
  endfacet
  facet normal 0 0 1
    outer loop
      vertex 3.63641 -13.5713 0
      vertex 3.51163 -17.6541 0
      vertex 4.65874 -17.3867 0
    endloop
  endfacet
  facet normal -0 0 1
    outer loop
      vertex 2.74102 -13.78 0
      vertex 3.51163 -17.6541 0
      vertex 3.63641 -13.5713 0
    endloop
  endfacet
  facet normal 0 0 1
    outer loop
      vertex 2.74102 -13.78 0
      vertex 2.34947 -17.846 0
      vertex 3.51163 -17.6541 0
    endloop
  endfacet
  facet normal -0 0 1
    outer loop
      vertex 1.83389 -13.9298 0
      vertex 2.34947 -17.846 0
      vertex 2.74102 -13.78 0
    endloop
  endfacet
  facet normal 0 0 1
    outer loop
      vertex 1.83389 -13.9298 0
      vertex 1.17726 -17.9615 0
      vertex 2.34947 -17.846 0
    endloop
  endfacet
  facet normal -0 0 1
    outer loop
      vertex 0.918914 -14.0199 0
      vertex 1.17726 -17.9615 0
      vertex 1.83389 -13.9298 0
    endloop
  endfacet
  facet normal -0 0 1
    outer loop
      vertex 0 -14.05 0
      vertex 1.17726 -17.9615 0
      vertex 0.918914 -14.0199 0
    endloop
  endfacet
  facet normal 0 0 1
    outer loop
      vertex 0 -14.05 0
      vertex 0 -18 0
      vertex 1.17726 -17.9615 0
    endloop
  endfacet
  facet normal 0 0 1
    outer loop
      vertex -0.918914 -14.0199 0
      vertex 0 -18 0
      vertex 0 -14.05 0
    endloop
  endfacet
  facet normal 0 0 1
    outer loop
      vertex -0.918914 -14.0199 0
      vertex -1.17726 -17.9615 0
      vertex 0 -18 0
    endloop
  endfacet
  facet normal 0 0 1
    outer loop
      vertex -1.83389 -13.9298 0
      vertex -1.17726 -17.9615 0
      vertex -0.918914 -14.0199 0
    endloop
  endfacet
  facet normal 0 0 1
    outer loop
      vertex -1.83389 -13.9298 0
      vertex -2.34947 -17.846 0
      vertex -1.17726 -17.9615 0
    endloop
  endfacet
  facet normal 0 0 1
    outer loop
      vertex -2.74102 -13.78 0
      vertex -2.34947 -17.846 0
      vertex -1.83389 -13.9298 0
    endloop
  endfacet
  facet normal 0 0 1
    outer loop
      vertex -2.74102 -13.78 0
      vertex -3.51163 -17.6541 0
      vertex -2.34947 -17.846 0
    endloop
  endfacet
  facet normal 0 0 1
    outer loop
      vertex -3.63641 -13.5713 0
      vertex -3.51163 -17.6541 0
      vertex -2.74102 -13.78 0
    endloop
  endfacet
  facet normal 0 0 1
    outer loop
      vertex -4.65874 -17.3867 0
      vertex -3.63641 -13.5713 0
      vertex -4.51622 -13.3044 0
    endloop
  endfacet
  facet normal 0 0 1
    outer loop
      vertex -3.63641 -13.5713 0
      vertex -4.65874 -17.3867 0
      vertex -3.51163 -17.6541 0
    endloop
  endfacet
  facet normal 0 0 1
    outer loop
      vertex -5.78591 -17.0447 0
      vertex -4.51622 -13.3044 0
      vertex -5.3767 -12.9805 0
    endloop
  endfacet
  facet normal 0 0 1
    outer loop
      vertex -4.51622 -13.3044 0
      vertex -5.78591 -17.0447 0
      vertex -4.65874 -17.3867 0
    endloop
  endfacet
  facet normal 0 0 1
    outer loop
      vertex -6.8883 -16.6298 0
      vertex -5.3767 -12.9805 0
      vertex -6.21416 -12.6011 0
    endloop
  endfacet
  facet normal 0 0 1
    outer loop
      vertex -5.3767 -12.9805 0
      vertex -6.8883 -16.6298 0
      vertex -5.78591 -17.0447 0
    endloop
  endfacet
  facet normal 0 0 1
    outer loop
      vertex -7.9612 -16.1437 0
      vertex -6.21416 -12.6011 0
      vertex -7.025 -12.1677 0
    endloop
  endfacet
  facet normal 0 0 1
    outer loop
      vertex -9 -15.5885 0
      vertex -7.025 -12.1677 0
      vertex -7.80576 -11.6821 0
    endloop
  endfacet
  facet normal 0 0 1
    outer loop
      vertex -6.21416 -12.6011 0
      vertex -7.9612 -16.1437 0
      vertex -6.8883 -16.6298 0
    endloop
  endfacet
  facet normal 0 0 1
    outer loop
      vertex -10.0003 -14.9665 0
      vertex -7.80576 -11.6821 0
      vertex -8.5531 -11.1466 0
    endloop
  endfacet
  facet normal 0 0 1
    outer loop
      vertex -7.025 -12.1677 0
      vertex -9 -15.5885 0
      vertex -7.9612 -16.1437 0
    endloop
  endfacet
  facet normal 0 0 1
    outer loop
      vertex -10.9577 -14.2804 0
      vertex -8.5531 -11.1466 0
      vertex -9.26381 -10.5633 0
    endloop
  endfacet
  facet normal 0 0 1
    outer loop
      vertex -11.8682 -13.5331 0
      vertex -9.26381 -10.5633 0
      vertex -9.93485 -9.93485 0
    endloop
  endfacet
  facet normal 0 0 1
    outer loop
      vertex -7.80576 -11.6821 0
      vertex -10.0003 -14.9665 0
      vertex -9 -15.5885 0
    endloop
  endfacet
  facet normal 0 0 1
    outer loop
      vertex -12.7279 -12.7279 0
      vertex -9.93485 -9.93485 0
      vertex -10.5633 -9.26381 0
    endloop
  endfacet
  facet normal 0 0 1
    outer loop
      vertex -8.5531 -11.1466 0
      vertex -10.9577 -14.2804 0
      vertex -10.0003 -14.9665 0
    endloop
  endfacet
  facet normal 0 0 1
    outer loop
      vertex -13.5331 -11.8682 0
      vertex -10.5633 -9.26381 0
      vertex -11.1466 -8.5531 0
    endloop
  endfacet
  facet normal 0 0 1
    outer loop
      vertex -14.2804 -10.9577 0
      vertex -11.1466 -8.5531 0
      vertex -11.6821 -7.80576 0
    endloop
  endfacet
  facet normal 0 0 1
    outer loop
      vertex -9.26381 -10.5633 0
      vertex -11.8682 -13.5331 0
      vertex -10.9577 -14.2804 0
    endloop
  endfacet
  facet normal 0 0 1
    outer loop
      vertex -14.9665 -10.0003 0
      vertex -11.6821 -7.80576 0
      vertex -12.1677 -7.025 0
    endloop
  endfacet
  facet normal 0 0 1
    outer loop
      vertex -15.5885 -9 0
      vertex -12.1677 -7.025 0
      vertex -12.6011 -6.21416 0
    endloop
  endfacet
  facet normal 0 0 1
    outer loop
      vertex -9.93485 -9.93485 0
      vertex -12.7279 -12.7279 0
      vertex -11.8682 -13.5331 0
    endloop
  endfacet
  facet normal 0 0 1
    outer loop
      vertex -16.1437 -7.9612 0
      vertex -12.6011 -6.21416 0
      vertex -12.9805 -5.3767 0
    endloop
  endfacet
  facet normal 0 0 1
    outer loop
      vertex -16.6298 -6.8883 0
      vertex -12.9805 -5.3767 0
      vertex -13.3044 -4.51622 0
    endloop
  endfacet
  facet normal 0 0 1
    outer loop
      vertex -10.5633 -9.26381 0
      vertex -13.5331 -11.8682 0
      vertex -12.7279 -12.7279 0
    endloop
  endfacet
  facet normal 0 0 1
    outer loop
      vertex -17.0447 -5.78591 0
      vertex -13.3044 -4.51622 0
      vertex -13.5713 -3.63641 0
    endloop
  endfacet
  facet normal 0 0 1
    outer loop
      vertex -17.3867 -4.65874 0
      vertex -13.5713 -3.63641 0
      vertex -13.78 -2.74102 0
    endloop
  endfacet
  facet normal 0 0 1
    outer loop
      vertex -17.6541 -3.51163 0
      vertex -13.78 -2.74102 0
      vertex -13.9298 -1.83389 0
    endloop
  endfacet
  facet normal 0 0 1
    outer loop
      vertex -17.846 -2.34947 0
      vertex -13.9298 -1.83389 0
      vertex -14.0199 -0.918914 0
    endloop
  endfacet
  facet normal 0 0 1
    outer loop
      vertex -11.1466 -8.5531 0
      vertex -14.2804 -10.9577 0
      vertex -13.5331 -11.8682 0
    endloop
  endfacet
  facet normal 0 0 1
    outer loop
      vertex -17.9615 -1.17726 0
      vertex -14.0199 -0.918914 0
      vertex -14.05 0 0
    endloop
  endfacet
  facet normal 0 0 1
    outer loop
      vertex -13.3044 4.51622 0
      vertex -17.0447 5.78591 0
      vertex -13.5713 3.63641 0
    endloop
  endfacet
  facet normal -0 0 1
    outer loop
      vertex -17.3867 4.65874 0
      vertex -13.5713 3.63641 0
      vertex -17.0447 5.78591 0
    endloop
  endfacet
  facet normal 0 0 1
    outer loop
      vertex -11.6821 -7.80576 0
      vertex -14.9665 -10.0003 0
      vertex -14.2804 -10.9577 0
    endloop
  endfacet
  facet normal 0 0 1
    outer loop
      vertex -13.5713 3.63641 0
      vertex -17.3867 4.65874 0
      vertex -13.78 2.74102 0
    endloop
  endfacet
  facet normal 0 0 1
    outer loop
      vertex -12.1677 -7.025 0
      vertex -15.5885 -9 0
      vertex -14.9665 -10.0003 0
    endloop
  endfacet
  facet normal -0 0 1
    outer loop
      vertex -17.6541 3.51163 0
      vertex -13.78 2.74102 0
      vertex -17.3867 4.65874 0
    endloop
  endfacet
  facet normal 0 0 1
    outer loop
      vertex -12.6011 -6.21416 0
      vertex -16.1437 -7.9612 0
      vertex -15.5885 -9 0
    endloop
  endfacet
  facet normal 0 0 1
    outer loop
      vertex -13.78 2.74102 0
      vertex -17.6541 3.51163 0
      vertex -13.9298 1.83389 0
    endloop
  endfacet
  facet normal 0 0 1
    outer loop
      vertex -12.9805 -5.3767 0
      vertex -16.6298 -6.8883 0
      vertex -16.1437 -7.9612 0
    endloop
  endfacet
  facet normal -0 0 1
    outer loop
      vertex -17.846 2.34947 0
      vertex -13.9298 1.83389 0
      vertex -17.6541 3.51163 0
    endloop
  endfacet
  facet normal 0 0 1
    outer loop
      vertex -13.3044 -4.51622 0
      vertex -17.0447 -5.78591 0
      vertex -16.6298 -6.8883 0
    endloop
  endfacet
  facet normal 0 0 1
    outer loop
      vertex -13.9298 1.83389 0
      vertex -17.846 2.34947 0
      vertex -14.0199 0.918914 0
    endloop
  endfacet
  facet normal 0 0 1
    outer loop
      vertex -13.5713 -3.63641 0
      vertex -17.3867 -4.65874 0
      vertex -17.0447 -5.78591 0
    endloop
  endfacet
  facet normal -0 0 1
    outer loop
      vertex -17.9615 1.17726 0
      vertex -14.0199 0.918914 0
      vertex -17.846 2.34947 0
    endloop
  endfacet
  facet normal 0 0 1
    outer loop
      vertex -13.78 -2.74102 0
      vertex -17.6541 -3.51163 0
      vertex -17.3867 -4.65874 0
    endloop
  endfacet
  facet normal 0 0 1
    outer loop
      vertex -14.0199 0.918914 0
      vertex -17.9615 1.17726 0
      vertex -14.05 0 0
    endloop
  endfacet
  facet normal 0 0 1
    outer loop
      vertex -13.9298 -1.83389 0
      vertex -17.846 -2.34947 0
      vertex -17.6541 -3.51163 0
    endloop
  endfacet
  facet normal 0 0 1
    outer loop
      vertex -18 0 0
      vertex -14.05 0 0
      vertex -17.9615 1.17726 0
    endloop
  endfacet
  facet normal 0 0 1
    outer loop
      vertex -14.0199 -0.918914 0
      vertex -17.9615 -1.17726 0
      vertex -17.846 -2.34947 0
    endloop
  endfacet
  facet normal 0 0 1
    outer loop
      vertex -14.05 0 0
      vertex -18 0 0
      vertex -17.9615 -1.17726 0
    endloop
  endfacet
  facet normal -0.986638 0.16293 0
    outer loop
      vertex -13.9298 1.83389 0
      vertex -13.78 2.74102 15
      vertex -13.78 2.74102 0
    endloop
  endfacet
  facet normal -0.986638 0.16293 0
    outer loop
      vertex -13.78 2.74102 15
      vertex -13.9298 1.83389 0
      vertex -13.9298 1.83389 15
    endloop
  endfacet
  facet normal -0.52814 0.849157 0
    outer loop
      vertex -7.025 12.1677 0
      vertex -7.80576 11.6821 15
      vertex -7.025 12.1677 15
    endloop
  endfacet
  facet normal -0.52814 0.849157 0
    outer loop
      vertex -7.80576 11.6821 15
      vertex -7.025 12.1677 0
      vertex -7.80576 11.6821 0
    endloop
  endfacet
  facet normal -0.582452 0.812865 0
    outer loop
      vertex -7.80576 11.6821 0
      vertex -8.5531 11.1466 15
      vertex -7.80576 11.6821 15
    endloop
  endfacet
  facet normal -0.582452 0.812865 0
    outer loop
      vertex -8.5531 11.1466 15
      vertex -7.80576 11.6821 0
      vertex -8.5531 11.1466 0
    endloop
  endfacet
  facet normal 0.935892 -0.352286 0
    outer loop
      vertex 12.9805 -5.3767 15
      vertex 13.3044 -4.51622 0
      vertex 13.3044 -4.51622 15
    endloop
  endfacet
  facet normal 0.935892 -0.352286 0
    outer loop
      vertex 13.3044 -4.51622 0
      vertex 12.9805 -5.3767 15
      vertex 12.9805 -5.3767 0
    endloop
  endfacet
  facet normal -0.881923 0.471394 0
    outer loop
      vertex -12.6011 6.21416 0
      vertex -12.1677 7.025 15
      vertex -12.1677 7.025 0
    endloop
  endfacet
  facet normal -0.881923 0.471394 0
    outer loop
      vertex -12.1677 7.025 15
      vertex -12.6011 6.21416 0
      vertex -12.6011 6.21416 15
    endloop
  endfacet
  facet normal -0.935892 0.352286 0
    outer loop
      vertex -13.3044 4.51622 0
      vertex -12.9805 5.3767 15
      vertex -12.9805 5.3767 0
    endloop
  endfacet
  facet normal -0.935892 0.352286 0
    outer loop
      vertex -12.9805 5.3767 15
      vertex -13.3044 4.51622 0
      vertex -13.3044 4.51622 15
    endloop
  endfacet
  facet normal 0.226998 0.973895 -0
    outer loop
      vertex 3.63641 13.5713 0
      vertex 2.74102 13.78 15
      vertex 3.63641 13.5713 15
    endloop
  endfacet
  facet normal 0.226998 0.973895 0
    outer loop
      vertex 2.74102 13.78 15
      vertex 3.63641 13.5713 0
      vertex 2.74102 13.78 0
    endloop
  endfacet
  facet normal 0.290297 0.956937 -0
    outer loop
      vertex 4.51622 13.3044 0
      vertex 3.63641 13.5713 15
      vertex 4.51622 13.3044 15
    endloop
  endfacet
  facet normal 0.290297 0.956937 0
    outer loop
      vertex 3.63641 13.5713 15
      vertex 4.51622 13.3044 0
      vertex 3.63641 13.5713 0
    endloop
  endfacet
  facet normal -0.973895 -0.226998 0
    outer loop
      vertex -13.5713 -3.63641 0
      vertex -13.78 -2.74102 15
      vertex -13.78 -2.74102 0
    endloop
  endfacet
  facet normal -0.973895 -0.226998 0
    outer loop
      vertex -13.78 -2.74102 15
      vertex -13.5713 -3.63641 0
      vertex -13.5713 -3.63641 15
    endloop
  endfacet
  facet normal -0.290297 -0.956937 0
    outer loop
      vertex -4.51622 -13.3044 0
      vertex -3.63641 -13.5713 15
      vertex -4.51622 -13.3044 15
    endloop
  endfacet
  facet normal -0.290297 -0.956937 -0
    outer loop
      vertex -3.63641 -13.5713 15
      vertex -4.51622 -13.3044 0
      vertex -3.63641 -13.5713 0
    endloop
  endfacet
  facet normal 0.935909 0.352242 0
    outer loop
      vertex 17.0447 5.78591 0
      vertex 16.6298 6.8883 -3
      vertex 16.6298 6.8883 0
    endloop
  endfacet
  facet normal 0.935909 0.352242 0
    outer loop
      vertex 16.6298 6.8883 -3
      vertex 17.0447 5.78591 0
      vertex 17.0447 5.78591 -3
    endloop
  endfacet
  facet normal 0.849212 -0.528052 0
    outer loop
      vertex 14.9665 -10.0003 0
      vertex 15.5885 -9 -3
      vertex 15.5885 -9 0
    endloop
  endfacet
  facet normal 0.849212 -0.528052 0
    outer loop
      vertex 15.5885 -9 -3
      vertex 14.9665 -10.0003 0
      vertex 14.9665 -10.0003 -3
    endloop
  endfacet
  facet normal 0.999466 0.0326856 0
    outer loop
      vertex 18 0 0
      vertex 17.9615 1.17726 -3
      vertex 17.9615 1.17726 0
    endloop
  endfacet
  facet normal 0.999466 0.0326856 0
    outer loop
      vertex 17.9615 1.17726 -3
      vertex 18 0 0
      vertex 18 0 -3
    endloop
  endfacet
  facet normal 0.471364 -0.881939 0
    outer loop
      vertex 7.9612 -16.1437 -3
      vertex 9 -15.5885 0
      vertex 7.9612 -16.1437 0
    endloop
  endfacet
  facet normal 0.471364 -0.881939 0
    outer loop
      vertex 9 -15.5885 0
      vertex 7.9612 -16.1437 -3
      vertex 9 -15.5885 -3
    endloop
  endfacet
  facet normal 0.881939 0.471364 0
    outer loop
      vertex 16.1437 7.9612 0
      vertex 15.5885 9 -3
      vertex 15.5885 9 0
    endloop
  endfacet
  facet normal 0.881939 0.471364 0
    outer loop
      vertex 15.5885 9 -3
      vertex 16.1437 7.9612 0
      vertex 16.1437 7.9612 -3
    endloop
  endfacet
  facet normal -0.0326856 0.999466 0
    outer loop
      vertex 0 18 -3
      vertex -1.17726 17.9615 0
      vertex 0 18 0
    endloop
  endfacet
  facet normal -0.0326856 0.999466 0
    outer loop
      vertex -1.17726 17.9615 0
      vertex 0 18 -3
      vertex -1.17726 17.9615 -3
    endloop
  endfacet
  facet normal -0.290344 0.956922 0
    outer loop
      vertex -4.65874 17.3867 -3
      vertex -5.78591 17.0447 0
      vertex -4.65874 17.3867 0
    endloop
  endfacet
  facet normal -0.290344 0.956922 0
    outer loop
      vertex -5.78591 17.0447 0
      vertex -4.65874 17.3867 -3
      vertex -5.78591 17.0447 -3
    endloop
  endfacet
  facet normal 0.995181 0.098057 0
    outer loop
      vertex 17.9615 1.17726 0
      vertex 17.846 2.34947 -3
      vertex 17.846 2.34947 0
    endloop
  endfacet
  facet normal 0.995181 0.098057 0
    outer loop
      vertex 17.846 2.34947 -3
      vertex 17.9615 1.17726 0
      vertex 17.9615 1.17726 -3
    endloop
  endfacet
  facet normal -0.471364 -0.881939 0
    outer loop
      vertex -9 -15.5885 -3
      vertex -7.9612 -16.1437 0
      vertex -9 -15.5885 0
    endloop
  endfacet
  facet normal -0.471364 -0.881939 -0
    outer loop
      vertex -7.9612 -16.1437 0
      vertex -9 -15.5885 -3
      vertex -7.9612 -16.1437 -3
    endloop
  endfacet
  facet normal -0.729863 -0.683594 0
    outer loop
      vertex -12.7279 -12.7279 -3
      vertex -13.5331 -11.8682 0
      vertex -13.5331 -11.8682 -3
    endloop
  endfacet
  facet normal -0.729863 -0.683594 0
    outer loop
      vertex -13.5331 -11.8682 0
      vertex -12.7279 -12.7279 -3
      vertex -12.7279 -12.7279 0
    endloop
  endfacet
  facet normal 0.812832 -0.582498 0
    outer loop
      vertex 14.2804 -10.9577 0
      vertex 14.9665 -10.0003 -3
      vertex 14.9665 -10.0003 0
    endloop
  endfacet
  facet normal 0.812832 -0.582498 0
    outer loop
      vertex 14.9665 -10.0003 -3
      vertex 14.2804 -10.9577 0
      vertex 14.2804 -10.9577 -3
    endloop
  endfacet
  facet normal 0.162917 0.98664 -0
    outer loop
      vertex 3.51163 17.6541 -3
      vertex 2.34947 17.846 0
      vertex 3.51163 17.6541 0
    endloop
  endfacet
  facet normal 0.162917 0.98664 0
    outer loop
      vertex 2.34947 17.846 0
      vertex 3.51163 17.6541 -3
      vertex 2.34947 17.846 -3
    endloop
  endfacet
  facet normal -0.528052 0.849212 0
    outer loop
      vertex -9 15.5885 -3
      vertex -10.0003 14.9665 0
      vertex -9 15.5885 0
    endloop
  endfacet
  facet normal -0.528052 0.849212 0
    outer loop
      vertex -10.0003 14.9665 0
      vertex -9 15.5885 -3
      vertex -10.0003 14.9665 -3
    endloop
  endfacet
  facet normal -0.995181 0.098057 0
    outer loop
      vertex -17.9615 1.17726 -3
      vertex -17.846 2.34947 0
      vertex -17.846 2.34947 -3
    endloop
  endfacet
  facet normal -0.995181 0.098057 0
    outer loop
      vertex -17.846 2.34947 0
      vertex -17.9615 1.17726 -3
      vertex -17.9615 1.17726 0
    endloop
  endfacet
  facet normal 0.41269 0.910872 -0
    outer loop
      vertex 7.9612 16.1437 -3
      vertex 6.8883 16.6298 0
      vertex 7.9612 16.1437 0
    endloop
  endfacet
  facet normal 0.41269 0.910872 0
    outer loop
      vertex 6.8883 16.6298 0
      vertex 7.9612 16.1437 -3
      vertex 6.8883 16.6298 -3
    endloop
  endfacet
  facet normal -0.63443 0.77298 0
    outer loop
      vertex -10.9577 14.2804 -3
      vertex -11.8682 13.5331 0
      vertex -10.9577 14.2804 0
    endloop
  endfacet
  facet normal -0.63443 0.77298 0
    outer loop
      vertex -11.8682 13.5331 0
      vertex -10.9577 14.2804 -3
      vertex -11.8682 13.5331 -3
    endloop
  endfacet
  facet normal 0.77298 0.63443 0
    outer loop
      vertex 14.2804 10.9577 0
      vertex 13.5331 11.8682 -3
      vertex 13.5331 11.8682 0
    endloop
  endfacet
  facet normal 0.77298 0.63443 0
    outer loop
      vertex 13.5331 11.8682 -3
      vertex 14.2804 10.9577 0
      vertex 14.2804 10.9577 -3
    endloop
  endfacet
  facet normal 0.0326856 -0.999466 0
    outer loop
      vertex 0 -18 -3
      vertex 1.17726 -17.9615 0
      vertex 0 -18 0
    endloop
  endfacet
  facet normal 0.0326856 -0.999466 0
    outer loop
      vertex 1.17726 -17.9615 0
      vertex 0 -18 -3
      vertex 1.17726 -17.9615 -3
    endloop
  endfacet
  facet normal 0.812832 0.582498 0
    outer loop
      vertex 14.9665 10.0003 0
      vertex 14.2804 10.9577 -3
      vertex 14.2804 10.9577 0
    endloop
  endfacet
  facet normal 0.812832 0.582498 0
    outer loop
      vertex 14.2804 10.9577 -3
      vertex 14.9665 10.0003 0
      vertex 14.9665 10.0003 -3
    endloop
  endfacet
  facet normal 0.290344 -0.956922 0
    outer loop
      vertex 4.65874 -17.3867 -3
      vertex 5.78591 -17.0447 0
      vertex 4.65874 -17.3867 0
    endloop
  endfacet
  facet normal 0.290344 -0.956922 0
    outer loop
      vertex 5.78591 -17.0447 0
      vertex 4.65874 -17.3867 -3
      vertex 5.78591 -17.0447 -3
    endloop
  endfacet
  facet normal -0.956922 0.290344 0
    outer loop
      vertex -17.3867 4.65874 -3
      vertex -17.0447 5.78591 0
      vertex -17.0447 5.78591 -3
    endloop
  endfacet
  facet normal -0.956922 0.290344 0
    outer loop
      vertex -17.0447 5.78591 0
      vertex -17.3867 4.65874 -3
      vertex -17.3867 4.65874 0
    endloop
  endfacet
  facet normal -0.098057 0.995181 0
    outer loop
      vertex -1.17726 17.9615 -3
      vertex -2.34947 17.846 0
      vertex -1.17726 17.9615 0
    endloop
  endfacet
  facet normal -0.098057 0.995181 0
    outer loop
      vertex -2.34947 17.846 0
      vertex -1.17726 17.9615 -3
      vertex -2.34947 17.846 -3
    endloop
  endfacet
  facet normal 0.162917 -0.98664 0
    outer loop
      vertex 2.34947 -17.846 -3
      vertex 3.51163 -17.6541 0
      vertex 2.34947 -17.846 0
    endloop
  endfacet
  facet normal 0.162917 -0.98664 0
    outer loop
      vertex 3.51163 -17.6541 0
      vertex 2.34947 -17.846 -3
      vertex 3.51163 -17.6541 -3
    endloop
  endfacet
  facet normal -0.162917 0.98664 0
    outer loop
      vertex -2.34947 17.846 -3
      vertex -3.51163 17.6541 0
      vertex -2.34947 17.846 0
    endloop
  endfacet
  facet normal -0.162917 0.98664 0
    outer loop
      vertex -3.51163 17.6541 0
      vertex -2.34947 17.846 -3
      vertex -3.51163 17.6541 -3
    endloop
  endfacet
  facet normal -0.956922 -0.290344 0
    outer loop
      vertex -17.0447 -5.78591 -3
      vertex -17.3867 -4.65874 0
      vertex -17.3867 -4.65874 -3
    endloop
  endfacet
  facet normal -0.956922 -0.290344 0
    outer loop
      vertex -17.3867 -4.65874 0
      vertex -17.0447 -5.78591 -3
      vertex -17.0447 -5.78591 0
    endloop
  endfacet
  facet normal -0.41269 0.910872 0
    outer loop
      vertex -6.8883 16.6298 -3
      vertex -7.9612 16.1437 0
      vertex -6.8883 16.6298 0
    endloop
  endfacet
  facet normal -0.41269 0.910872 0
    outer loop
      vertex -7.9612 16.1437 0
      vertex -6.8883 16.6298 -3
      vertex -7.9612 16.1437 -3
    endloop
  endfacet
  facet normal 0.98664 0.162917 0
    outer loop
      vertex 17.846 2.34947 0
      vertex 17.6541 3.51163 -3
      vertex 17.6541 3.51163 0
    endloop
  endfacet
  facet normal 0.98664 0.162917 0
    outer loop
      vertex 17.6541 3.51163 -3
      vertex 17.846 2.34947 0
      vertex 17.846 2.34947 -3
    endloop
  endfacet
  facet normal 0.528052 -0.849212 0
    outer loop
      vertex 9 -15.5885 -3
      vertex 10.0003 -14.9665 0
      vertex 9 -15.5885 0
    endloop
  endfacet
  facet normal 0.528052 -0.849212 0
    outer loop
      vertex 10.0003 -14.9665 0
      vertex 9 -15.5885 -3
      vertex 10.0003 -14.9665 -3
    endloop
  endfacet
  facet normal 0.956922 -0.290344 0
    outer loop
      vertex 17.0447 -5.78591 0
      vertex 17.3867 -4.65874 -3
      vertex 17.3867 -4.65874 0
    endloop
  endfacet
  facet normal 0.956922 -0.290344 0
    outer loop
      vertex 17.3867 -4.65874 -3
      vertex 17.0447 -5.78591 0
      vertex 17.0447 -5.78591 -3
    endloop
  endfacet
  facet normal -0.812832 -0.582498 0
    outer loop
      vertex -14.2804 -10.9577 -3
      vertex -14.9665 -10.0003 0
      vertex -14.9665 -10.0003 -3
    endloop
  endfacet
  facet normal -0.812832 -0.582498 0
    outer loop
      vertex -14.9665 -10.0003 0
      vertex -14.2804 -10.9577 -3
      vertex -14.2804 -10.9577 0
    endloop
  endfacet
  facet normal 0.582498 -0.812832 0
    outer loop
      vertex 10.0003 -14.9665 -3
      vertex 10.9577 -14.2804 0
      vertex 10.0003 -14.9665 0
    endloop
  endfacet
  facet normal 0.582498 -0.812832 0
    outer loop
      vertex 10.9577 -14.2804 0
      vertex 10.0003 -14.9665 -3
      vertex 10.9577 -14.2804 -3
    endloop
  endfacet
  facet normal -0.77298 0.63443 0
    outer loop
      vertex -14.2804 10.9577 -3
      vertex -13.5331 11.8682 0
      vertex -13.5331 11.8682 -3
    endloop
  endfacet
  facet normal -0.77298 0.63443 0
    outer loop
      vertex -13.5331 11.8682 0
      vertex -14.2804 10.9577 -3
      vertex -14.2804 10.9577 0
    endloop
  endfacet
  facet normal -0.849212 -0.528052 0
    outer loop
      vertex -14.9665 -10.0003 -3
      vertex -15.5885 -9 0
      vertex -15.5885 -9 -3
    endloop
  endfacet
  facet normal -0.849212 -0.528052 0
    outer loop
      vertex -15.5885 -9 0
      vertex -14.9665 -10.0003 -3
      vertex -14.9665 -10.0003 0
    endloop
  endfacet
  facet normal -0.227021 0.97389 0
    outer loop
      vertex -3.51163 17.6541 -3
      vertex -4.65874 17.3867 0
      vertex -3.51163 17.6541 0
    endloop
  endfacet
  facet normal -0.227021 0.97389 0
    outer loop
      vertex -4.65874 17.3867 0
      vertex -3.51163 17.6541 -3
      vertex -4.65874 17.3867 -3
    endloop
  endfacet
  facet normal -0.77298 -0.63443 0
    outer loop
      vertex -13.5331 -11.8682 -3
      vertex -14.2804 -10.9577 0
      vertex -14.2804 -10.9577 -3
    endloop
  endfacet
  facet normal -0.77298 -0.63443 0
    outer loop
      vertex -14.2804 -10.9577 0
      vertex -13.5331 -11.8682 -3
      vertex -13.5331 -11.8682 0
    endloop
  endfacet
  facet normal 0.910872 0.41269 0
    outer loop
      vertex 16.6298 6.8883 0
      vertex 16.1437 7.9612 -3
      vertex 16.1437 7.9612 0
    endloop
  endfacet
  facet normal 0.910872 0.41269 0
    outer loop
      vertex 16.1437 7.9612 -3
      vertex 16.6298 6.8883 0
      vertex 16.6298 6.8883 -3
    endloop
  endfacet
  facet normal 0.999466 -0.0326856 0
    outer loop
      vertex 17.9615 -1.17726 0
      vertex 18 0 -3
      vertex 18 0 0
    endloop
  endfacet
  facet normal 0.999466 -0.0326856 0
    outer loop
      vertex 18 0 -3
      vertex 17.9615 -1.17726 0
      vertex 17.9615 -1.17726 -3
    endloop
  endfacet
  facet normal 0.97389 0.227021 0
    outer loop
      vertex 17.6541 3.51163 0
      vertex 17.3867 4.65874 -3
      vertex 17.3867 4.65874 0
    endloop
  endfacet
  facet normal 0.97389 0.227021 0
    outer loop
      vertex 17.3867 4.65874 -3
      vertex 17.6541 3.51163 0
      vertex 17.6541 3.51163 -3
    endloop
  endfacet
  facet normal -0.227021 -0.97389 0
    outer loop
      vertex -4.65874 -17.3867 -3
      vertex -3.51163 -17.6541 0
      vertex -4.65874 -17.3867 0
    endloop
  endfacet
  facet normal -0.227021 -0.97389 -0
    outer loop
      vertex -3.51163 -17.6541 0
      vertex -4.65874 -17.3867 -3
      vertex -3.51163 -17.6541 -3
    endloop
  endfacet
  facet normal -0.528052 -0.849212 0
    outer loop
      vertex -10.0003 -14.9665 -3
      vertex -9 -15.5885 0
      vertex -10.0003 -14.9665 0
    endloop
  endfacet
  facet normal -0.528052 -0.849212 -0
    outer loop
      vertex -9 -15.5885 0
      vertex -10.0003 -14.9665 -3
      vertex -9 -15.5885 -3
    endloop
  endfacet
  facet normal 0.471364 0.881939 -0
    outer loop
      vertex 9 15.5885 -3
      vertex 7.9612 16.1437 0
      vertex 9 15.5885 0
    endloop
  endfacet
  facet normal 0.471364 0.881939 0
    outer loop
      vertex 7.9612 16.1437 0
      vertex 9 15.5885 -3
      vertex 7.9612 16.1437 -3
    endloop
  endfacet
  facet normal 0.41269 -0.910872 0
    outer loop
      vertex 6.8883 -16.6298 -3
      vertex 7.9612 -16.1437 0
      vertex 6.8883 -16.6298 0
    endloop
  endfacet
  facet normal 0.41269 -0.910872 0
    outer loop
      vertex 7.9612 -16.1437 0
      vertex 6.8883 -16.6298 -3
      vertex 7.9612 -16.1437 -3
    endloop
  endfacet
  facet normal 0.956922 0.290344 0
    outer loop
      vertex 17.3867 4.65874 0
      vertex 17.0447 5.78591 -3
      vertex 17.0447 5.78591 0
    endloop
  endfacet
  facet normal 0.956922 0.290344 0
    outer loop
      vertex 17.0447 5.78591 -3
      vertex 17.3867 4.65874 0
      vertex 17.3867 4.65874 -3
    endloop
  endfacet
  facet normal 0.63443 0.77298 -0
    outer loop
      vertex 11.8682 13.5331 -3
      vertex 10.9577 14.2804 0
      vertex 11.8682 13.5331 0
    endloop
  endfacet
  facet normal 0.63443 0.77298 0
    outer loop
      vertex 10.9577 14.2804 0
      vertex 11.8682 13.5331 -3
      vertex 10.9577 14.2804 -3
    endloop
  endfacet
  facet normal 0.528052 0.849212 -0
    outer loop
      vertex 10.0003 14.9665 -3
      vertex 9 15.5885 0
      vertex 10.0003 14.9665 0
    endloop
  endfacet
  facet normal 0.528052 0.849212 0
    outer loop
      vertex 9 15.5885 0
      vertex 10.0003 14.9665 -3
      vertex 9 15.5885 -3
    endloop
  endfacet
  facet normal 0.290344 0.956922 -0
    outer loop
      vertex 5.78591 17.0447 -3
      vertex 4.65874 17.3867 0
      vertex 5.78591 17.0447 0
    endloop
  endfacet
  facet normal 0.290344 0.956922 0
    outer loop
      vertex 4.65874 17.3867 0
      vertex 5.78591 17.0447 -3
      vertex 4.65874 17.3867 -3
    endloop
  endfacet
  facet normal -0.0326856 -0.999466 0
    outer loop
      vertex -1.17726 -17.9615 -3
      vertex 0 -18 0
      vertex -1.17726 -17.9615 0
    endloop
  endfacet
  facet normal -0.0326856 -0.999466 -0
    outer loop
      vertex 0 -18 0
      vertex -1.17726 -17.9615 -3
      vertex 0 -18 -3
    endloop
  endfacet
  facet normal 0.97389 -0.227021 0
    outer loop
      vertex 17.3867 -4.65874 0
      vertex 17.6541 -3.51163 -3
      vertex 17.6541 -3.51163 0
    endloop
  endfacet
  facet normal 0.97389 -0.227021 0
    outer loop
      vertex 17.6541 -3.51163 -3
      vertex 17.3867 -4.65874 0
      vertex 17.3867 -4.65874 -3
    endloop
  endfacet
  facet normal -0.098057 -0.995181 0
    outer loop
      vertex -2.34947 -17.846 -3
      vertex -1.17726 -17.9615 0
      vertex -2.34947 -17.846 0
    endloop
  endfacet
  facet normal -0.098057 -0.995181 -0
    outer loop
      vertex -1.17726 -17.9615 0
      vertex -2.34947 -17.846 -3
      vertex -1.17726 -17.9615 -3
    endloop
  endfacet
  facet normal 0.63443 -0.77298 0
    outer loop
      vertex 10.9577 -14.2804 -3
      vertex 11.8682 -13.5331 0
      vertex 10.9577 -14.2804 0
    endloop
  endfacet
  facet normal 0.63443 -0.77298 0
    outer loop
      vertex 11.8682 -13.5331 0
      vertex 10.9577 -14.2804 -3
      vertex 11.8682 -13.5331 -3
    endloop
  endfacet
  facet normal 0.683594 0.729863 -0
    outer loop
      vertex 12.7279 12.7279 -3
      vertex 11.8682 13.5331 0
      vertex 12.7279 12.7279 0
    endloop
  endfacet
  facet normal 0.683594 0.729863 0
    outer loop
      vertex 11.8682 13.5331 0
      vertex 12.7279 12.7279 -3
      vertex 11.8682 13.5331 -3
    endloop
  endfacet
  facet normal -0.352242 0.935909 0
    outer loop
      vertex -5.78591 17.0447 -3
      vertex -6.8883 16.6298 0
      vertex -5.78591 17.0447 0
    endloop
  endfacet
  facet normal -0.352242 0.935909 0
    outer loop
      vertex -6.8883 16.6298 0
      vertex -5.78591 17.0447 -3
      vertex -6.8883 16.6298 -3
    endloop
  endfacet
  facet normal -0.683594 0.729863 0
    outer loop
      vertex -11.8682 13.5331 -3
      vertex -12.7279 12.7279 0
      vertex -11.8682 13.5331 0
    endloop
  endfacet
  facet normal -0.683594 0.729863 0
    outer loop
      vertex -12.7279 12.7279 0
      vertex -11.8682 13.5331 -3
      vertex -12.7279 12.7279 -3
    endloop
  endfacet
  facet normal 0.98664 -0.162917 0
    outer loop
      vertex 17.6541 -3.51163 0
      vertex 17.846 -2.34947 -3
      vertex 17.846 -2.34947 0
    endloop
  endfacet
  facet normal 0.98664 -0.162917 0
    outer loop
      vertex 17.846 -2.34947 -3
      vertex 17.6541 -3.51163 0
      vertex 17.6541 -3.51163 -3
    endloop
  endfacet
  facet normal 0 0 -1
    outer loop
      vertex 7.16664 1.2472 -3
      vertex 3.32588 2.22228 -3
      vertex 7.25 1.29904 -3
    endloop
  endfacet
  facet normal 0 0 -1
    outer loop
      vertex 7.25 1.29904 -3
      vertex 3.32588 2.22228 -3
      vertex 7.33657 1.34531 -3
    endloop
  endfacet
  facet normal 0 0 -1
    outer loop
      vertex 3.17341 2.43505 -3
      vertex 7.33657 1.34531 -3
      vertex 3.32588 2.22228 -3
    endloop
  endfacet
  facet normal 0 0 -1
    outer loop
      vertex 7.33657 1.34531 -3
      vertex 3.17341 2.43505 -3
      vertex 7.42597 1.38582 -3
    endloop
  endfacet
  facet normal 0 0 -1
    outer loop
      vertex 3.00736 2.63738 -3
      vertex 7.42597 1.38582 -3
      vertex 3.17341 2.43505 -3
    endloop
  endfacet
  facet normal 0 0 -1
    outer loop
      vertex 7.42597 1.38582 -3
      vertex 3.00736 2.63738 -3
      vertex 7.51784 1.42039 -3
    endloop
  endfacet
  facet normal 0 0 -1
    outer loop
      vertex 2.82843 2.82843 -3
      vertex 7.51784 1.42039 -3
      vertex 3.00736 2.63738 -3
    endloop
  endfacet
  facet normal 0 0 -1
    outer loop
      vertex 2.63738 3.00736 -3
      vertex 7.51784 1.42039 -3
      vertex 2.82843 2.82843 -3
    endloop
  endfacet
  facet normal 0 0 -1
    outer loop
      vertex 7.51784 1.42039 -3
      vertex 2.63738 3.00736 -3
      vertex 9 15.5885 -3
    endloop
  endfacet
  facet normal 0 0 -1
    outer loop
      vertex 2.43505 3.17341 -3
      vertex 9 15.5885 -3
      vertex 2.63738 3.00736 -3
    endloop
  endfacet
  facet normal 0 0 -1
    outer loop
      vertex 2.22228 3.32588 -3
      vertex 9 15.5885 -3
      vertex 2.43505 3.17341 -3
    endloop
  endfacet
  facet normal 0 0 -1
    outer loop
      vertex 2 3.4641 -3
      vertex 9 15.5885 -3
      vertex 2.22228 3.32588 -3
    endloop
  endfacet
  facet normal -0 0 -1
    outer loop
      vertex 9 15.5885 -3
      vertex 2 3.4641 -3
      vertex 7.9612 16.1437 -3
    endloop
  endfacet
  facet normal 0 0 -1
    outer loop
      vertex 1.76915 3.58749 -3
      vertex 7.9612 16.1437 -3
      vertex 2 3.4641 -3
    endloop
  endfacet
  facet normal -0 0 -1
    outer loop
      vertex 7.9612 16.1437 -3
      vertex 1.76915 3.58749 -3
      vertex 6.8883 16.6298 -3
    endloop
  endfacet
  facet normal 0 0 -1
    outer loop
      vertex 1.53073 3.69552 -3
      vertex 6.8883 16.6298 -3
      vertex 1.76915 3.58749 -3
    endloop
  endfacet
  facet normal -0 0 -1
    outer loop
      vertex 6.8883 16.6298 -3
      vertex 1.53073 3.69552 -3
      vertex 5.78591 17.0447 -3
    endloop
  endfacet
  facet normal 0 0 -1
    outer loop
      vertex 1.28576 3.78772 -3
      vertex 5.78591 17.0447 -3
      vertex 1.53073 3.69552 -3
    endloop
  endfacet
  facet normal -0 0 -1
    outer loop
      vertex 5.78591 17.0447 -3
      vertex 1.28576 3.78772 -3
      vertex 4.65874 17.3867 -3
    endloop
  endfacet
  facet normal 0 0 -1
    outer loop
      vertex 1.03528 3.8637 -3
      vertex 4.65874 17.3867 -3
      vertex 1.28576 3.78772 -3
    endloop
  endfacet
  facet normal -0 0 -1
    outer loop
      vertex 4.65874 17.3867 -3
      vertex 1.03528 3.8637 -3
      vertex 3.51163 17.6541 -3
    endloop
  endfacet
  facet normal 0 0 -1
    outer loop
      vertex 0.780361 3.92314 -3
      vertex 3.51163 17.6541 -3
      vertex 1.03528 3.8637 -3
    endloop
  endfacet
  facet normal -0 0 -1
    outer loop
      vertex 3.51163 17.6541 -3
      vertex 0.780361 3.92314 -3
      vertex 2.34947 17.846 -3
    endloop
  endfacet
  facet normal 0 0 -1
    outer loop
      vertex 0.522104 3.96578 -3
      vertex 2.34947 17.846 -3
      vertex 0.780361 3.92314 -3
    endloop
  endfacet
  facet normal -0 0 -1
    outer loop
      vertex 2.34947 17.846 -3
      vertex 0.522104 3.96578 -3
      vertex 1.17726 17.9615 -3
    endloop
  endfacet
  facet normal 0 0 -1
    outer loop
      vertex 0.261612 3.99144 -3
      vertex 1.17726 17.9615 -3
      vertex 0.522104 3.96578 -3
    endloop
  endfacet
  facet normal 0 0 -1
    outer loop
      vertex 0 4 -3
      vertex 1.17726 17.9615 -3
      vertex 0.261612 3.99144 -3
    endloop
  endfacet
  facet normal 0 0 -1
    outer loop
      vertex 0 4 -3
      vertex 0 18 -3
      vertex 1.17726 17.9615 -3
    endloop
  endfacet
  facet normal 0 0 -1
    outer loop
      vertex -0.261612 3.99144 -3
      vertex 0 18 -3
      vertex 0 4 -3
    endloop
  endfacet
  facet normal 0 0 -1
    outer loop
      vertex -1.17726 17.9615 -3
      vertex -0.261612 3.99144 -3
      vertex -0.522104 3.96578 -3
    endloop
  endfacet
  facet normal 0 0 -1
    outer loop
      vertex -2.34947 17.846 -3
      vertex -0.522104 3.96578 -3
      vertex -0.780361 3.92314 -3
    endloop
  endfacet
  facet normal 0 0 -1
    outer loop
      vertex -3.51163 17.6541 -3
      vertex -0.780361 3.92314 -3
      vertex -1.03528 3.8637 -3
    endloop
  endfacet
  facet normal 0 0 -1
    outer loop
      vertex -0.261612 3.99144 -3
      vertex -1.17726 17.9615 -3
      vertex 0 18 -3
    endloop
  endfacet
  facet normal 0 0 -1
    outer loop
      vertex -4.65874 17.3867 -3
      vertex -1.03528 3.8637 -3
      vertex -1.28576 3.78772 -3
    endloop
  endfacet
  facet normal 0 0 -1
    outer loop
      vertex -5.78591 17.0447 -3
      vertex -1.28576 3.78772 -3
      vertex -1.53073 3.69552 -3
    endloop
  endfacet
  facet normal 0 0 -1
    outer loop
      vertex -6.8883 16.6298 -3
      vertex -1.53073 3.69552 -3
      vertex -1.76915 3.58749 -3
    endloop
  endfacet
  facet normal 0 0 -1
    outer loop
      vertex -7.9612 16.1437 -3
      vertex -1.76915 3.58749 -3
      vertex -2 3.4641 -3
    endloop
  endfacet
  facet normal 0 0 -1
    outer loop
      vertex -9 15.5885 -3
      vertex -2 3.4641 -3
      vertex -2.22228 3.32588 -3
    endloop
  endfacet
  facet normal 0 0 -1
    outer loop
      vertex -0.522104 3.96578 -3
      vertex -2.34947 17.846 -3
      vertex -1.17726 17.9615 -3
    endloop
  endfacet
  facet normal 0 0 -1
    outer loop
      vertex -10.0003 14.9665 -3
      vertex -2.22228 3.32588 -3
      vertex -2.43505 3.17341 -3
    endloop
  endfacet
  facet normal 0 0 -1
    outer loop
      vertex -10.9577 14.2804 -3
      vertex -2.43505 3.17341 -3
      vertex -2.63738 3.00736 -3
    endloop
  endfacet
  facet normal 0 0 -1
    outer loop
      vertex -11.8682 13.5331 -3
      vertex -2.63738 3.00736 -3
      vertex -2.82843 2.82843 -3
    endloop
  endfacet
  facet normal 0 0 -1
    outer loop
      vertex -12.7279 12.7279 -3
      vertex -2.82843 2.82843 -3
      vertex -3.00736 2.63738 -3
    endloop
  endfacet
  facet normal 0 0 -1
    outer loop
      vertex -13.5331 11.8682 -3
      vertex -3.00736 2.63738 -3
      vertex -3.17341 2.43505 -3
    endloop
  endfacet
  facet normal 0 0 -1
    outer loop
      vertex -14.2804 10.9577 -3
      vertex -3.17341 2.43505 -3
      vertex -3.32588 2.22228 -3
    endloop
  endfacet
  facet normal 0 0 -1
    outer loop
      vertex -14.9665 10.0003 -3
      vertex -3.32588 2.22228 -3
      vertex -3.4641 2 -3
    endloop
  endfacet
  facet normal 0 0 -1
    outer loop
      vertex -0.780361 3.92314 -3
      vertex -3.51163 17.6541 -3
      vertex -2.34947 17.846 -3
    endloop
  endfacet
  facet normal 0 0 -1
    outer loop
      vertex -15.5885 9 -3
      vertex -3.4641 2 -3
      vertex -3.58749 1.76915 -3
    endloop
  endfacet
  facet normal 0 0 -1
    outer loop
      vertex -16.1437 7.9612 -3
      vertex -3.58749 1.76915 -3
      vertex -3.69552 1.53073 -3
    endloop
  endfacet
  facet normal 0 0 -1
    outer loop
      vertex -16.6298 6.8883 -3
      vertex -3.69552 1.53073 -3
      vertex -3.78772 1.28576 -3
    endloop
  endfacet
  facet normal 0 0 -1
    outer loop
      vertex -17.0447 5.78591 -3
      vertex -3.78772 1.28576 -3
      vertex -3.8637 1.03528 -3
    endloop
  endfacet
  facet normal 0 0 -1
    outer loop
      vertex -17.3867 4.65874 -3
      vertex -3.8637 1.03528 -3
      vertex -3.92314 0.780361 -3
    endloop
  endfacet
  facet normal 0 0 -1
    outer loop
      vertex -17.6541 3.51163 -3
      vertex -3.92314 0.780361 -3
      vertex -3.96578 0.522104 -3
    endloop
  endfacet
  facet normal 0 0 -1
    outer loop
      vertex -17.846 2.34947 -3
      vertex -3.96578 0.522104 -3
      vertex -3.99144 0.261612 -3
    endloop
  endfacet
  facet normal 0 0 -1
    outer loop
      vertex -17.9615 1.17726 -3
      vertex -3.99144 0.261612 -3
      vertex -4 0 -3
    endloop
  endfacet
  facet normal -0 0 -1
    outer loop
      vertex -3.17341 -2.43505 -3
      vertex -14.2804 -10.9577 -3
      vertex -3.32588 -2.22228 -3
    endloop
  endfacet
  facet normal 0 0 -1
    outer loop
      vertex -1.03528 3.8637 -3
      vertex -4.65874 17.3867 -3
      vertex -3.51163 17.6541 -3
    endloop
  endfacet
  facet normal 0 0 -1
    outer loop
      vertex -14.9665 -10.0003 -3
      vertex -3.32588 -2.22228 -3
      vertex -14.2804 -10.9577 -3
    endloop
  endfacet
  facet normal 0 0 -1
    outer loop
      vertex -1.28576 3.78772 -3
      vertex -5.78591 17.0447 -3
      vertex -4.65874 17.3867 -3
    endloop
  endfacet
  facet normal -0 0 -1
    outer loop
      vertex -3.32588 -2.22228 -3
      vertex -14.9665 -10.0003 -3
      vertex -3.4641 -2 -3
    endloop
  endfacet
  facet normal 0 0 -1
    outer loop
      vertex -1.53073 3.69552 -3
      vertex -6.8883 16.6298 -3
      vertex -5.78591 17.0447 -3
    endloop
  endfacet
  facet normal 0 0 -1
    outer loop
      vertex -15.5885 -9 -3
      vertex -3.4641 -2 -3
      vertex -14.9665 -10.0003 -3
    endloop
  endfacet
  facet normal 0 0 -1
    outer loop
      vertex -1.76915 3.58749 -3
      vertex -7.9612 16.1437 -3
      vertex -6.8883 16.6298 -3
    endloop
  endfacet
  facet normal -0 0 -1
    outer loop
      vertex -3.4641 -2 -3
      vertex -15.5885 -9 -3
      vertex -3.58749 -1.76915 -3
    endloop
  endfacet
  facet normal 0 0 -1
    outer loop
      vertex -2 3.4641 -3
      vertex -9 15.5885 -3
      vertex -7.9612 16.1437 -3
    endloop
  endfacet
  facet normal 0 0 -1
    outer loop
      vertex -16.1437 -7.9612 -3
      vertex -3.58749 -1.76915 -3
      vertex -15.5885 -9 -3
    endloop
  endfacet
  facet normal 0 0 -1
    outer loop
      vertex -2.22228 3.32588 -3
      vertex -10.0003 14.9665 -3
      vertex -9 15.5885 -3
    endloop
  endfacet
  facet normal -0 0 -1
    outer loop
      vertex -3.58749 -1.76915 -3
      vertex -16.1437 -7.9612 -3
      vertex -3.69552 -1.53073 -3
    endloop
  endfacet
  facet normal 0 0 -1
    outer loop
      vertex -2.43505 3.17341 -3
      vertex -10.9577 14.2804 -3
      vertex -10.0003 14.9665 -3
    endloop
  endfacet
  facet normal 0 0 -1
    outer loop
      vertex -16.6298 -6.8883 -3
      vertex -3.69552 -1.53073 -3
      vertex -16.1437 -7.9612 -3
    endloop
  endfacet
  facet normal 0 0 -1
    outer loop
      vertex -2.63738 3.00736 -3
      vertex -11.8682 13.5331 -3
      vertex -10.9577 14.2804 -3
    endloop
  endfacet
  facet normal -0 0 -1
    outer loop
      vertex -3.69552 -1.53073 -3
      vertex -16.6298 -6.8883 -3
      vertex -3.78772 -1.28576 -3
    endloop
  endfacet
  facet normal 0 0 -1
    outer loop
      vertex -2.82843 2.82843 -3
      vertex -12.7279 12.7279 -3
      vertex -11.8682 13.5331 -3
    endloop
  endfacet
  facet normal 0 0 -1
    outer loop
      vertex -17.0447 -5.78591 -3
      vertex -3.78772 -1.28576 -3
      vertex -16.6298 -6.8883 -3
    endloop
  endfacet
  facet normal 0 0 -1
    outer loop
      vertex -3.00736 2.63738 -3
      vertex -13.5331 11.8682 -3
      vertex -12.7279 12.7279 -3
    endloop
  endfacet
  facet normal -0 0 -1
    outer loop
      vertex -3.78772 -1.28576 -3
      vertex -17.0447 -5.78591 -3
      vertex -3.8637 -1.03528 -3
    endloop
  endfacet
  facet normal 0 0 -1
    outer loop
      vertex -3.17341 2.43505 -3
      vertex -14.2804 10.9577 -3
      vertex -13.5331 11.8682 -3
    endloop
  endfacet
  facet normal 0 0 -1
    outer loop
      vertex -17.3867 -4.65874 -3
      vertex -3.8637 -1.03528 -3
      vertex -17.0447 -5.78591 -3
    endloop
  endfacet
  facet normal 0 0 -1
    outer loop
      vertex -3.32588 2.22228 -3
      vertex -14.9665 10.0003 -3
      vertex -14.2804 10.9577 -3
    endloop
  endfacet
  facet normal -0 0 -1
    outer loop
      vertex -3.8637 -1.03528 -3
      vertex -17.3867 -4.65874 -3
      vertex -3.92314 -0.780361 -3
    endloop
  endfacet
  facet normal 0 0 -1
    outer loop
      vertex -3.4641 2 -3
      vertex -15.5885 9 -3
      vertex -14.9665 10.0003 -3
    endloop
  endfacet
  facet normal 0 0 -1
    outer loop
      vertex -17.6541 -3.51163 -3
      vertex -3.92314 -0.780361 -3
      vertex -17.3867 -4.65874 -3
    endloop
  endfacet
  facet normal 0 0 -1
    outer loop
      vertex -3.58749 1.76915 -3
      vertex -16.1437 7.9612 -3
      vertex -15.5885 9 -3
    endloop
  endfacet
  facet normal -0 0 -1
    outer loop
      vertex -3.92314 -0.780361 -3
      vertex -17.6541 -3.51163 -3
      vertex -3.96578 -0.522104 -3
    endloop
  endfacet
  facet normal 0 0 -1
    outer loop
      vertex -3.69552 1.53073 -3
      vertex -16.6298 6.8883 -3
      vertex -16.1437 7.9612 -3
    endloop
  endfacet
  facet normal 0 0 -1
    outer loop
      vertex -17.846 -2.34947 -3
      vertex -3.96578 -0.522104 -3
      vertex -17.6541 -3.51163 -3
    endloop
  endfacet
  facet normal 0 0 -1
    outer loop
      vertex -3.78772 1.28576 -3
      vertex -17.0447 5.78591 -3
      vertex -16.6298 6.8883 -3
    endloop
  endfacet
  facet normal -0 0 -1
    outer loop
      vertex -3.96578 -0.522104 -3
      vertex -17.846 -2.34947 -3
      vertex -3.99144 -0.261612 -3
    endloop
  endfacet
  facet normal 0 0 -1
    outer loop
      vertex -3.8637 1.03528 -3
      vertex -17.3867 4.65874 -3
      vertex -17.0447 5.78591 -3
    endloop
  endfacet
  facet normal 0 0 -1
    outer loop
      vertex -17.9615 -1.17726 -3
      vertex -3.99144 -0.261612 -3
      vertex -17.846 -2.34947 -3
    endloop
  endfacet
  facet normal 0 0 -1
    outer loop
      vertex -3.92314 0.780361 -3
      vertex -17.6541 3.51163 -3
      vertex -17.3867 4.65874 -3
    endloop
  endfacet
  facet normal -0 0 -1
    outer loop
      vertex -3.99144 -0.261612 -3
      vertex -17.9615 -1.17726 -3
      vertex -4 0 -3
    endloop
  endfacet
  facet normal 0 0 -1
    outer loop
      vertex -3.96578 0.522104 -3
      vertex -17.846 2.34947 -3
      vertex -17.6541 3.51163 -3
    endloop
  endfacet
  facet normal 0 0 -1
    outer loop
      vertex -18 0 -3
      vertex -4 0 -3
      vertex -17.9615 -1.17726 -3
    endloop
  endfacet
  facet normal 0 0 -1
    outer loop
      vertex -3.99144 0.261612 -3
      vertex -17.9615 1.17726 -3
      vertex -17.846 2.34947 -3
    endloop
  endfacet
  facet normal 0 0 -1
    outer loop
      vertex -4 0 -3
      vertex -18 0 -3
      vertex -17.9615 1.17726 -3
    endloop
  endfacet
  facet normal 0 0 -1
    outer loop
      vertex 9.49679 -0.0981045 -3
      vertex 18 0 -3
      vertex 17.9615 -1.17726 -3
    endloop
  endfacet
  facet normal 0 0 -1
    outer loop
      vertex 9.47118 -0.292635 -3
      vertex 17.9615 -1.17726 -3
      vertex 17.846 -2.34947 -3
    endloop
  endfacet
  facet normal -0 0 -1
    outer loop
      vertex 18 0 -3
      vertex 9.49679 -0.0981045 -3
      vertex 9.5 0 -3
    endloop
  endfacet
  facet normal 0 0 -1
    outer loop
      vertex 9.38582 -0.574024 -3
      vertex 17.846 -2.34947 -3
      vertex 17.6541 -3.51163 -3
    endloop
  endfacet
  facet normal 0 0 -1
    outer loop
      vertex 9.49679 0.0981045 -3
      vertex 18 0 -3
      vertex 9.5 0 -3
    endloop
  endfacet
  facet normal 0 0 -1
    outer loop
      vertex 9.29904 -0.75 -3
      vertex 17.6541 -3.51163 -3
      vertex 17.3867 -4.65874 -3
    endloop
  endfacet
  facet normal 0 0 -1
    outer loop
      vertex 18 0 -3
      vertex 9.49679 0.0981045 -3
      vertex 17.9615 1.17726 -3
    endloop
  endfacet
  facet normal 0 0 -1
    outer loop
      vertex 9.19003 -0.913141 -3
      vertex 17.3867 -4.65874 -3
      vertex 17.0447 -5.78591 -3
    endloop
  endfacet
  facet normal 0 0 -1
    outer loop
      vertex 9.48717 0.195788 -3
      vertex 17.9615 1.17726 -3
      vertex 9.49679 0.0981045 -3
    endloop
  endfacet
  facet normal 0 0 -1
    outer loop
      vertex 9.06066 -1.06066 -3
      vertex 17.0447 -5.78591 -3
      vertex 16.6298 -6.8883 -3
    endloop
  endfacet
  facet normal 0 0 -1
    outer loop
      vertex 9.47118 0.292635 -3
      vertex 17.9615 1.17726 -3
      vertex 9.48717 0.195788 -3
    endloop
  endfacet
  facet normal 0 0 -1
    outer loop
      vertex 8.91314 -1.19003 -3
      vertex 16.6298 -6.8883 -3
      vertex 16.1437 -7.9612 -3
    endloop
  endfacet
  facet normal -0 0 -1
    outer loop
      vertex 17.9615 1.17726 -3
      vertex 9.47118 0.292635 -3
      vertex 17.846 2.34947 -3
    endloop
  endfacet
  facet normal 0 0 -1
    outer loop
      vertex 8.75 -1.29904 -3
      vertex 16.1437 -7.9612 -3
      vertex 15.5885 -9 -3
    endloop
  endfacet
  facet normal 0 0 -1
    outer loop
      vertex 9.44889 0.388228 -3
      vertex 17.846 2.34947 -3
      vertex 9.47118 0.292635 -3
    endloop
  endfacet
  facet normal 0 0 -1
    outer loop
      vertex 8.57402 -1.38582 -3
      vertex 15.5885 -9 -3
      vertex 14.9665 -10.0003 -3
    endloop
  endfacet
  facet normal 0 0 -1
    outer loop
      vertex 9.42039 0.482159 -3
      vertex 17.846 2.34947 -3
      vertex 9.44889 0.388228 -3
    endloop
  endfacet
  facet normal 0 0 -1
    outer loop
      vertex 8.38823 -1.44889 -3
      vertex 14.9665 -10.0003 -3
      vertex 14.2804 -10.9577 -3
    endloop
  endfacet
  facet normal 0 0 -1
    outer loop
      vertex 9.38582 0.574024 -3
      vertex 17.846 2.34947 -3
      vertex 9.42039 0.482159 -3
    endloop
  endfacet
  facet normal 0 0 -1
    outer loop
      vertex 8.29263 -1.47118 -3
      vertex 14.2804 -10.9577 -3
      vertex 13.5331 -11.8682 -3
    endloop
  endfacet
  facet normal -0 0 -1
    outer loop
      vertex 17.846 2.34947 -3
      vertex 9.38582 0.574024 -3
      vertex 17.6541 3.51163 -3
    endloop
  endfacet
  facet normal 0 0 -1
    outer loop
      vertex 8.0981 -1.49679 -3
      vertex 13.5331 -11.8682 -3
      vertex 12.7279 -12.7279 -3
    endloop
  endfacet
  facet normal 0 0 -1
    outer loop
      vertex 9.34531 0.663432 -3
      vertex 17.6541 3.51163 -3
      vertex 9.38582 0.574024 -3
    endloop
  endfacet
  facet normal 0 0 -1
    outer loop
      vertex 8 -1.5 -3
      vertex 12.7279 -12.7279 -3
      vertex 11.8682 -13.5331 -3
    endloop
  endfacet
  facet normal -0 0 -1
    outer loop
      vertex 17.6541 3.51163 -3
      vertex 9.29904 0.75 -3
      vertex 17.3867 4.65874 -3
    endloop
  endfacet
  facet normal 0 0 -1
    outer loop
      vertex 2.63738 -3.00736 -3
      vertex 11.8682 -13.5331 -3
      vertex 10.9577 -14.2804 -3
    endloop
  endfacet
  facet normal 0 0 -1
    outer loop
      vertex 9.2472 0.833355 -3
      vertex 17.3867 4.65874 -3
      vertex 9.29904 0.75 -3
    endloop
  endfacet
  facet normal 0 0 -1
    outer loop
      vertex 2.43505 -3.17341 -3
      vertex 10.9577 -14.2804 -3
      vertex 10.0003 -14.9665 -3
    endloop
  endfacet
  facet normal 0 0 -1
    outer loop
      vertex 9.19003 0.913141 -3
      vertex 17.3867 4.65874 -3
      vertex 9.2472 0.833355 -3
    endloop
  endfacet
  facet normal -0 0 -1
    outer loop
      vertex 17.3867 4.65874 -3
      vertex 9.19003 0.913141 -3
      vertex 17.0447 5.78591 -3
    endloop
  endfacet
  facet normal 0 0 -1
    outer loop
      vertex 9.29904 0.75 -3
      vertex 17.6541 3.51163 -3
      vertex 9.34531 0.663432 -3
    endloop
  endfacet
  facet normal 0 0 -1
    outer loop
      vertex 17.9615 -1.17726 -3
      vertex 9.48717 -0.195788 -3
      vertex 9.49679 -0.0981045 -3
    endloop
  endfacet
  facet normal 0 0 -1
    outer loop
      vertex 17.9615 -1.17726 -3
      vertex 9.47118 -0.292635 -3
      vertex 9.48717 -0.195788 -3
    endloop
  endfacet
  facet normal 0 0 -1
    outer loop
      vertex 17.846 -2.34947 -3
      vertex 9.44889 -0.388228 -3
      vertex 9.47118 -0.292635 -3
    endloop
  endfacet
  facet normal 0 0 -1
    outer loop
      vertex 17.846 -2.34947 -3
      vertex 9.42039 -0.482159 -3
      vertex 9.44889 -0.388228 -3
    endloop
  endfacet
  facet normal 0 0 -1
    outer loop
      vertex 17.846 -2.34947 -3
      vertex 9.38582 -0.574024 -3
      vertex 9.42039 -0.482159 -3
    endloop
  endfacet
  facet normal 0 0 -1
    outer loop
      vertex 17.6541 -3.51163 -3
      vertex 9.34531 -0.663432 -3
      vertex 9.38582 -0.574024 -3
    endloop
  endfacet
  facet normal 0 0 -1
    outer loop
      vertex 17.6541 -3.51163 -3
      vertex 9.29904 -0.75 -3
      vertex 9.34531 -0.663432 -3
    endloop
  endfacet
  facet normal 0 0 -1
    outer loop
      vertex 17.3867 -4.65874 -3
      vertex 9.2472 -0.833355 -3
      vertex 9.29904 -0.75 -3
    endloop
  endfacet
  facet normal 0 0 -1
    outer loop
      vertex 17.3867 -4.65874 -3
      vertex 9.19003 -0.913141 -3
      vertex 9.2472 -0.833355 -3
    endloop
  endfacet
  facet normal 0 0 -1
    outer loop
      vertex 17.0447 -5.78591 -3
      vertex 9.12776 -0.989018 -3
      vertex 9.19003 -0.913141 -3
    endloop
  endfacet
  facet normal 0 0 -1
    outer loop
      vertex 17.0447 -5.78591 -3
      vertex 9.06066 -1.06066 -3
      vertex 9.12776 -0.989018 -3
    endloop
  endfacet
  facet normal 0 0 -1
    outer loop
      vertex 2.22228 -3.32588 -3
      vertex 10.0003 -14.9665 -3
      vertex 9 -15.5885 -3
    endloop
  endfacet
  facet normal 0 0 -1
    outer loop
      vertex 16.6298 -6.8883 -3
      vertex 8.98902 -1.12776 -3
      vertex 9.06066 -1.06066 -3
    endloop
  endfacet
  facet normal 0 0 -1
    outer loop
      vertex 16.6298 -6.8883 -3
      vertex 8.91314 -1.19003 -3
      vertex 8.98902 -1.12776 -3
    endloop
  endfacet
  facet normal 0 0 -1
    outer loop
      vertex 16.1437 -7.9612 -3
      vertex 8.83335 -1.2472 -3
      vertex 8.91314 -1.19003 -3
    endloop
  endfacet
  facet normal 0 0 -1
    outer loop
      vertex 16.1437 -7.9612 -3
      vertex 8.75 -1.29904 -3
      vertex 8.83335 -1.2472 -3
    endloop
  endfacet
  facet normal 0 0 -1
    outer loop
      vertex 15.5885 -9 -3
      vertex 8.66343 -1.34531 -3
      vertex 8.75 -1.29904 -3
    endloop
  endfacet
  facet normal 0 0 -1
    outer loop
      vertex 15.5885 -9 -3
      vertex 8.57402 -1.38582 -3
      vertex 8.66343 -1.34531 -3
    endloop
  endfacet
  facet normal 0 0 -1
    outer loop
      vertex 14.9665 -10.0003 -3
      vertex 8.48216 -1.42039 -3
      vertex 8.57402 -1.38582 -3
    endloop
  endfacet
  facet normal 0 0 -1
    outer loop
      vertex 14.9665 -10.0003 -3
      vertex 8.38823 -1.44889 -3
      vertex 8.48216 -1.42039 -3
    endloop
  endfacet
  facet normal 0 0 -1
    outer loop
      vertex 14.2804 -10.9577 -3
      vertex 8.29263 -1.47118 -3
      vertex 8.38823 -1.44889 -3
    endloop
  endfacet
  facet normal 0 0 -1
    outer loop
      vertex 13.5331 -11.8682 -3
      vertex 8.19579 -1.48717 -3
      vertex 8.29263 -1.47118 -3
    endloop
  endfacet
  facet normal 0 0 -1
    outer loop
      vertex 13.5331 -11.8682 -3
      vertex 8.0981 -1.49679 -3
      vertex 8.19579 -1.48717 -3
    endloop
  endfacet
  facet normal 0 0 -1
    outer loop
      vertex 12.7279 -12.7279 -3
      vertex 8 -1.5 -3
      vertex 8.0981 -1.49679 -3
    endloop
  endfacet
  facet normal 0 0 -1
    outer loop
      vertex 2 -3.4641 -3
      vertex 9 -15.5885 -3
      vertex 7.9612 -16.1437 -3
    endloop
  endfacet
  facet normal 0 0 -1
    outer loop
      vertex 11.8682 -13.5331 -3
      vertex 7.90189 -1.49679 -3
      vertex 8 -1.5 -3
    endloop
  endfacet
  facet normal 0 0 -1
    outer loop
      vertex 11.8682 -13.5331 -3
      vertex 7.80421 -1.48717 -3
      vertex 7.90189 -1.49679 -3
    endloop
  endfacet
  facet normal 0 0 -1
    outer loop
      vertex 11.8682 -13.5331 -3
      vertex 2.63738 -3.00736 -3
      vertex 7.80421 -1.48717 -3
    endloop
  endfacet
  facet normal -0 0 -1
    outer loop
      vertex 7.80421 -1.48717 -3
      vertex 2.63738 -3.00736 -3
      vertex 7.70736 -1.47118 -3
    endloop
  endfacet
  facet normal 0 -0 -1
    outer loop
      vertex 2.82843 -2.82843 -3
      vertex 7.70736 -1.47118 -3
      vertex 2.63738 -3.00736 -3
    endloop
  endfacet
  facet normal -0 0 -1
    outer loop
      vertex 7.70736 -1.47118 -3
      vertex 2.82843 -2.82843 -3
      vertex 7.61177 -1.44889 -3
    endloop
  endfacet
  facet normal 0 -0 -1
    outer loop
      vertex 3.00736 -2.63738 -3
      vertex 7.61177 -1.44889 -3
      vertex 2.82843 -2.82843 -3
    endloop
  endfacet
  facet normal -0 0 -1
    outer loop
      vertex 7.61177 -1.44889 -3
      vertex 3.00736 -2.63738 -3
      vertex 7.51784 -1.42039 -3
    endloop
  endfacet
  facet normal -0 0 -1
    outer loop
      vertex 7.51784 -1.42039 -3
      vertex 3.00736 -2.63738 -3
      vertex 7.42597 -1.38582 -3
    endloop
  endfacet
  facet normal 0 -0 -1
    outer loop
      vertex 3.17341 -2.43505 -3
      vertex 7.42597 -1.38582 -3
      vertex 3.00736 -2.63738 -3
    endloop
  endfacet
  facet normal -0 0 -1
    outer loop
      vertex 7.42597 -1.38582 -3
      vertex 3.17341 -2.43505 -3
      vertex 7.33657 -1.34531 -3
    endloop
  endfacet
  facet normal 0 -0 -1
    outer loop
      vertex 3.32588 -2.22228 -3
      vertex 7.33657 -1.34531 -3
      vertex 3.17341 -2.43505 -3
    endloop
  endfacet
  facet normal 0 0 -1
    outer loop
      vertex 1.76915 -3.58749 -3
      vertex 7.9612 -16.1437 -3
      vertex 6.8883 -16.6298 -3
    endloop
  endfacet
  facet normal -0 0 -1
    outer loop
      vertex 7.33657 -1.34531 -3
      vertex 3.32588 -2.22228 -3
      vertex 7.25 -1.29904 -3
    endloop
  endfacet
  facet normal -0 0 -1
    outer loop
      vertex 7.25 -1.29904 -3
      vertex 3.32588 -2.22228 -3
      vertex 7.16664 -1.2472 -3
    endloop
  endfacet
  facet normal -0 0 -1
    outer loop
      vertex 7.16664 -1.2472 -3
      vertex 3.4641 -2 -3
      vertex 7.08686 -1.19003 -3
    endloop
  endfacet
  facet normal 0 -0 -1
    outer loop
      vertex 3.58749 -1.76915 -3
      vertex 7.08686 -1.19003 -3
      vertex 3.4641 -2 -3
    endloop
  endfacet
  facet normal -0 0 -1
    outer loop
      vertex 7.08686 -1.19003 -3
      vertex 3.58749 -1.76915 -3
      vertex 7.01098 -1.12776 -3
    endloop
  endfacet
  facet normal -0 0 -1
    outer loop
      vertex 7.01098 -1.12776 -3
      vertex 3.58749 -1.76915 -3
      vertex 6.93934 -1.06066 -3
    endloop
  endfacet
  facet normal 0 -0 -1
    outer loop
      vertex 3.69552 -1.53073 -3
      vertex 6.93934 -1.06066 -3
      vertex 3.58749 -1.76915 -3
    endloop
  endfacet
  facet normal -0 0 -1
    outer loop
      vertex 6.87224 -0.989018 -3
      vertex 3.69552 -1.53073 -3
      vertex 6.80997 -0.913141 -3
    endloop
  endfacet
  facet normal 0 -0 -1
    outer loop
      vertex 3.78772 -1.28576 -3
      vertex 6.80997 -0.913141 -3
      vertex 3.69552 -1.53073 -3
    endloop
  endfacet
  facet normal -0 0 -1
    outer loop
      vertex 6.80997 -0.913141 -3
      vertex 3.78772 -1.28576 -3
      vertex 6.7528 -0.833355 -3
    endloop
  endfacet
  facet normal -0 0 -1
    outer loop
      vertex 6.7528 -0.833355 -3
      vertex 3.78772 -1.28576 -3
      vertex 6.70096 -0.75 -3
    endloop
  endfacet
  facet normal 0 -0 -1
    outer loop
      vertex 3.8637 -1.03528 -3
      vertex 6.70096 -0.75 -3
      vertex 3.78772 -1.28576 -3
    endloop
  endfacet
  facet normal 0 0 -1
    outer loop
      vertex 1.53073 -3.69552 -3
      vertex 6.8883 -16.6298 -3
      vertex 5.78591 -17.0447 -3
    endloop
  endfacet
  facet normal 0 0 -1
    outer loop
      vertex 9.12776 0.989018 -3
      vertex 17.0447 5.78591 -3
      vertex 9.19003 0.913141 -3
    endloop
  endfacet
  facet normal 0 0 -1
    outer loop
      vertex 9.06066 1.06066 -3
      vertex 17.0447 5.78591 -3
      vertex 9.12776 0.989018 -3
    endloop
  endfacet
  facet normal -0 0 -1
    outer loop
      vertex 17.0447 5.78591 -3
      vertex 9.06066 1.06066 -3
      vertex 16.6298 6.8883 -3
    endloop
  endfacet
  facet normal 0 0 -1
    outer loop
      vertex 8.98902 1.12776 -3
      vertex 16.6298 6.8883 -3
      vertex 9.06066 1.06066 -3
    endloop
  endfacet
  facet normal 0 0 -1
    outer loop
      vertex 8.91314 1.19003 -3
      vertex 16.6298 6.8883 -3
      vertex 8.98902 1.12776 -3
    endloop
  endfacet
  facet normal -0 0 -1
    outer loop
      vertex 16.6298 6.8883 -3
      vertex 8.91314 1.19003 -3
      vertex 16.1437 7.9612 -3
    endloop
  endfacet
  facet normal 0 0 -1
    outer loop
      vertex 8.83335 1.2472 -3
      vertex 16.1437 7.9612 -3
      vertex 8.91314 1.19003 -3
    endloop
  endfacet
  facet normal 0 0 -1
    outer loop
      vertex 8.75 1.29904 -3
      vertex 16.1437 7.9612 -3
      vertex 8.83335 1.2472 -3
    endloop
  endfacet
  facet normal -0 0 -1
    outer loop
      vertex 16.1437 7.9612 -3
      vertex 8.75 1.29904 -3
      vertex 15.5885 9 -3
    endloop
  endfacet
  facet normal 0 0 -1
    outer loop
      vertex 8.66343 1.34531 -3
      vertex 15.5885 9 -3
      vertex 8.75 1.29904 -3
    endloop
  endfacet
  facet normal 0 0 -1
    outer loop
      vertex 8.57402 1.38582 -3
      vertex 15.5885 9 -3
      vertex 8.66343 1.34531 -3
    endloop
  endfacet
  facet normal -0 0 -1
    outer loop
      vertex 15.5885 9 -3
      vertex 8.57402 1.38582 -3
      vertex 14.9665 10.0003 -3
    endloop
  endfacet
  facet normal 0 0 -1
    outer loop
      vertex 8.48216 1.42039 -3
      vertex 14.9665 10.0003 -3
      vertex 8.57402 1.38582 -3
    endloop
  endfacet
  facet normal 0 0 -1
    outer loop
      vertex 8.38823 1.44889 -3
      vertex 14.9665 10.0003 -3
      vertex 8.48216 1.42039 -3
    endloop
  endfacet
  facet normal -0 0 -1
    outer loop
      vertex 14.9665 10.0003 -3
      vertex 8.38823 1.44889 -3
      vertex 14.2804 10.9577 -3
    endloop
  endfacet
  facet normal 0 0 -1
    outer loop
      vertex 8.29263 1.47118 -3
      vertex 14.2804 10.9577 -3
      vertex 8.38823 1.44889 -3
    endloop
  endfacet
  facet normal -0 0 -1
    outer loop
      vertex 14.2804 10.9577 -3
      vertex 8.29263 1.47118 -3
      vertex 13.5331 11.8682 -3
    endloop
  endfacet
  facet normal 0 0 -1
    outer loop
      vertex 8.19579 1.48717 -3
      vertex 13.5331 11.8682 -3
      vertex 8.29263 1.47118 -3
    endloop
  endfacet
  facet normal 0 0 -1
    outer loop
      vertex 8.0981 1.49679 -3
      vertex 13.5331 11.8682 -3
      vertex 8.19579 1.48717 -3
    endloop
  endfacet
  facet normal -0 0 -1
    outer loop
      vertex 13.5331 11.8682 -3
      vertex 8.0981 1.49679 -3
      vertex 12.7279 12.7279 -3
    endloop
  endfacet
  facet normal 0 0 -1
    outer loop
      vertex 8 1.5 -3
      vertex 12.7279 12.7279 -3
      vertex 8.0981 1.49679 -3
    endloop
  endfacet
  facet normal -0 0 -1
    outer loop
      vertex 12.7279 12.7279 -3
      vertex 8 1.5 -3
      vertex 11.8682 13.5331 -3
    endloop
  endfacet
  facet normal 0 0 -1
    outer loop
      vertex 7.90189 1.49679 -3
      vertex 11.8682 13.5331 -3
      vertex 8 1.5 -3
    endloop
  endfacet
  facet normal 0 0 -1
    outer loop
      vertex 7.80421 1.48717 -3
      vertex 11.8682 13.5331 -3
      vertex 7.90189 1.49679 -3
    endloop
  endfacet
  facet normal -0 0 -1
    outer loop
      vertex 11.8682 13.5331 -3
      vertex 7.80421 1.48717 -3
      vertex 10.9577 14.2804 -3
    endloop
  endfacet
  facet normal 0 0 -1
    outer loop
      vertex 7.70736 1.47118 -3
      vertex 10.9577 14.2804 -3
      vertex 7.80421 1.48717 -3
    endloop
  endfacet
  facet normal -0 0 -1
    outer loop
      vertex 10.9577 14.2804 -3
      vertex 7.70736 1.47118 -3
      vertex 10.0003 14.9665 -3
    endloop
  endfacet
  facet normal 0 0 -1
    outer loop
      vertex 7.61177 1.44889 -3
      vertex 10.0003 14.9665 -3
      vertex 7.70736 1.47118 -3
    endloop
  endfacet
  facet normal -0 0 -1
    outer loop
      vertex 10.0003 14.9665 -3
      vertex 7.61177 1.44889 -3
      vertex 9 15.5885 -3
    endloop
  endfacet
  facet normal 0 0 -1
    outer loop
      vertex 7.51784 1.42039 -3
      vertex 9 15.5885 -3
      vertex 7.61177 1.44889 -3
    endloop
  endfacet
  facet normal 0 0 -1
    outer loop
      vertex 3.32588 2.22228 -3
      vertex 7.16664 1.2472 -3
      vertex 3.4641 2 -3
    endloop
  endfacet
  facet normal 0 0 -1
    outer loop
      vertex 7.08686 1.19003 -3
      vertex 3.4641 2 -3
      vertex 7.16664 1.2472 -3
    endloop
  endfacet
  facet normal 0 0 -1
    outer loop
      vertex 7.01098 1.12776 -3
      vertex 3.58749 1.76915 -3
      vertex 7.08686 1.19003 -3
    endloop
  endfacet
  facet normal 0 0 -1
    outer loop
      vertex 3.58749 1.76915 -3
      vertex 6.93934 1.06066 -3
      vertex 3.69552 1.53073 -3
    endloop
  endfacet
  facet normal 0 0 -1
    outer loop
      vertex 6.80997 0.913141 -3
      vertex 3.69552 1.53073 -3
      vertex 6.87224 0.989018 -3
    endloop
  endfacet
  facet normal 0 0 -1
    outer loop
      vertex 6.7528 0.833355 -3
      vertex 3.78772 1.28576 -3
      vertex 6.80997 0.913141 -3
    endloop
  endfacet
  facet normal 0 0 -1
    outer loop
      vertex 6.70096 0.75 -3
      vertex 3.78772 1.28576 -3
      vertex 6.7528 0.833355 -3
    endloop
  endfacet
  facet normal 0 0 -1
    outer loop
      vertex 3.78772 1.28576 -3
      vertex 6.70096 0.75 -3
      vertex 3.8637 1.03528 -3
    endloop
  endfacet
  facet normal 0 0 -1
    outer loop
      vertex 3.4641 2 -3
      vertex 7.08686 1.19003 -3
      vertex 3.58749 1.76915 -3
    endloop
  endfacet
  facet normal 0 0 -1
    outer loop
      vertex 6.65469 0.663432 -3
      vertex 3.8637 1.03528 -3
      vertex 6.70096 0.75 -3
    endloop
  endfacet
  facet normal 0 0 -1
    outer loop
      vertex 3.8637 1.03528 -3
      vertex 6.65469 0.663432 -3
      vertex 3.92314 0.780361 -3
    endloop
  endfacet
  facet normal 0 0 -1
    outer loop
      vertex 6.61418 0.574024 -3
      vertex 3.92314 0.780361 -3
      vertex 6.65469 0.663432 -3
    endloop
  endfacet
  facet normal 0 0 -1
    outer loop
      vertex 6.5796 0.482159 -3
      vertex 3.92314 0.780361 -3
      vertex 6.61418 0.574024 -3
    endloop
  endfacet
  facet normal 0 0 -1
    outer loop
      vertex 3.92314 0.780361 -3
      vertex 6.5796 0.482159 -3
      vertex 3.96578 0.522104 -3
    endloop
  endfacet
  facet normal 0 0 -1
    outer loop
      vertex 6.55111 0.388228 -3
      vertex 3.96578 0.522104 -3
      vertex 6.5796 0.482159 -3
    endloop
  endfacet
  facet normal 0 0 -1
    outer loop
      vertex 6.52882 0.292635 -3
      vertex 3.96578 0.522104 -3
      vertex 6.55111 0.388228 -3
    endloop
  endfacet
  facet normal 0 0 -1
    outer loop
      vertex 3.96578 0.522104 -3
      vertex 6.52882 0.292635 -3
      vertex 3.99144 0.261612 -3
    endloop
  endfacet
  facet normal 0 0 -1
    outer loop
      vertex 6.51283 0.195788 -3
      vertex 3.99144 0.261612 -3
      vertex 6.52882 0.292635 -3
    endloop
  endfacet
  facet normal 0 0 -1
    outer loop
      vertex 6.50321 0.0981045 -3
      vertex 3.99144 0.261612 -3
      vertex 6.51283 0.195788 -3
    endloop
  endfacet
  facet normal 0 0 -1
    outer loop
      vertex 3.99144 0.261612 -3
      vertex 6.50321 0.0981045 -3
      vertex 4 0 -3
    endloop
  endfacet
  facet normal 0 0 -1
    outer loop
      vertex 4 0 -3
      vertex 6.50321 0.0981045 -3
      vertex 6.5 0 -3
    endloop
  endfacet
  facet normal -0 0 -1
    outer loop
      vertex 6.70096 -0.75 -3
      vertex 3.8637 -1.03528 -3
      vertex 6.65469 -0.663432 -3
    endloop
  endfacet
  facet normal 0 0 -1
    outer loop
      vertex 3.69552 1.53073 -3
      vertex 6.80997 0.913141 -3
      vertex 3.78772 1.28576 -3
    endloop
  endfacet
  facet normal 0 0 -1
    outer loop
      vertex 1.28576 -3.78772 -3
      vertex 5.78591 -17.0447 -3
      vertex 4.65874 -17.3867 -3
    endloop
  endfacet
  facet normal 0 0 -1
    outer loop
      vertex 6.93934 1.06066 -3
      vertex 3.58749 1.76915 -3
      vertex 7.01098 1.12776 -3
    endloop
  endfacet
  facet normal 0 0 -1
    outer loop
      vertex 6.87224 0.989018 -3
      vertex 3.69552 1.53073 -3
      vertex 6.93934 1.06066 -3
    endloop
  endfacet
  facet normal 0 0 -1
    outer loop
      vertex 6.50321 -0.0981045 -3
      vertex 4 0 -3
      vertex 6.5 0 -3
    endloop
  endfacet
  facet normal 0 -0 -1
    outer loop
      vertex 4 0 -3
      vertex 6.50321 -0.0981045 -3
      vertex 3.99144 -0.261612 -3
    endloop
  endfacet
  facet normal -0 0 -1
    outer loop
      vertex 6.51283 -0.195788 -3
      vertex 3.99144 -0.261612 -3
      vertex 6.50321 -0.0981045 -3
    endloop
  endfacet
  facet normal 0 0 -1
    outer loop
      vertex 6.52882 -0.292635 -3
      vertex 3.99144 -0.261612 -3
      vertex 6.51283 -0.195788 -3
    endloop
  endfacet
  facet normal 0 -0 -1
    outer loop
      vertex 3.99144 -0.261612 -3
      vertex 6.52882 -0.292635 -3
      vertex 3.96578 -0.522104 -3
    endloop
  endfacet
  facet normal -0 0 -1
    outer loop
      vertex 6.55111 -0.388228 -3
      vertex 3.96578 -0.522104 -3
      vertex 6.52882 -0.292635 -3
    endloop
  endfacet
  facet normal -0 0 -1
    outer loop
      vertex 6.5796 -0.482159 -3
      vertex 3.96578 -0.522104 -3
      vertex 6.55111 -0.388228 -3
    endloop
  endfacet
  facet normal 0 0 -1
    outer loop
      vertex 1.03528 -3.8637 -3
      vertex 4.65874 -17.3867 -3
      vertex 3.51163 -17.6541 -3
    endloop
  endfacet
  facet normal 0 -0 -1
    outer loop
      vertex 3.96578 -0.522104 -3
      vertex 6.5796 -0.482159 -3
      vertex 3.92314 -0.780361 -3
    endloop
  endfacet
  facet normal -0 0 -1
    outer loop
      vertex 6.61418 -0.574024 -3
      vertex 3.92314 -0.780361 -3
      vertex 6.5796 -0.482159 -3
    endloop
  endfacet
  facet normal -0 0 -1
    outer loop
      vertex 6.65469 -0.663432 -3
      vertex 3.92314 -0.780361 -3
      vertex 6.61418 -0.574024 -3
    endloop
  endfacet
  facet normal 0 -0 -1
    outer loop
      vertex 3.92314 -0.780361 -3
      vertex 6.65469 -0.663432 -3
      vertex 3.8637 -1.03528 -3
    endloop
  endfacet
  facet normal -0 0 -1
    outer loop
      vertex 6.93934 -1.06066 -3
      vertex 3.69552 -1.53073 -3
      vertex 6.87224 -0.989018 -3
    endloop
  endfacet
  facet normal 0 -0 -1
    outer loop
      vertex 3.4641 -2 -3
      vertex 7.16664 -1.2472 -3
      vertex 3.32588 -2.22228 -3
    endloop
  endfacet
  facet normal 0 0 -1
    outer loop
      vertex 10.9577 -14.2804 -3
      vertex 2.43505 -3.17341 -3
      vertex 2.63738 -3.00736 -3
    endloop
  endfacet
  facet normal 0 0 -1
    outer loop
      vertex 0.780361 -3.92314 -3
      vertex 3.51163 -17.6541 -3
      vertex 2.34947 -17.846 -3
    endloop
  endfacet
  facet normal 0 0 -1
    outer loop
      vertex 10.0003 -14.9665 -3
      vertex 2.22228 -3.32588 -3
      vertex 2.43505 -3.17341 -3
    endloop
  endfacet
  facet normal 0 0 -1
    outer loop
      vertex 9 -15.5885 -3
      vertex 2 -3.4641 -3
      vertex 2.22228 -3.32588 -3
    endloop
  endfacet
  facet normal 0 0 -1
    outer loop
      vertex 7.9612 -16.1437 -3
      vertex 1.76915 -3.58749 -3
      vertex 2 -3.4641 -3
    endloop
  endfacet
  facet normal 0 0 -1
    outer loop
      vertex 6.8883 -16.6298 -3
      vertex 1.53073 -3.69552 -3
      vertex 1.76915 -3.58749 -3
    endloop
  endfacet
  facet normal 0 0 -1
    outer loop
      vertex 5.78591 -17.0447 -3
      vertex 1.28576 -3.78772 -3
      vertex 1.53073 -3.69552 -3
    endloop
  endfacet
  facet normal 0 0 -1
    outer loop
      vertex 0.522104 -3.96578 -3
      vertex 2.34947 -17.846 -3
      vertex 1.17726 -17.9615 -3
    endloop
  endfacet
  facet normal 0 0 -1
    outer loop
      vertex 4.65874 -17.3867 -3
      vertex 1.03528 -3.8637 -3
      vertex 1.28576 -3.78772 -3
    endloop
  endfacet
  facet normal 0 0 -1
    outer loop
      vertex 3.51163 -17.6541 -3
      vertex 0.780361 -3.92314 -3
      vertex 1.03528 -3.8637 -3
    endloop
  endfacet
  facet normal 0 0 -1
    outer loop
      vertex 2.34947 -17.846 -3
      vertex 0.522104 -3.96578 -3
      vertex 0.780361 -3.92314 -3
    endloop
  endfacet
  facet normal 0 0 -1
    outer loop
      vertex 1.17726 -17.9615 -3
      vertex 0.261612 -3.99144 -3
      vertex 0.522104 -3.96578 -3
    endloop
  endfacet
  facet normal 0 0 -1
    outer loop
      vertex 0 -18 -3
      vertex 0.261612 -3.99144 -3
      vertex 1.17726 -17.9615 -3
    endloop
  endfacet
  facet normal 0 0 -1
    outer loop
      vertex 0 -18 -3
      vertex 0 -4 -3
      vertex 0.261612 -3.99144 -3
    endloop
  endfacet
  facet normal 0 0 -1
    outer loop
      vertex 0 -18 -3
      vertex -0.261612 -3.99144 -3
      vertex 0 -4 -3
    endloop
  endfacet
  facet normal 0 0 -1
    outer loop
      vertex -1.17726 -17.9615 -3
      vertex -0.261612 -3.99144 -3
      vertex 0 -18 -3
    endloop
  endfacet
  facet normal -0 0 -1
    outer loop
      vertex -0.261612 -3.99144 -3
      vertex -1.17726 -17.9615 -3
      vertex -0.522104 -3.96578 -3
    endloop
  endfacet
  facet normal 0 0 -1
    outer loop
      vertex -2.34947 -17.846 -3
      vertex -0.522104 -3.96578 -3
      vertex -1.17726 -17.9615 -3
    endloop
  endfacet
  facet normal -0 0 -1
    outer loop
      vertex -0.522104 -3.96578 -3
      vertex -2.34947 -17.846 -3
      vertex -0.780361 -3.92314 -3
    endloop
  endfacet
  facet normal 0 0 -1
    outer loop
      vertex -3.51163 -17.6541 -3
      vertex -0.780361 -3.92314 -3
      vertex -2.34947 -17.846 -3
    endloop
  endfacet
  facet normal -0 0 -1
    outer loop
      vertex -0.780361 -3.92314 -3
      vertex -3.51163 -17.6541 -3
      vertex -1.03528 -3.8637 -3
    endloop
  endfacet
  facet normal 0 0 -1
    outer loop
      vertex -4.65874 -17.3867 -3
      vertex -1.03528 -3.8637 -3
      vertex -3.51163 -17.6541 -3
    endloop
  endfacet
  facet normal -0 0 -1
    outer loop
      vertex -1.03528 -3.8637 -3
      vertex -4.65874 -17.3867 -3
      vertex -1.28576 -3.78772 -3
    endloop
  endfacet
  facet normal 0 0 -1
    outer loop
      vertex -5.78591 -17.0447 -3
      vertex -1.28576 -3.78772 -3
      vertex -4.65874 -17.3867 -3
    endloop
  endfacet
  facet normal -0 0 -1
    outer loop
      vertex -1.28576 -3.78772 -3
      vertex -5.78591 -17.0447 -3
      vertex -1.53073 -3.69552 -3
    endloop
  endfacet
  facet normal 0 0 -1
    outer loop
      vertex -6.8883 -16.6298 -3
      vertex -1.53073 -3.69552 -3
      vertex -5.78591 -17.0447 -3
    endloop
  endfacet
  facet normal -0 0 -1
    outer loop
      vertex -1.53073 -3.69552 -3
      vertex -6.8883 -16.6298 -3
      vertex -1.76915 -3.58749 -3
    endloop
  endfacet
  facet normal 0 0 -1
    outer loop
      vertex -7.9612 -16.1437 -3
      vertex -1.76915 -3.58749 -3
      vertex -6.8883 -16.6298 -3
    endloop
  endfacet
  facet normal -0 0 -1
    outer loop
      vertex -1.76915 -3.58749 -3
      vertex -7.9612 -16.1437 -3
      vertex -2 -3.4641 -3
    endloop
  endfacet
  facet normal 0 0 -1
    outer loop
      vertex -9 -15.5885 -3
      vertex -2 -3.4641 -3
      vertex -7.9612 -16.1437 -3
    endloop
  endfacet
  facet normal -0 0 -1
    outer loop
      vertex -2 -3.4641 -3
      vertex -9 -15.5885 -3
      vertex -2.22228 -3.32588 -3
    endloop
  endfacet
  facet normal 0 0 -1
    outer loop
      vertex -10.0003 -14.9665 -3
      vertex -2.22228 -3.32588 -3
      vertex -9 -15.5885 -3
    endloop
  endfacet
  facet normal -0 0 -1
    outer loop
      vertex -2.22228 -3.32588 -3
      vertex -10.0003 -14.9665 -3
      vertex -2.43505 -3.17341 -3
    endloop
  endfacet
  facet normal 0 0 -1
    outer loop
      vertex -10.9577 -14.2804 -3
      vertex -2.43505 -3.17341 -3
      vertex -10.0003 -14.9665 -3
    endloop
  endfacet
  facet normal -0 0 -1
    outer loop
      vertex -2.43505 -3.17341 -3
      vertex -10.9577 -14.2804 -3
      vertex -2.63738 -3.00736 -3
    endloop
  endfacet
  facet normal 0 0 -1
    outer loop
      vertex -11.8682 -13.5331 -3
      vertex -2.63738 -3.00736 -3
      vertex -10.9577 -14.2804 -3
    endloop
  endfacet
  facet normal -0 0 -1
    outer loop
      vertex -2.63738 -3.00736 -3
      vertex -11.8682 -13.5331 -3
      vertex -2.82843 -2.82843 -3
    endloop
  endfacet
  facet normal 0 0 -1
    outer loop
      vertex -12.7279 -12.7279 -3
      vertex -2.82843 -2.82843 -3
      vertex -11.8682 -13.5331 -3
    endloop
  endfacet
  facet normal -0 0 -1
    outer loop
      vertex -2.82843 -2.82843 -3
      vertex -12.7279 -12.7279 -3
      vertex -3.00736 -2.63738 -3
    endloop
  endfacet
  facet normal 0 0 -1
    outer loop
      vertex -13.5331 -11.8682 -3
      vertex -3.00736 -2.63738 -3
      vertex -12.7279 -12.7279 -3
    endloop
  endfacet
  facet normal -0 0 -1
    outer loop
      vertex -3.00736 -2.63738 -3
      vertex -13.5331 -11.8682 -3
      vertex -3.17341 -2.43505 -3
    endloop
  endfacet
  facet normal 0 0 -1
    outer loop
      vertex -14.2804 -10.9577 -3
      vertex -3.17341 -2.43505 -3
      vertex -13.5331 -11.8682 -3
    endloop
  endfacet
  facet normal 0.729863 0.683594 0
    outer loop
      vertex 13.5331 11.8682 0
      vertex 12.7279 12.7279 -3
      vertex 12.7279 12.7279 0
    endloop
  endfacet
  facet normal 0.729863 0.683594 0
    outer loop
      vertex 12.7279 12.7279 -3
      vertex 13.5331 11.8682 0
      vertex 13.5331 11.8682 -3
    endloop
  endfacet
  facet normal -0.97389 -0.227021 0
    outer loop
      vertex -17.3867 -4.65874 -3
      vertex -17.6541 -3.51163 0
      vertex -17.6541 -3.51163 -3
    endloop
  endfacet
  facet normal -0.97389 -0.227021 0
    outer loop
      vertex -17.6541 -3.51163 0
      vertex -17.3867 -4.65874 -3
      vertex -17.3867 -4.65874 0
    endloop
  endfacet
  facet normal -0.290344 -0.956922 0
    outer loop
      vertex -5.78591 -17.0447 -3
      vertex -4.65874 -17.3867 0
      vertex -5.78591 -17.0447 0
    endloop
  endfacet
  facet normal -0.290344 -0.956922 -0
    outer loop
      vertex -4.65874 -17.3867 0
      vertex -5.78591 -17.0447 -3
      vertex -4.65874 -17.3867 -3
    endloop
  endfacet
  facet normal 0.352242 0.935909 -0
    outer loop
      vertex 6.8883 16.6298 -3
      vertex 5.78591 17.0447 0
      vertex 6.8883 16.6298 0
    endloop
  endfacet
  facet normal 0.352242 0.935909 0
    outer loop
      vertex 5.78591 17.0447 0
      vertex 6.8883 16.6298 -3
      vertex 5.78591 17.0447 -3
    endloop
  endfacet
  facet normal -0.910872 0.41269 0
    outer loop
      vertex -16.6298 6.8883 -3
      vertex -16.1437 7.9612 0
      vertex -16.1437 7.9612 -3
    endloop
  endfacet
  facet normal -0.910872 0.41269 0
    outer loop
      vertex -16.1437 7.9612 0
      vertex -16.6298 6.8883 -3
      vertex -16.6298 6.8883 0
    endloop
  endfacet
  facet normal -0.162917 -0.98664 0
    outer loop
      vertex -3.51163 -17.6541 -3
      vertex -2.34947 -17.846 0
      vertex -3.51163 -17.6541 0
    endloop
  endfacet
  facet normal -0.162917 -0.98664 -0
    outer loop
      vertex -2.34947 -17.846 0
      vertex -3.51163 -17.6541 -3
      vertex -2.34947 -17.846 -3
    endloop
  endfacet
  facet normal 0.77298 -0.63443 0
    outer loop
      vertex 13.5331 -11.8682 0
      vertex 14.2804 -10.9577 -3
      vertex 14.2804 -10.9577 0
    endloop
  endfacet
  facet normal 0.77298 -0.63443 0
    outer loop
      vertex 14.2804 -10.9577 -3
      vertex 13.5331 -11.8682 0
      vertex 13.5331 -11.8682 -3
    endloop
  endfacet
  facet normal -0.98664 -0.162917 0
    outer loop
      vertex -17.6541 -3.51163 -3
      vertex -17.846 -2.34947 0
      vertex -17.846 -2.34947 -3
    endloop
  endfacet
  facet normal -0.98664 -0.162917 0
    outer loop
      vertex -17.846 -2.34947 0
      vertex -17.6541 -3.51163 -3
      vertex -17.6541 -3.51163 0
    endloop
  endfacet
  facet normal -0.935909 0.352242 0
    outer loop
      vertex -17.0447 5.78591 -3
      vertex -16.6298 6.8883 0
      vertex -16.6298 6.8883 -3
    endloop
  endfacet
  facet normal -0.935909 0.352242 0
    outer loop
      vertex -16.6298 6.8883 0
      vertex -17.0447 5.78591 -3
      vertex -17.0447 5.78591 0
    endloop
  endfacet
  facet normal -0.729863 0.683594 0
    outer loop
      vertex -13.5331 11.8682 -3
      vertex -12.7279 12.7279 0
      vertex -12.7279 12.7279 -3
    endloop
  endfacet
  facet normal -0.729863 0.683594 0
    outer loop
      vertex -12.7279 12.7279 0
      vertex -13.5331 11.8682 -3
      vertex -13.5331 11.8682 0
    endloop
  endfacet
  facet normal -0.999466 0.0326856 0
    outer loop
      vertex -18 0 -3
      vertex -17.9615 1.17726 0
      vertex -17.9615 1.17726 -3
    endloop
  endfacet
  facet normal -0.999466 0.0326856 0
    outer loop
      vertex -17.9615 1.17726 0
      vertex -18 0 -3
      vertex -18 0 0
    endloop
  endfacet
  facet normal -0.471364 0.881939 0
    outer loop
      vertex -7.9612 16.1437 -3
      vertex -9 15.5885 0
      vertex -7.9612 16.1437 0
    endloop
  endfacet
  facet normal -0.471364 0.881939 0
    outer loop
      vertex -9 15.5885 0
      vertex -7.9612 16.1437 -3
      vertex -9 15.5885 -3
    endloop
  endfacet
  facet normal 0.849212 0.528052 0
    outer loop
      vertex 15.5885 9 0
      vertex 14.9665 10.0003 -3
      vertex 14.9665 10.0003 0
    endloop
  endfacet
  facet normal 0.849212 0.528052 0
    outer loop
      vertex 14.9665 10.0003 -3
      vertex 15.5885 9 0
      vertex 15.5885 9 -3
    endloop
  endfacet
  facet normal 0.582498 0.812832 -0
    outer loop
      vertex 10.9577 14.2804 -3
      vertex 10.0003 14.9665 0
      vertex 10.9577 14.2804 0
    endloop
  endfacet
  facet normal 0.582498 0.812832 0
    outer loop
      vertex 10.0003 14.9665 0
      vertex 10.9577 14.2804 -3
      vertex 10.0003 14.9665 -3
    endloop
  endfacet
  facet normal 0.227021 0.97389 -0
    outer loop
      vertex 4.65874 17.3867 -3
      vertex 3.51163 17.6541 0
      vertex 4.65874 17.3867 0
    endloop
  endfacet
  facet normal 0.227021 0.97389 0
    outer loop
      vertex 3.51163 17.6541 0
      vertex 4.65874 17.3867 -3
      vertex 3.51163 17.6541 -3
    endloop
  endfacet
  facet normal 0.352242 -0.935909 0
    outer loop
      vertex 5.78591 -17.0447 -3
      vertex 6.8883 -16.6298 0
      vertex 5.78591 -17.0447 0
    endloop
  endfacet
  facet normal 0.352242 -0.935909 0
    outer loop
      vertex 6.8883 -16.6298 0
      vertex 5.78591 -17.0447 -3
      vertex 6.8883 -16.6298 -3
    endloop
  endfacet
  facet normal -0.995181 -0.098057 0
    outer loop
      vertex -17.846 -2.34947 -3
      vertex -17.9615 -1.17726 0
      vertex -17.9615 -1.17726 -3
    endloop
  endfacet
  facet normal -0.995181 -0.098057 0
    outer loop
      vertex -17.9615 -1.17726 0
      vertex -17.846 -2.34947 -3
      vertex -17.846 -2.34947 0
    endloop
  endfacet
  facet normal 0.098057 -0.995181 0
    outer loop
      vertex 1.17726 -17.9615 -3
      vertex 2.34947 -17.846 0
      vertex 1.17726 -17.9615 0
    endloop
  endfacet
  facet normal 0.098057 -0.995181 0
    outer loop
      vertex 2.34947 -17.846 0
      vertex 1.17726 -17.9615 -3
      vertex 2.34947 -17.846 -3
    endloop
  endfacet
  facet normal 0.881939 -0.471364 0
    outer loop
      vertex 15.5885 -9 0
      vertex 16.1437 -7.9612 -3
      vertex 16.1437 -7.9612 0
    endloop
  endfacet
  facet normal 0.881939 -0.471364 0
    outer loop
      vertex 16.1437 -7.9612 -3
      vertex 15.5885 -9 0
      vertex 15.5885 -9 -3
    endloop
  endfacet
  facet normal -0.999466 -0.0326856 0
    outer loop
      vertex -17.9615 -1.17726 -3
      vertex -18 0 0
      vertex -18 0 -3
    endloop
  endfacet
  facet normal -0.999466 -0.0326856 0
    outer loop
      vertex -18 0 0
      vertex -17.9615 -1.17726 -3
      vertex -17.9615 -1.17726 0
    endloop
  endfacet
  facet normal -0.582498 0.812832 0
    outer loop
      vertex -10.0003 14.9665 -3
      vertex -10.9577 14.2804 0
      vertex -10.0003 14.9665 0
    endloop
  endfacet
  facet normal -0.582498 0.812832 0
    outer loop
      vertex -10.9577 14.2804 0
      vertex -10.0003 14.9665 -3
      vertex -10.9577 14.2804 -3
    endloop
  endfacet
  facet normal -0.98664 0.162917 0
    outer loop
      vertex -17.846 2.34947 -3
      vertex -17.6541 3.51163 0
      vertex -17.6541 3.51163 -3
    endloop
  endfacet
  facet normal -0.98664 0.162917 0
    outer loop
      vertex -17.6541 3.51163 0
      vertex -17.846 2.34947 -3
      vertex -17.846 2.34947 0
    endloop
  endfacet
  facet normal 0.910872 -0.41269 0
    outer loop
      vertex 16.1437 -7.9612 0
      vertex 16.6298 -6.8883 -3
      vertex 16.6298 -6.8883 0
    endloop
  endfacet
  facet normal 0.910872 -0.41269 0
    outer loop
      vertex 16.6298 -6.8883 -3
      vertex 16.1437 -7.9612 0
      vertex 16.1437 -7.9612 -3
    endloop
  endfacet
  facet normal -0.935909 -0.352242 0
    outer loop
      vertex -16.6298 -6.8883 -3
      vertex -17.0447 -5.78591 0
      vertex -17.0447 -5.78591 -3
    endloop
  endfacet
  facet normal -0.935909 -0.352242 0
    outer loop
      vertex -17.0447 -5.78591 0
      vertex -16.6298 -6.8883 -3
      vertex -16.6298 -6.8883 0
    endloop
  endfacet
  facet normal -0.97389 0.227021 0
    outer loop
      vertex -17.6541 3.51163 -3
      vertex -17.3867 4.65874 0
      vertex -17.3867 4.65874 -3
    endloop
  endfacet
  facet normal -0.97389 0.227021 0
    outer loop
      vertex -17.3867 4.65874 0
      vertex -17.6541 3.51163 -3
      vertex -17.6541 3.51163 0
    endloop
  endfacet
  facet normal -0.812832 0.582498 0
    outer loop
      vertex -14.9665 10.0003 -3
      vertex -14.2804 10.9577 0
      vertex -14.2804 10.9577 -3
    endloop
  endfacet
  facet normal -0.812832 0.582498 0
    outer loop
      vertex -14.2804 10.9577 0
      vertex -14.9665 10.0003 -3
      vertex -14.9665 10.0003 0
    endloop
  endfacet
  facet normal -0.352242 -0.935909 0
    outer loop
      vertex -6.8883 -16.6298 -3
      vertex -5.78591 -17.0447 0
      vertex -6.8883 -16.6298 0
    endloop
  endfacet
  facet normal -0.352242 -0.935909 -0
    outer loop
      vertex -5.78591 -17.0447 0
      vertex -6.8883 -16.6298 -3
      vertex -5.78591 -17.0447 -3
    endloop
  endfacet
  facet normal 0.995181 -0.098057 0
    outer loop
      vertex 17.846 -2.34947 0
      vertex 17.9615 -1.17726 -3
      vertex 17.9615 -1.17726 0
    endloop
  endfacet
  facet normal 0.995181 -0.098057 0
    outer loop
      vertex 17.9615 -1.17726 -3
      vertex 17.846 -2.34947 0
      vertex 17.846 -2.34947 -3
    endloop
  endfacet
  facet normal 0.935909 -0.352242 0
    outer loop
      vertex 16.6298 -6.8883 0
      vertex 17.0447 -5.78591 -3
      vertex 17.0447 -5.78591 0
    endloop
  endfacet
  facet normal 0.935909 -0.352242 0
    outer loop
      vertex 17.0447 -5.78591 -3
      vertex 16.6298 -6.8883 0
      vertex 16.6298 -6.8883 -3
    endloop
  endfacet
  facet normal 0.227021 -0.97389 0
    outer loop
      vertex 3.51163 -17.6541 -3
      vertex 4.65874 -17.3867 0
      vertex 3.51163 -17.6541 0
    endloop
  endfacet
  facet normal 0.227021 -0.97389 0
    outer loop
      vertex 4.65874 -17.3867 0
      vertex 3.51163 -17.6541 -3
      vertex 4.65874 -17.3867 -3
    endloop
  endfacet
  facet normal -0.41269 -0.910872 0
    outer loop
      vertex -7.9612 -16.1437 -3
      vertex -6.8883 -16.6298 0
      vertex -7.9612 -16.1437 0
    endloop
  endfacet
  facet normal -0.41269 -0.910872 -0
    outer loop
      vertex -6.8883 -16.6298 0
      vertex -7.9612 -16.1437 -3
      vertex -6.8883 -16.6298 -3
    endloop
  endfacet
  facet normal -0.881939 -0.471364 0
    outer loop
      vertex -15.5885 -9 -3
      vertex -16.1437 -7.9612 0
      vertex -16.1437 -7.9612 -3
    endloop
  endfacet
  facet normal -0.881939 -0.471364 0
    outer loop
      vertex -16.1437 -7.9612 0
      vertex -15.5885 -9 -3
      vertex -15.5885 -9 0
    endloop
  endfacet
  facet normal -0.881939 0.471364 0
    outer loop
      vertex -16.1437 7.9612 -3
      vertex -15.5885 9 0
      vertex -15.5885 9 -3
    endloop
  endfacet
  facet normal -0.881939 0.471364 0
    outer loop
      vertex -15.5885 9 0
      vertex -16.1437 7.9612 -3
      vertex -16.1437 7.9612 0
    endloop
  endfacet
  facet normal 0.098057 0.995181 -0
    outer loop
      vertex 2.34947 17.846 -3
      vertex 1.17726 17.9615 0
      vertex 2.34947 17.846 0
    endloop
  endfacet
  facet normal 0.098057 0.995181 0
    outer loop
      vertex 1.17726 17.9615 0
      vertex 2.34947 17.846 -3
      vertex 1.17726 17.9615 -3
    endloop
  endfacet
  facet normal 0.0326856 0.999466 -0
    outer loop
      vertex 1.17726 17.9615 -3
      vertex 0 18 0
      vertex 1.17726 17.9615 0
    endloop
  endfacet
  facet normal 0.0326856 0.999466 0
    outer loop
      vertex 0 18 0
      vertex 1.17726 17.9615 -3
      vertex 0 18 -3
    endloop
  endfacet
  facet normal -0.683594 -0.729863 0
    outer loop
      vertex -12.7279 -12.7279 -3
      vertex -11.8682 -13.5331 0
      vertex -12.7279 -12.7279 0
    endloop
  endfacet
  facet normal -0.683594 -0.729863 -0
    outer loop
      vertex -11.8682 -13.5331 0
      vertex -12.7279 -12.7279 -3
      vertex -11.8682 -13.5331 -3
    endloop
  endfacet
  facet normal -0.849212 0.528052 0
    outer loop
      vertex -15.5885 9 -3
      vertex -14.9665 10.0003 0
      vertex -14.9665 10.0003 -3
    endloop
  endfacet
  facet normal -0.849212 0.528052 0
    outer loop
      vertex -14.9665 10.0003 0
      vertex -15.5885 9 -3
      vertex -15.5885 9 0
    endloop
  endfacet
  facet normal -0.582498 -0.812832 0
    outer loop
      vertex -10.9577 -14.2804 -3
      vertex -10.0003 -14.9665 0
      vertex -10.9577 -14.2804 0
    endloop
  endfacet
  facet normal -0.582498 -0.812832 -0
    outer loop
      vertex -10.0003 -14.9665 0
      vertex -10.9577 -14.2804 -3
      vertex -10.0003 -14.9665 -3
    endloop
  endfacet
  facet normal 0.729863 -0.683594 0
    outer loop
      vertex 12.7279 -12.7279 0
      vertex 13.5331 -11.8682 -3
      vertex 13.5331 -11.8682 0
    endloop
  endfacet
  facet normal 0.729863 -0.683594 0
    outer loop
      vertex 13.5331 -11.8682 -3
      vertex 12.7279 -12.7279 0
      vertex 12.7279 -12.7279 -3
    endloop
  endfacet
  facet normal 0.683594 -0.729863 0
    outer loop
      vertex 11.8682 -13.5331 -3
      vertex 12.7279 -12.7279 0
      vertex 11.8682 -13.5331 0
    endloop
  endfacet
  facet normal 0.683594 -0.729863 0
    outer loop
      vertex 12.7279 -12.7279 0
      vertex 11.8682 -13.5331 -3
      vertex 12.7279 -12.7279 -3
    endloop
  endfacet
  facet normal -0.910872 -0.41269 0
    outer loop
      vertex -16.1437 -7.9612 -3
      vertex -16.6298 -6.8883 0
      vertex -16.6298 -6.8883 -3
    endloop
  endfacet
  facet normal -0.910872 -0.41269 0
    outer loop
      vertex -16.6298 -6.8883 0
      vertex -16.1437 -7.9612 -3
      vertex -16.1437 -7.9612 0
    endloop
  endfacet
  facet normal -0.63443 -0.77298 0
    outer loop
      vertex -11.8682 -13.5331 -3
      vertex -10.9577 -14.2804 0
      vertex -11.8682 -13.5331 0
    endloop
  endfacet
  facet normal -0.63443 -0.77298 -0
    outer loop
      vertex -10.9577 -14.2804 0
      vertex -11.8682 -13.5331 -3
      vertex -10.9577 -14.2804 -3
    endloop
  endfacet
  facet normal 0.0327027 0.999465 -0
    outer loop
      vertex 0 -4 -3
      vertex -0.261612 -3.99144 15
      vertex 0 -4 15
    endloop
  endfacet
  facet normal 0.0327027 0.999465 0
    outer loop
      vertex -0.261612 -3.99144 15
      vertex 0 -4 -3
      vertex -0.261612 -3.99144 -3
    endloop
  endfacet
  facet normal 0.881924 -0.471391 0
    outer loop
      vertex -3.58749 1.76915 15
      vertex -3.4641 2 -3
      vertex -3.4641 2 15
    endloop
  endfacet
  facet normal 0.881924 -0.471391 0
    outer loop
      vertex -3.4641 2 -3
      vertex -3.58749 1.76915 15
      vertex -3.58749 1.76915 -3
    endloop
  endfacet
  facet normal 0.471391 -0.881924 0
    outer loop
      vertex -2 3.4641 -3
      vertex -1.76915 3.58749 15
      vertex -2 3.4641 15
    endloop
  endfacet
  facet normal 0.471391 -0.881924 0
    outer loop
      vertex -1.76915 3.58749 15
      vertex -2 3.4641 -3
      vertex -1.76915 3.58749 -3
    endloop
  endfacet
  facet normal -0.849207 -0.528061 0
    outer loop
      vertex 3.4641 2 -3
      vertex 3.32588 2.22228 15
      vertex 3.32588 2.22228 -3
    endloop
  endfacet
  facet normal -0.849207 -0.528061 0
    outer loop
      vertex 3.32588 2.22228 15
      vertex 3.4641 2 -3
      vertex 3.4641 2 15
    endloop
  endfacet
  facet normal -0.995183 0.0980314 0
    outer loop
      vertex 3.96578 -0.522104 -3
      vertex 3.99144 -0.261612 15
      vertex 3.99144 -0.261612 -3
    endloop
  endfacet
  facet normal -0.995183 0.0980314 0
    outer loop
      vertex 3.99144 -0.261612 15
      vertex 3.96578 -0.522104 -3
      vertex 3.96578 -0.522104 15
    endloop
  endfacet
  facet normal 0.986642 0.162901 0
    outer loop
      vertex -3.92314 -0.780361 15
      vertex -3.96578 -0.522104 -3
      vertex -3.96578 -0.522104 15
    endloop
  endfacet
  facet normal 0.986642 0.162901 0
    outer loop
      vertex -3.96578 -0.522104 -3
      vertex -3.92314 -0.780361 15
      vertex -3.92314 -0.780361 -3
    endloop
  endfacet
  facet normal 0.999465 0.0327027 0
    outer loop
      vertex -3.99144 -0.261612 15
      vertex -4 0 -3
      vertex -4 0 15
    endloop
  endfacet
  facet normal 0.999465 0.0327027 0
    outer loop
      vertex -4 0 -3
      vertex -3.99144 -0.261612 15
      vertex -3.99144 -0.261612 -3
    endloop
  endfacet
  facet normal -0.849207 0.528061 0
    outer loop
      vertex 3.32588 -2.22228 -3
      vertex 3.4641 -2 15
      vertex 3.4641 -2 -3
    endloop
  endfacet
  facet normal -0.849207 0.528061 0
    outer loop
      vertex 3.4641 -2 15
      vertex 3.32588 -2.22228 -3
      vertex 3.32588 -2.22228 15
    endloop
  endfacet
  facet normal 0.995183 0.0980314 0
    outer loop
      vertex -3.96578 -0.522104 15
      vertex -3.99144 -0.261612 -3
      vertex -3.99144 -0.261612 15
    endloop
  endfacet
  facet normal 0.995183 0.0980314 0
    outer loop
      vertex -3.99144 -0.261612 -3
      vertex -3.96578 -0.522104 15
      vertex -3.96578 -0.522104 -3
    endloop
  endfacet
  facet normal -0.634398 -0.773007 0
    outer loop
      vertex 2.43505 3.17341 -3
      vertex 2.63738 3.00736 15
      vertex 2.43505 3.17341 15
    endloop
  endfacet
  facet normal -0.634398 -0.773007 -0
    outer loop
      vertex 2.63738 3.00736 15
      vertex 2.43505 3.17341 -3
      vertex 2.63738 3.00736 -3
    endloop
  endfacet
  facet normal 0.412718 0.910859 -0
    outer loop
      vertex -1.53073 -3.69552 -3
      vertex -1.76915 -3.58749 15
      vertex -1.53073 -3.69552 15
    endloop
  endfacet
  facet normal 0.412718 0.910859 0
    outer loop
      vertex -1.76915 -3.58749 15
      vertex -1.53073 -3.69552 -3
      vertex -1.76915 -3.58749 -3
    endloop
  endfacet
  facet normal -0.162901 0.986642 0
    outer loop
      vertex 0.780361 -3.92314 -3
      vertex 0.522104 -3.96578 15
      vertex 0.780361 -3.92314 15
    endloop
  endfacet
  facet normal -0.162901 0.986642 0
    outer loop
      vertex 0.522104 -3.96578 15
      vertex 0.780361 -3.92314 -3
      vertex 0.522104 -3.96578 -3
    endloop
  endfacet
  facet normal -0.812845 0.582481 0
    outer loop
      vertex 3.17341 -2.43505 -3
      vertex 3.32588 -2.22228 15
      vertex 3.32588 -2.22228 -3
    endloop
  endfacet
  facet normal -0.812845 0.582481 0
    outer loop
      vertex 3.32588 -2.22228 15
      vertex 3.17341 -2.43505 -3
      vertex 3.17341 -2.43505 15
    endloop
  endfacet
  facet normal -0.995183 -0.0980314 0
    outer loop
      vertex 3.99144 0.261612 -3
      vertex 3.96578 0.522104 15
      vertex 3.96578 0.522104 -3
    endloop
  endfacet
  facet normal -0.995183 -0.0980314 0
    outer loop
      vertex 3.96578 0.522104 15
      vertex 3.99144 0.261612 -3
      vertex 3.99144 0.261612 15
    endloop
  endfacet
  facet normal -0.0980314 0.995183 0
    outer loop
      vertex 0.522104 -3.96578 -3
      vertex 0.261612 -3.99144 15
      vertex 0.522104 -3.96578 15
    endloop
  endfacet
  facet normal -0.0980314 0.995183 0
    outer loop
      vertex 0.261612 -3.99144 15
      vertex 0.522104 -3.96578 -3
      vertex 0.261612 -3.99144 -3
    endloop
  endfacet
  facet normal 0.227081 -0.973876 0
    outer loop
      vertex -1.03528 3.8637 -3
      vertex -0.780361 3.92314 15
      vertex -1.03528 3.8637 15
    endloop
  endfacet
  facet normal 0.227081 -0.973876 0
    outer loop
      vertex -0.780361 3.92314 15
      vertex -1.03528 3.8637 -3
      vertex -0.780361 3.92314 -3
    endloop
  endfacet
  facet normal -0.999465 -0.0327027 0
    outer loop
      vertex 4 0 -3
      vertex 3.99144 0.261612 15
      vertex 3.99144 0.261612 -3
    endloop
  endfacet
  facet normal -0.999465 -0.0327027 0
    outer loop
      vertex 3.99144 0.261612 15
      vertex 4 0 -3
      vertex 4 0 15
    endloop
  endfacet
  facet normal -0.683576 -0.729879 0
    outer loop
      vertex 2.63738 3.00736 -3
      vertex 2.82843 2.82843 15
      vertex 2.63738 3.00736 15
    endloop
  endfacet
  facet normal -0.683576 -0.729879 -0
    outer loop
      vertex 2.82843 2.82843 15
      vertex 2.63738 3.00736 -3
      vertex 2.82843 2.82843 -3
    endloop
  endfacet
  facet normal -0.582481 0.812845 0
    outer loop
      vertex 2.43505 -3.17341 -3
      vertex 2.22228 -3.32588 15
      vertex 2.43505 -3.17341 15
    endloop
  endfacet
  facet normal -0.582481 0.812845 0
    outer loop
      vertex 2.22228 -3.32588 15
      vertex 2.43505 -3.17341 -3
      vertex 2.22228 -3.32588 -3
    endloop
  endfacet
  facet normal 0.812845 -0.582481 0
    outer loop
      vertex -3.32588 2.22228 15
      vertex -3.17341 2.43505 -3
      vertex -3.17341 2.43505 15
    endloop
  endfacet
  facet normal 0.812845 -0.582481 0
    outer loop
      vertex -3.17341 2.43505 -3
      vertex -3.32588 2.22228 15
      vertex -3.32588 2.22228 -3
    endloop
  endfacet
  facet normal 0.683576 -0.729879 0
    outer loop
      vertex -2.82843 2.82843 -3
      vertex -2.63738 3.00736 15
      vertex -2.82843 2.82843 15
    endloop
  endfacet
  facet normal 0.683576 -0.729879 0
    outer loop
      vertex -2.63738 3.00736 15
      vertex -2.82843 2.82843 -3
      vertex -2.63738 3.00736 -3
    endloop
  endfacet
  facet normal -0.162901 -0.986642 0
    outer loop
      vertex 0.522104 3.96578 -3
      vertex 0.780361 3.92314 15
      vertex 0.522104 3.96578 15
    endloop
  endfacet
  facet normal -0.162901 -0.986642 -0
    outer loop
      vertex 0.780361 3.92314 15
      vertex 0.522104 3.96578 -3
      vertex 0.780361 3.92314 -3
    endloop
  endfacet
  facet normal 0.290277 -0.956943 0
    outer loop
      vertex -1.28576 3.78772 -3
      vertex -1.03528 3.8637 15
      vertex -1.28576 3.78772 15
    endloop
  endfacet
  facet normal 0.290277 -0.956943 0
    outer loop
      vertex -1.03528 3.8637 15
      vertex -1.28576 3.78772 -3
      vertex -1.03528 3.8637 -3
    endloop
  endfacet
  facet normal -0.0980314 -0.995183 0
    outer loop
      vertex 0.261612 3.99144 -3
      vertex 0.522104 3.96578 15
      vertex 0.261612 3.99144 15
    endloop
  endfacet
  facet normal -0.0980314 -0.995183 -0
    outer loop
      vertex 0.522104 3.96578 15
      vertex 0.261612 3.99144 -3
      vertex 0.522104 3.96578 -3
    endloop
  endfacet
  facet normal -0.935906 0.352249 0
    outer loop
      vertex 3.69552 -1.53073 -3
      vertex 3.78772 -1.28576 15
      vertex 3.78772 -1.28576 -3
    endloop
  endfacet
  facet normal -0.935906 0.352249 0
    outer loop
      vertex 3.78772 -1.28576 15
      vertex 3.69552 -1.53073 -3
      vertex 3.69552 -1.53073 15
    endloop
  endfacet
  facet normal -0.999465 0.0327027 0
    outer loop
      vertex 3.99144 -0.261612 -3
      vertex 4 0 15
      vertex 4 0 -3
    endloop
  endfacet
  facet normal -0.999465 0.0327027 0
    outer loop
      vertex 4 0 15
      vertex 3.99144 -0.261612 -3
      vertex 3.99144 -0.261612 15
    endloop
  endfacet
  facet normal -0.0327027 0.999465 0
    outer loop
      vertex 0.261612 -3.99144 -3
      vertex 0 -4 15
      vertex 0.261612 -3.99144 15
    endloop
  endfacet
  facet normal -0.0327027 0.999465 0
    outer loop
      vertex 0 -4 15
      vertex 0.261612 -3.99144 -3
      vertex 0 -4 -3
    endloop
  endfacet
  facet normal 0.773007 0.634398 0
    outer loop
      vertex -3.00736 -2.63738 15
      vertex -3.17341 -2.43505 -3
      vertex -3.17341 -2.43505 15
    endloop
  endfacet
  facet normal 0.773007 0.634398 0
    outer loop
      vertex -3.17341 -2.43505 -3
      vertex -3.00736 -2.63738 15
      vertex -3.00736 -2.63738 -3
    endloop
  endfacet
  facet normal -0.227081 0.973876 0
    outer loop
      vertex 1.03528 -3.8637 -3
      vertex 0.780361 -3.92314 15
      vertex 1.03528 -3.8637 15
    endloop
  endfacet
  facet normal -0.227081 0.973876 0
    outer loop
      vertex 0.780361 -3.92314 15
      vertex 1.03528 -3.8637 -3
      vertex 0.780361 -3.92314 -3
    endloop
  endfacet
  facet normal 0.812845 0.582481 0
    outer loop
      vertex -3.17341 -2.43505 15
      vertex -3.32588 -2.22228 -3
      vertex -3.32588 -2.22228 15
    endloop
  endfacet
  facet normal 0.812845 0.582481 0
    outer loop
      vertex -3.32588 -2.22228 -3
      vertex -3.17341 -2.43505 15
      vertex -3.17341 -2.43505 -3
    endloop
  endfacet
  facet normal -0.471391 -0.881924 0
    outer loop
      vertex 1.76915 3.58749 -3
      vertex 2 3.4641 15
      vertex 1.76915 3.58749 15
    endloop
  endfacet
  facet normal -0.471391 -0.881924 -0
    outer loop
      vertex 2 3.4641 15
      vertex 1.76915 3.58749 -3
      vertex 2 3.4641 -3
    endloop
  endfacet
  facet normal 0.881924 0.471391 0
    outer loop
      vertex -3.4641 -2 15
      vertex -3.58749 -1.76915 -3
      vertex -3.58749 -1.76915 15
    endloop
  endfacet
  facet normal 0.881924 0.471391 0
    outer loop
      vertex -3.58749 -1.76915 -3
      vertex -3.4641 -2 15
      vertex -3.4641 -2 -3
    endloop
  endfacet
  facet normal 0.973876 0.227081 0
    outer loop
      vertex -3.8637 -1.03528 15
      vertex -3.92314 -0.780361 -3
      vertex -3.92314 -0.780361 15
    endloop
  endfacet
  facet normal 0.973876 0.227081 0
    outer loop
      vertex -3.92314 -0.780361 -3
      vertex -3.8637 -1.03528 15
      vertex -3.8637 -1.03528 -3
    endloop
  endfacet
  facet normal 0.290277 0.956943 -0
    outer loop
      vertex -1.03528 -3.8637 -3
      vertex -1.28576 -3.78772 15
      vertex -1.03528 -3.8637 15
    endloop
  endfacet
  facet normal 0.290277 0.956943 0
    outer loop
      vertex -1.28576 -3.78772 15
      vertex -1.03528 -3.8637 -3
      vertex -1.28576 -3.78772 -3
    endloop
  endfacet
  facet normal 0.956943 0.290277 0
    outer loop
      vertex -3.78772 -1.28576 15
      vertex -3.8637 -1.03528 -3
      vertex -3.8637 -1.03528 15
    endloop
  endfacet
  facet normal 0.956943 0.290277 0
    outer loop
      vertex -3.8637 -1.03528 -3
      vertex -3.78772 -1.28576 15
      vertex -3.78772 -1.28576 -3
    endloop
  endfacet
  facet normal -0.582481 -0.812845 0
    outer loop
      vertex 2.22228 3.32588 -3
      vertex 2.43505 3.17341 15
      vertex 2.22228 3.32588 15
    endloop
  endfacet
  facet normal -0.582481 -0.812845 -0
    outer loop
      vertex 2.43505 3.17341 15
      vertex 2.22228 3.32588 -3
      vertex 2.43505 3.17341 -3
    endloop
  endfacet
  facet normal 0.162901 0.986642 -0
    outer loop
      vertex -0.522104 -3.96578 -3
      vertex -0.780361 -3.92314 15
      vertex -0.522104 -3.96578 15
    endloop
  endfacet
  facet normal 0.162901 0.986642 0
    outer loop
      vertex -0.780361 -3.92314 15
      vertex -0.522104 -3.96578 -3
      vertex -0.780361 -3.92314 -3
    endloop
  endfacet
  facet normal 0.352249 0.935906 -0
    outer loop
      vertex -1.28576 -3.78772 -3
      vertex -1.53073 -3.69552 15
      vertex -1.28576 -3.78772 15
    endloop
  endfacet
  facet normal 0.352249 0.935906 0
    outer loop
      vertex -1.53073 -3.69552 15
      vertex -1.28576 -3.78772 -3
      vertex -1.53073 -3.69552 -3
    endloop
  endfacet
  facet normal -0.881924 -0.471391 0
    outer loop
      vertex 3.58749 1.76915 -3
      vertex 3.4641 2 15
      vertex 3.4641 2 -3
    endloop
  endfacet
  facet normal -0.881924 -0.471391 0
    outer loop
      vertex 3.4641 2 15
      vertex 3.58749 1.76915 -3
      vertex 3.58749 1.76915 15
    endloop
  endfacet
  facet normal -0.973876 0.227081 0
    outer loop
      vertex 3.8637 -1.03528 -3
      vertex 3.92314 -0.780361 15
      vertex 3.92314 -0.780361 -3
    endloop
  endfacet
  facet normal -0.973876 0.227081 0
    outer loop
      vertex 3.92314 -0.780361 15
      vertex 3.8637 -1.03528 -3
      vertex 3.8637 -1.03528 15
    endloop
  endfacet
  facet normal -0.528061 -0.849207 0
    outer loop
      vertex 2 3.4641 -3
      vertex 2.22228 3.32588 15
      vertex 2 3.4641 15
    endloop
  endfacet
  facet normal -0.528061 -0.849207 -0
    outer loop
      vertex 2.22228 3.32588 15
      vertex 2 3.4641 -3
      vertex 2.22228 3.32588 -3
    endloop
  endfacet
  facet normal 0.582481 -0.812845 0
    outer loop
      vertex -2.43505 3.17341 -3
      vertex -2.22228 3.32588 15
      vertex -2.43505 3.17341 15
    endloop
  endfacet
  facet normal 0.582481 -0.812845 0
    outer loop
      vertex -2.22228 3.32588 15
      vertex -2.43505 3.17341 -3
      vertex -2.22228 3.32588 -3
    endloop
  endfacet
  facet normal 0.935906 -0.352249 0
    outer loop
      vertex -3.78772 1.28576 15
      vertex -3.69552 1.53073 -3
      vertex -3.69552 1.53073 15
    endloop
  endfacet
  facet normal 0.935906 -0.352249 0
    outer loop
      vertex -3.69552 1.53073 -3
      vertex -3.78772 1.28576 15
      vertex -3.78772 1.28576 -3
    endloop
  endfacet
  facet normal -0.956943 0.290277 0
    outer loop
      vertex 3.78772 -1.28576 -3
      vertex 3.8637 -1.03528 15
      vertex 3.8637 -1.03528 -3
    endloop
  endfacet
  facet normal -0.956943 0.290277 0
    outer loop
      vertex 3.8637 -1.03528 15
      vertex 3.78772 -1.28576 -3
      vertex 3.78772 -1.28576 15
    endloop
  endfacet
  facet normal 0.956943 -0.290277 0
    outer loop
      vertex -3.8637 1.03528 15
      vertex -3.78772 1.28576 -3
      vertex -3.78772 1.28576 15
    endloop
  endfacet
  facet normal 0.956943 -0.290277 0
    outer loop
      vertex -3.78772 1.28576 -3
      vertex -3.8637 1.03528 15
      vertex -3.8637 1.03528 -3
    endloop
  endfacet
  facet normal -0.729879 0.683576 0
    outer loop
      vertex 2.82843 -2.82843 -3
      vertex 3.00736 -2.63738 15
      vertex 3.00736 -2.63738 -3
    endloop
  endfacet
  facet normal -0.729879 0.683576 0
    outer loop
      vertex 3.00736 -2.63738 15
      vertex 2.82843 -2.82843 -3
      vertex 2.82843 -2.82843 15
    endloop
  endfacet
  facet normal -0.956943 -0.290277 0
    outer loop
      vertex 3.8637 1.03528 -3
      vertex 3.78772 1.28576 15
      vertex 3.78772 1.28576 -3
    endloop
  endfacet
  facet normal -0.956943 -0.290277 0
    outer loop
      vertex 3.78772 1.28576 15
      vertex 3.8637 1.03528 -3
      vertex 3.8637 1.03528 15
    endloop
  endfacet
  facet normal -0.634398 0.773007 0
    outer loop
      vertex 2.63738 -3.00736 -3
      vertex 2.43505 -3.17341 15
      vertex 2.63738 -3.00736 15
    endloop
  endfacet
  facet normal -0.634398 0.773007 0
    outer loop
      vertex 2.43505 -3.17341 15
      vertex 2.63738 -3.00736 -3
      vertex 2.43505 -3.17341 -3
    endloop
  endfacet
  facet normal -0.412718 -0.910859 0
    outer loop
      vertex 1.53073 3.69552 -3
      vertex 1.76915 3.58749 15
      vertex 1.53073 3.69552 15
    endloop
  endfacet
  facet normal -0.412718 -0.910859 -0
    outer loop
      vertex 1.76915 3.58749 15
      vertex 1.53073 3.69552 -3
      vertex 1.76915 3.58749 -3
    endloop
  endfacet
  facet normal 0.227081 0.973876 -0
    outer loop
      vertex -0.780361 -3.92314 -3
      vertex -1.03528 -3.8637 15
      vertex -0.780361 -3.92314 15
    endloop
  endfacet
  facet normal 0.227081 0.973876 0
    outer loop
      vertex -1.03528 -3.8637 15
      vertex -0.780361 -3.92314 -3
      vertex -1.03528 -3.8637 -3
    endloop
  endfacet
  facet normal 0.528061 0.849207 -0
    outer loop
      vertex -2 -3.4641 -3
      vertex -2.22228 -3.32588 15
      vertex -2 -3.4641 15
    endloop
  endfacet
  facet normal 0.528061 0.849207 0
    outer loop
      vertex -2.22228 -3.32588 15
      vertex -2 -3.4641 -3
      vertex -2.22228 -3.32588 -3
    endloop
  endfacet
  facet normal -0.910859 -0.412718 0
    outer loop
      vertex 3.69552 1.53073 -3
      vertex 3.58749 1.76915 15
      vertex 3.58749 1.76915 -3
    endloop
  endfacet
  facet normal -0.910859 -0.412718 0
    outer loop
      vertex 3.58749 1.76915 15
      vertex 3.69552 1.53073 -3
      vertex 3.69552 1.53073 15
    endloop
  endfacet
  facet normal 0.162901 -0.986642 0
    outer loop
      vertex -0.780361 3.92314 -3
      vertex -0.522104 3.96578 15
      vertex -0.780361 3.92314 15
    endloop
  endfacet
  facet normal 0.162901 -0.986642 0
    outer loop
      vertex -0.522104 3.96578 15
      vertex -0.780361 3.92314 -3
      vertex -0.522104 3.96578 -3
    endloop
  endfacet
  facet normal -0.528061 0.849207 0
    outer loop
      vertex 2.22228 -3.32588 -3
      vertex 2 -3.4641 15
      vertex 2.22228 -3.32588 15
    endloop
  endfacet
  facet normal -0.528061 0.849207 0
    outer loop
      vertex 2 -3.4641 15
      vertex 2.22228 -3.32588 -3
      vertex 2 -3.4641 -3
    endloop
  endfacet
  facet normal -0.773007 0.634398 0
    outer loop
      vertex 3.00736 -2.63738 -3
      vertex 3.17341 -2.43505 15
      vertex 3.17341 -2.43505 -3
    endloop
  endfacet
  facet normal -0.773007 0.634398 0
    outer loop
      vertex 3.17341 -2.43505 15
      vertex 3.00736 -2.63738 -3
      vertex 3.00736 -2.63738 15
    endloop
  endfacet
  facet normal 0.849207 0.528061 0
    outer loop
      vertex -3.32588 -2.22228 15
      vertex -3.4641 -2 -3
      vertex -3.4641 -2 15
    endloop
  endfacet
  facet normal 0.849207 0.528061 0
    outer loop
      vertex -3.4641 -2 -3
      vertex -3.32588 -2.22228 15
      vertex -3.32588 -2.22228 -3
    endloop
  endfacet
  facet normal -0.352249 0.935906 0
    outer loop
      vertex 1.53073 -3.69552 -3
      vertex 1.28576 -3.78772 15
      vertex 1.53073 -3.69552 15
    endloop
  endfacet
  facet normal -0.352249 0.935906 0
    outer loop
      vertex 1.28576 -3.78772 15
      vertex 1.53073 -3.69552 -3
      vertex 1.28576 -3.78772 -3
    endloop
  endfacet
  facet normal 0.352249 -0.935906 0
    outer loop
      vertex -1.53073 3.69552 -3
      vertex -1.28576 3.78772 15
      vertex -1.53073 3.69552 15
    endloop
  endfacet
  facet normal 0.352249 -0.935906 0
    outer loop
      vertex -1.28576 3.78772 15
      vertex -1.53073 3.69552 -3
      vertex -1.28576 3.78772 -3
    endloop
  endfacet
  facet normal 0.849207 -0.528061 0
    outer loop
      vertex -3.4641 2 15
      vertex -3.32588 2.22228 -3
      vertex -3.32588 2.22228 15
    endloop
  endfacet
  facet normal 0.849207 -0.528061 0
    outer loop
      vertex -3.32588 2.22228 -3
      vertex -3.4641 2 15
      vertex -3.4641 2 -3
    endloop
  endfacet
  facet normal 0.729879 -0.683576 0
    outer loop
      vertex -3.00736 2.63738 15
      vertex -2.82843 2.82843 -3
      vertex -2.82843 2.82843 15
    endloop
  endfacet
  facet normal 0.729879 -0.683576 0
    outer loop
      vertex -2.82843 2.82843 -3
      vertex -3.00736 2.63738 15
      vertex -3.00736 2.63738 -3
    endloop
  endfacet
  facet normal -0.973876 -0.227081 0
    outer loop
      vertex 3.92314 0.780361 -3
      vertex 3.8637 1.03528 15
      vertex 3.8637 1.03528 -3
    endloop
  endfacet
  facet normal -0.973876 -0.227081 0
    outer loop
      vertex 3.8637 1.03528 15
      vertex 3.92314 0.780361 -3
      vertex 3.92314 0.780361 15
    endloop
  endfacet
  facet normal 0.412718 -0.910859 0
    outer loop
      vertex -1.76915 3.58749 -3
      vertex -1.53073 3.69552 15
      vertex -1.76915 3.58749 15
    endloop
  endfacet
  facet normal 0.412718 -0.910859 0
    outer loop
      vertex -1.53073 3.69552 15
      vertex -1.76915 3.58749 -3
      vertex -1.53073 3.69552 -3
    endloop
  endfacet
  facet normal -0.683576 0.729879 0
    outer loop
      vertex 2.82843 -2.82843 -3
      vertex 2.63738 -3.00736 15
      vertex 2.82843 -2.82843 15
    endloop
  endfacet
  facet normal -0.683576 0.729879 0
    outer loop
      vertex 2.63738 -3.00736 15
      vertex 2.82843 -2.82843 -3
      vertex 2.63738 -3.00736 -3
    endloop
  endfacet
  facet normal 0.986642 -0.162901 0
    outer loop
      vertex -3.96578 0.522104 15
      vertex -3.92314 0.780361 -3
      vertex -3.92314 0.780361 15
    endloop
  endfacet
  facet normal 0.986642 -0.162901 0
    outer loop
      vertex -3.92314 0.780361 -3
      vertex -3.96578 0.522104 15
      vertex -3.96578 0.522104 -3
    endloop
  endfacet
  facet normal 0.973876 -0.227081 0
    outer loop
      vertex -3.92314 0.780361 15
      vertex -3.8637 1.03528 -3
      vertex -3.8637 1.03528 15
    endloop
  endfacet
  facet normal 0.973876 -0.227081 0
    outer loop
      vertex -3.8637 1.03528 -3
      vertex -3.92314 0.780361 15
      vertex -3.92314 0.780361 -3
    endloop
  endfacet
  facet normal -0.986642 -0.162901 0
    outer loop
      vertex 3.96578 0.522104 -3
      vertex 3.92314 0.780361 15
      vertex 3.92314 0.780361 -3
    endloop
  endfacet
  facet normal -0.986642 -0.162901 0
    outer loop
      vertex 3.92314 0.780361 15
      vertex 3.96578 0.522104 -3
      vertex 3.96578 0.522104 15
    endloop
  endfacet
  facet normal -0.935906 -0.352249 0
    outer loop
      vertex 3.78772 1.28576 -3
      vertex 3.69552 1.53073 15
      vertex 3.69552 1.53073 -3
    endloop
  endfacet
  facet normal -0.935906 -0.352249 0
    outer loop
      vertex 3.69552 1.53073 15
      vertex 3.78772 1.28576 -3
      vertex 3.78772 1.28576 15
    endloop
  endfacet
  facet normal 0.634398 -0.773007 0
    outer loop
      vertex -2.63738 3.00736 -3
      vertex -2.43505 3.17341 15
      vertex -2.63738 3.00736 15
    endloop
  endfacet
  facet normal 0.634398 -0.773007 0
    outer loop
      vertex -2.43505 3.17341 15
      vertex -2.63738 3.00736 -3
      vertex -2.43505 3.17341 -3
    endloop
  endfacet
  facet normal 0.0327027 -0.999465 0
    outer loop
      vertex -0.261612 3.99144 -3
      vertex 0 4 15
      vertex -0.261612 3.99144 15
    endloop
  endfacet
  facet normal 0.0327027 -0.999465 0
    outer loop
      vertex 0 4 15
      vertex -0.261612 3.99144 -3
      vertex 0 4 -3
    endloop
  endfacet
  facet normal 0.0980314 0.995183 -0
    outer loop
      vertex -0.261612 -3.99144 -3
      vertex -0.522104 -3.96578 15
      vertex -0.261612 -3.99144 15
    endloop
  endfacet
  facet normal 0.0980314 0.995183 0
    outer loop
      vertex -0.522104 -3.96578 15
      vertex -0.261612 -3.99144 -3
      vertex -0.522104 -3.96578 -3
    endloop
  endfacet
  facet normal -0.812845 -0.582481 0
    outer loop
      vertex 3.32588 2.22228 -3
      vertex 3.17341 2.43505 15
      vertex 3.17341 2.43505 -3
    endloop
  endfacet
  facet normal -0.812845 -0.582481 0
    outer loop
      vertex 3.17341 2.43505 15
      vertex 3.32588 2.22228 -3
      vertex 3.32588 2.22228 15
    endloop
  endfacet
  facet normal 0.0980314 -0.995183 0
    outer loop
      vertex -0.522104 3.96578 -3
      vertex -0.261612 3.99144 15
      vertex -0.522104 3.96578 15
    endloop
  endfacet
  facet normal 0.0980314 -0.995183 0
    outer loop
      vertex -0.261612 3.99144 15
      vertex -0.522104 3.96578 -3
      vertex -0.261612 3.99144 -3
    endloop
  endfacet
  facet normal 0.999465 -0.0327027 0
    outer loop
      vertex -4 0 15
      vertex -3.99144 0.261612 -3
      vertex -3.99144 0.261612 15
    endloop
  endfacet
  facet normal 0.999465 -0.0327027 0
    outer loop
      vertex -3.99144 0.261612 -3
      vertex -4 0 15
      vertex -4 0 -3
    endloop
  endfacet
  facet normal -0.412718 0.910859 0
    outer loop
      vertex 1.76915 -3.58749 -3
      vertex 1.53073 -3.69552 15
      vertex 1.76915 -3.58749 15
    endloop
  endfacet
  facet normal -0.412718 0.910859 0
    outer loop
      vertex 1.53073 -3.69552 15
      vertex 1.76915 -3.58749 -3
      vertex 1.53073 -3.69552 -3
    endloop
  endfacet
  facet normal 0.634398 0.773007 -0
    outer loop
      vertex -2.43505 -3.17341 -3
      vertex -2.63738 -3.00736 15
      vertex -2.43505 -3.17341 15
    endloop
  endfacet
  facet normal 0.634398 0.773007 0
    outer loop
      vertex -2.63738 -3.00736 15
      vertex -2.43505 -3.17341 -3
      vertex -2.63738 -3.00736 -3
    endloop
  endfacet
  facet normal -0.986642 0.162901 0
    outer loop
      vertex 3.92314 -0.780361 -3
      vertex 3.96578 -0.522104 15
      vertex 3.96578 -0.522104 -3
    endloop
  endfacet
  facet normal -0.986642 0.162901 0
    outer loop
      vertex 3.96578 -0.522104 15
      vertex 3.92314 -0.780361 -3
      vertex 3.92314 -0.780361 15
    endloop
  endfacet
  facet normal 0.528061 -0.849207 0
    outer loop
      vertex -2.22228 3.32588 -3
      vertex -2 3.4641 15
      vertex -2.22228 3.32588 15
    endloop
  endfacet
  facet normal 0.528061 -0.849207 0
    outer loop
      vertex -2 3.4641 15
      vertex -2.22228 3.32588 -3
      vertex -2 3.4641 -3
    endloop
  endfacet
  facet normal -0.773007 -0.634398 0
    outer loop
      vertex 3.17341 2.43505 -3
      vertex 3.00736 2.63738 15
      vertex 3.00736 2.63738 -3
    endloop
  endfacet
  facet normal -0.773007 -0.634398 0
    outer loop
      vertex 3.00736 2.63738 15
      vertex 3.17341 2.43505 -3
      vertex 3.17341 2.43505 15
    endloop
  endfacet
  facet normal 0.910859 -0.412718 0
    outer loop
      vertex -3.69552 1.53073 15
      vertex -3.58749 1.76915 -3
      vertex -3.58749 1.76915 15
    endloop
  endfacet
  facet normal 0.910859 -0.412718 0
    outer loop
      vertex -3.58749 1.76915 -3
      vertex -3.69552 1.53073 15
      vertex -3.69552 1.53073 -3
    endloop
  endfacet
  facet normal -0.910859 0.412718 0
    outer loop
      vertex 3.58749 -1.76915 -3
      vertex 3.69552 -1.53073 15
      vertex 3.69552 -1.53073 -3
    endloop
  endfacet
  facet normal -0.910859 0.412718 0
    outer loop
      vertex 3.69552 -1.53073 15
      vertex 3.58749 -1.76915 -3
      vertex 3.58749 -1.76915 15
    endloop
  endfacet
  facet normal -0.227081 -0.973876 0
    outer loop
      vertex 0.780361 3.92314 -3
      vertex 1.03528 3.8637 15
      vertex 0.780361 3.92314 15
    endloop
  endfacet
  facet normal -0.227081 -0.973876 -0
    outer loop
      vertex 1.03528 3.8637 15
      vertex 0.780361 3.92314 -3
      vertex 1.03528 3.8637 -3
    endloop
  endfacet
  facet normal 0.773007 -0.634398 0
    outer loop
      vertex -3.17341 2.43505 15
      vertex -3.00736 2.63738 -3
      vertex -3.00736 2.63738 15
    endloop
  endfacet
  facet normal 0.773007 -0.634398 0
    outer loop
      vertex -3.00736 2.63738 -3
      vertex -3.17341 2.43505 15
      vertex -3.17341 2.43505 -3
    endloop
  endfacet
  facet normal 0.995183 -0.0980314 0
    outer loop
      vertex -3.99144 0.261612 15
      vertex -3.96578 0.522104 -3
      vertex -3.96578 0.522104 15
    endloop
  endfacet
  facet normal 0.995183 -0.0980314 0
    outer loop
      vertex -3.96578 0.522104 -3
      vertex -3.99144 0.261612 15
      vertex -3.99144 0.261612 -3
    endloop
  endfacet
  facet normal 0.910859 0.412718 0
    outer loop
      vertex -3.58749 -1.76915 15
      vertex -3.69552 -1.53073 -3
      vertex -3.69552 -1.53073 15
    endloop
  endfacet
  facet normal 0.910859 0.412718 0
    outer loop
      vertex -3.69552 -1.53073 -3
      vertex -3.58749 -1.76915 15
      vertex -3.58749 -1.76915 -3
    endloop
  endfacet
  facet normal 0.935906 0.352249 0
    outer loop
      vertex -3.69552 -1.53073 15
      vertex -3.78772 -1.28576 -3
      vertex -3.78772 -1.28576 15
    endloop
  endfacet
  facet normal 0.935906 0.352249 0
    outer loop
      vertex -3.78772 -1.28576 -3
      vertex -3.69552 -1.53073 15
      vertex -3.69552 -1.53073 -3
    endloop
  endfacet
  facet normal 0.729879 0.683576 0
    outer loop
      vertex -2.82843 -2.82843 15
      vertex -3.00736 -2.63738 -3
      vertex -3.00736 -2.63738 15
    endloop
  endfacet
  facet normal 0.729879 0.683576 0
    outer loop
      vertex -3.00736 -2.63738 -3
      vertex -2.82843 -2.82843 15
      vertex -2.82843 -2.82843 -3
    endloop
  endfacet
  facet normal -0.0327027 -0.999465 0
    outer loop
      vertex 0 4 -3
      vertex 0.261612 3.99144 15
      vertex 0 4 15
    endloop
  endfacet
  facet normal -0.0327027 -0.999465 -0
    outer loop
      vertex 0.261612 3.99144 15
      vertex 0 4 -3
      vertex 0.261612 3.99144 -3
    endloop
  endfacet
  facet normal -0.729879 -0.683576 0
    outer loop
      vertex 3.00736 2.63738 -3
      vertex 2.82843 2.82843 15
      vertex 2.82843 2.82843 -3
    endloop
  endfacet
  facet normal -0.729879 -0.683576 0
    outer loop
      vertex 2.82843 2.82843 15
      vertex 3.00736 2.63738 -3
      vertex 3.00736 2.63738 15
    endloop
  endfacet
  facet normal -0.471391 0.881924 0
    outer loop
      vertex 2 -3.4641 -3
      vertex 1.76915 -3.58749 15
      vertex 2 -3.4641 15
    endloop
  endfacet
  facet normal -0.471391 0.881924 0
    outer loop
      vertex 1.76915 -3.58749 15
      vertex 2 -3.4641 -3
      vertex 1.76915 -3.58749 -3
    endloop
  endfacet
  facet normal -0.881924 0.471391 0
    outer loop
      vertex 3.4641 -2 -3
      vertex 3.58749 -1.76915 15
      vertex 3.58749 -1.76915 -3
    endloop
  endfacet
  facet normal -0.881924 0.471391 0
    outer loop
      vertex 3.58749 -1.76915 15
      vertex 3.4641 -2 -3
      vertex 3.4641 -2 15
    endloop
  endfacet
  facet normal 0.471391 0.881924 -0
    outer loop
      vertex -1.76915 -3.58749 -3
      vertex -2 -3.4641 15
      vertex -1.76915 -3.58749 15
    endloop
  endfacet
  facet normal 0.471391 0.881924 0
    outer loop
      vertex -2 -3.4641 15
      vertex -1.76915 -3.58749 -3
      vertex -2 -3.4641 -3
    endloop
  endfacet
  facet normal -0.290277 0.956943 0
    outer loop
      vertex 1.28576 -3.78772 -3
      vertex 1.03528 -3.8637 15
      vertex 1.28576 -3.78772 15
    endloop
  endfacet
  facet normal -0.290277 0.956943 0
    outer loop
      vertex 1.03528 -3.8637 15
      vertex 1.28576 -3.78772 -3
      vertex 1.03528 -3.8637 -3
    endloop
  endfacet
  facet normal 0.582481 0.812845 -0
    outer loop
      vertex -2.22228 -3.32588 -3
      vertex -2.43505 -3.17341 15
      vertex -2.22228 -3.32588 15
    endloop
  endfacet
  facet normal 0.582481 0.812845 0
    outer loop
      vertex -2.43505 -3.17341 15
      vertex -2.22228 -3.32588 -3
      vertex -2.43505 -3.17341 -3
    endloop
  endfacet
  facet normal -0.290277 -0.956943 0
    outer loop
      vertex 1.03528 3.8637 -3
      vertex 1.28576 3.78772 15
      vertex 1.03528 3.8637 15
    endloop
  endfacet
  facet normal -0.290277 -0.956943 -0
    outer loop
      vertex 1.28576 3.78772 15
      vertex 1.03528 3.8637 -3
      vertex 1.28576 3.78772 -3
    endloop
  endfacet
  facet normal -0.352249 -0.935906 0
    outer loop
      vertex 1.28576 3.78772 -3
      vertex 1.53073 3.69552 15
      vertex 1.28576 3.78772 15
    endloop
  endfacet
  facet normal -0.352249 -0.935906 -0
    outer loop
      vertex 1.53073 3.69552 15
      vertex 1.28576 3.78772 -3
      vertex 1.53073 3.69552 -3
    endloop
  endfacet
  facet normal 0.683576 0.729879 -0
    outer loop
      vertex -2.63738 -3.00736 -3
      vertex -2.82843 -2.82843 15
      vertex -2.63738 -3.00736 15
    endloop
  endfacet
  facet normal 0.683576 0.729879 0
    outer loop
      vertex -2.82843 -2.82843 15
      vertex -2.63738 -3.00736 -3
      vertex -2.82843 -2.82843 -3
    endloop
  endfacet
  facet normal -0.412697 0.910868 0
    outer loop
      vertex 8.66343 -1.34531 -3
      vertex 8.57402 -1.38582 15
      vertex 8.66343 -1.34531 15
    endloop
  endfacet
  facet normal -0.412697 0.910868 0
    outer loop
      vertex 8.57402 -1.38582 15
      vertex 8.66343 -1.34531 -3
      vertex 8.57402 -1.38582 -3
    endloop
  endfacet
  facet normal 0.162895 -0.986643 0
    outer loop
      vertex 7.70736 1.47118 -3
      vertex 7.80421 1.48717 15
      vertex 7.70736 1.47118 15
    endloop
  endfacet
  facet normal 0.162895 -0.986643 0
    outer loop
      vertex 7.80421 1.48717 15
      vertex 7.70736 1.47118 -3
      vertex 7.80421 1.48717 -3
    endloop
  endfacet
  facet normal 0.634374 -0.773026 0
    outer loop
      vertex 7.01098 1.12776 -3
      vertex 7.08686 1.19003 15
      vertex 7.01098 1.12776 15
    endloop
  endfacet
  facet normal 0.634374 -0.773026 0
    outer loop
      vertex 7.08686 1.19003 15
      vertex 7.01098 1.12776 -3
      vertex 7.08686 1.19003 -3
    endloop
  endfacet
  facet normal -0.849172 0.528116 0
    outer loop
      vertex 9.2472 -0.833355 -3
      vertex 9.29904 -0.75 15
      vertex 9.29904 -0.75 -3
    endloop
  endfacet
  facet normal -0.849172 0.528116 0
    outer loop
      vertex 9.29904 -0.75 15
      vertex 9.2472 -0.833355 -3
      vertex 9.2472 -0.833355 15
    endloop
  endfacet
  facet normal 0.683602 0.729855 -0
    outer loop
      vertex 7.01098 -1.12776 -3
      vertex 6.93934 -1.06066 15
      vertex 7.01098 -1.12776 15
    endloop
  endfacet
  facet normal 0.683602 0.729855 0
    outer loop
      vertex 6.93934 -1.06066 15
      vertex 7.01098 -1.12776 -3
      vertex 6.93934 -1.06066 -3
    endloop
  endfacet
  facet normal -0.352217 -0.935918 0
    outer loop
      vertex 8.48216 1.42039 -3
      vertex 8.57402 1.38582 15
      vertex 8.48216 1.42039 15
    endloop
  endfacet
  facet normal -0.352217 -0.935918 -0
    outer loop
      vertex 8.57402 1.38582 15
      vertex 8.48216 1.42039 -3
      vertex 8.57402 1.38582 -3
    endloop
  endfacet
  facet normal -0.995186 -0.0980072 0
    outer loop
      vertex 9.49679 0.0981045 -3
      vertex 9.48717 0.195788 15
      vertex 9.48717 0.195788 -3
    endloop
  endfacet
  facet normal -0.995186 -0.0980072 0
    outer loop
      vertex 9.48717 0.195788 15
      vertex 9.49679 0.0981045 -3
      vertex 9.49679 0.0981045 15
    endloop
  endfacet
  facet normal 0.729864 -0.683592 0
    outer loop
      vertex 6.87224 0.989018 15
      vertex 6.93934 1.06066 -3
      vertex 6.93934 1.06066 15
    endloop
  endfacet
  facet normal 0.729864 -0.683592 0
    outer loop
      vertex 6.93934 1.06066 -3
      vertex 6.87224 0.989018 15
      vertex 6.87224 0.989018 -3
    endloop
  endfacet
  facet normal -0.352217 0.935918 0
    outer loop
      vertex 8.57402 -1.38582 -3
      vertex 8.48216 -1.42039 15
      vertex 8.57402 -1.38582 15
    endloop
  endfacet
  facet normal -0.352217 0.935918 0
    outer loop
      vertex 8.48216 -1.42039 15
      vertex 8.57402 -1.38582 -3
      vertex 8.48216 -1.42039 -3
    endloop
  endfacet
  facet normal 0.412736 -0.910851 0
    outer loop
      vertex 7.33657 1.34531 -3
      vertex 7.42597 1.38582 15
      vertex 7.33657 1.34531 15
    endloop
  endfacet
  facet normal 0.412736 -0.910851 0
    outer loop
      vertex 7.42597 1.38582 15
      vertex 7.33657 1.34531 -3
      vertex 7.42597 1.38582 -3
    endloop
  endfacet
  facet normal 0.881928 0.471384 0
    outer loop
      vertex 6.70096 -0.75 15
      vertex 6.65469 -0.663432 -3
      vertex 6.65469 -0.663432 15
    endloop
  endfacet
  facet normal 0.881928 0.471384 0
    outer loop
      vertex 6.65469 -0.663432 -3
      vertex 6.70096 -0.75 15
      vertex 6.70096 -0.75 -3
    endloop
  endfacet
  facet normal -0.995186 0.0980072 0
    outer loop
      vertex 9.48717 -0.195788 -3
      vertex 9.49679 -0.0981045 15
      vertex 9.49679 -0.0981045 -3
    endloop
  endfacet
  facet normal -0.995186 0.0980072 0
    outer loop
      vertex 9.49679 -0.0981045 15
      vertex 9.48717 -0.195788 -3
      vertex 9.48717 -0.195788 15
    endloop
  endfacet
  facet normal 0.956951 0.290251 0
    outer loop
      vertex 6.5796 -0.482159 15
      vertex 6.55111 -0.388228 -3
      vertex 6.55111 -0.388228 15
    endloop
  endfacet
  facet normal 0.956951 0.290251 0
    outer loop
      vertex 6.55111 -0.388228 -3
      vertex 6.5796 -0.482159 15
      vertex 6.5796 -0.482159 -3
    endloop
  endfacet
  facet normal -0.0327042 0.999465 0
    outer loop
      vertex 8.0981 -1.49679 -3
      vertex 8 -1.5 15
      vertex 8.0981 -1.49679 15
    endloop
  endfacet
  facet normal -0.0327042 0.999465 0
    outer loop
      vertex 8 -1.5 15
      vertex 8.0981 -1.49679 -3
      vertex 8 -1.5 -3
    endloop
  endfacet
  facet normal -0.773014 -0.634389 0
    outer loop
      vertex 9.19003 0.913141 -3
      vertex 9.12776 0.989018 15
      vertex 9.12776 0.989018 -3
    endloop
  endfacet
  facet normal -0.773014 -0.634389 0
    outer loop
      vertex 9.12776 0.989018 15
      vertex 9.19003 0.913141 -3
      vertex 9.19003 0.913141 15
    endloop
  endfacet
  facet normal 0.290347 -0.956922 0
    outer loop
      vertex 7.51784 1.42039 -3
      vertex 7.61177 1.44889 15
      vertex 7.51784 1.42039 15
    endloop
  endfacet
  facet normal 0.290347 -0.956922 0
    outer loop
      vertex 7.61177 1.44889 15
      vertex 7.51784 1.42039 -3
      vertex 7.61177 1.44889 -3
    endloop
  endfacet
  facet normal 0.471376 0.881932 -0
    outer loop
      vertex 7.33657 -1.34531 -3
      vertex 7.25 -1.29904 15
      vertex 7.33657 -1.34531 15
    endloop
  endfacet
  facet normal 0.471376 0.881932 0
    outer loop
      vertex 7.25 -1.29904 15
      vertex 7.33657 -1.34531 -3
      vertex 7.25 -1.29904 -3
    endloop
  endfacet
  facet normal -0.999465 -0.0327027 0
    outer loop
      vertex 9.5 0 -3
      vertex 9.49679 0.0981045 15
      vertex 9.49679 0.0981045 -3
    endloop
  endfacet
  facet normal -0.999465 -0.0327027 0
    outer loop
      vertex 9.49679 0.0981045 15
      vertex 9.5 0 -3
      vertex 9.5 0 15
    endloop
  endfacet
  facet normal 0.986643 -0.1629 0
    outer loop
      vertex 6.51283 0.195788 15
      vertex 6.52882 0.292635 -3
      vertex 6.52882 0.292635 15
    endloop
  endfacet
  facet normal 0.986643 -0.1629 0
    outer loop
      vertex 6.52882 0.292635 -3
      vertex 6.51283 0.195788 15
      vertex 6.51283 0.195788 -3
    endloop
  endfacet
  facet normal -0.973875 -0.227084 0
    outer loop
      vertex 9.47118 0.292635 -3
      vertex 9.44889 0.388228 15
      vertex 9.44889 0.388228 -3
    endloop
  endfacet
  facet normal -0.973875 -0.227084 0
    outer loop
      vertex 9.44889 0.388228 15
      vertex 9.47118 0.292635 -3
      vertex 9.47118 0.292635 15
    endloop
  endfacet
  facet normal 0.773014 -0.634389 0
    outer loop
      vertex 6.80997 0.913141 15
      vertex 6.87224 0.989018 -3
      vertex 6.87224 0.989018 15
    endloop
  endfacet
  facet normal 0.773014 -0.634389 0
    outer loop
      vertex 6.87224 0.989018 -3
      vertex 6.80997 0.913141 15
      vertex 6.80997 0.913141 -3
    endloop
  endfacet
  facet normal 0.812865 0.582452 0
    outer loop
      vertex 6.80997 -0.913141 15
      vertex 6.7528 -0.833355 -3
      vertex 6.7528 -0.833355 15
    endloop
  endfacet
  facet normal 0.812865 0.582452 0
    outer loop
      vertex 6.7528 -0.833355 -3
      vertex 6.80997 -0.913141 15
      vertex 6.80997 -0.913141 -3
    endloop
  endfacet
  facet normal -0.986643 -0.1629 0
    outer loop
      vertex 9.48717 0.195788 -3
      vertex 9.47118 0.292635 15
      vertex 9.47118 0.292635 -3
    endloop
  endfacet
  facet normal -0.986643 -0.1629 0
    outer loop
      vertex 9.47118 0.292635 15
      vertex 9.48717 0.195788 -3
      vertex 9.48717 0.195788 15
    endloop
  endfacet
  facet normal 0.812865 -0.582452 0
    outer loop
      vertex 6.7528 0.833355 15
      vertex 6.80997 0.913141 -3
      vertex 6.80997 0.913141 15
    endloop
  endfacet
  facet normal 0.812865 -0.582452 0
    outer loop
      vertex 6.80997 0.913141 -3
      vertex 6.7528 0.833355 15
      vertex 6.7528 0.833355 -3
    endloop
  endfacet
  facet normal -0.910865 0.412705 0
    outer loop
      vertex 9.34531 -0.663432 -3
      vertex 9.38582 -0.574024 15
      vertex 9.38582 -0.574024 -3
    endloop
  endfacet
  facet normal -0.910865 0.412705 0
    outer loop
      vertex 9.38582 -0.574024 15
      vertex 9.34531 -0.663432 -3
      vertex 9.34531 -0.663432 15
    endloop
  endfacet
  facet normal 0.0980107 -0.995185 0
    outer loop
      vertex 7.80421 1.48717 -3
      vertex 7.90189 1.49679 15
      vertex 7.80421 1.48717 15
    endloop
  endfacet
  facet normal 0.0980107 -0.995185 0
    outer loop
      vertex 7.90189 1.49679 15
      vertex 7.80421 1.48717 -3
      vertex 7.90189 1.49679 -3
    endloop
  endfacet
  facet normal -0.849172 -0.528116 0
    outer loop
      vertex 9.29904 0.75 -3
      vertex 9.2472 0.833355 15
      vertex 9.2472 0.833355 -3
    endloop
  endfacet
  facet normal -0.849172 -0.528116 0
    outer loop
      vertex 9.2472 0.833355 15
      vertex 9.29904 0.75 -3
      vertex 9.29904 0.75 15
    endloop
  endfacet
  facet normal 0.227091 -0.973874 0
    outer loop
      vertex 7.61177 1.44889 -3
      vertex 7.70736 1.47118 15
      vertex 7.61177 1.44889 15
    endloop
  endfacet
  facet normal 0.227091 -0.973874 0
    outer loop
      vertex 7.70736 1.47118 15
      vertex 7.61177 1.44889 -3
      vertex 7.70736 1.47118 -3
    endloop
  endfacet
  facet normal 0.352184 -0.935931 0
    outer loop
      vertex 7.42597 1.38582 -3
      vertex 7.51784 1.42039 15
      vertex 7.42597 1.38582 15
    endloop
  endfacet
  facet normal 0.352184 -0.935931 0
    outer loop
      vertex 7.51784 1.42039 15
      vertex 7.42597 1.38582 -3
      vertex 7.51784 1.42039 -3
    endloop
  endfacet
  facet normal 0.999465 -0.0327027 0
    outer loop
      vertex 6.5 0 15
      vertex 6.50321 0.0981045 -3
      vertex 6.50321 0.0981045 15
    endloop
  endfacet
  facet normal 0.999465 -0.0327027 0
    outer loop
      vertex 6.50321 0.0981045 -3
      vertex 6.5 0 15
      vertex 6.5 0 -3
    endloop
  endfacet
  facet normal -0.162912 0.986641 0
    outer loop
      vertex 8.29263 -1.47118 -3
      vertex 8.19579 -1.48717 15
      vertex 8.29263 -1.47118 15
    endloop
  endfacet
  facet normal -0.162912 0.986641 0
    outer loop
      vertex 8.19579 -1.48717 15
      vertex 8.29263 -1.47118 -3
      vertex 8.19579 -1.48717 -3
    endloop
  endfacet
  facet normal -0.881928 -0.471384 0
    outer loop
      vertex 9.34531 0.663432 -3
      vertex 9.29904 0.75 15
      vertex 9.29904 0.75 -3
    endloop
  endfacet
  facet normal -0.881928 -0.471384 0
    outer loop
      vertex 9.29904 0.75 15
      vertex 9.34531 0.663432 -3
      vertex 9.34531 0.663432 15
    endloop
  endfacet
  facet normal -0.956922 0.290344 0
    outer loop
      vertex 9.42039 -0.482159 -3
      vertex 9.44889 -0.388228 15
      vertex 9.44889 -0.388228 -3
    endloop
  endfacet
  facet normal -0.956922 0.290344 0
    outer loop
      vertex 9.44889 -0.388228 15
      vertex 9.42039 -0.482159 -3
      vertex 9.42039 -0.482159 15
    endloop
  endfacet
  facet normal -0.162912 -0.986641 0
    outer loop
      vertex 8.19579 1.48717 -3
      vertex 8.29263 1.47118 15
      vertex 8.19579 1.48717 15
    endloop
  endfacet
  facet normal -0.162912 -0.986641 -0
    outer loop
      vertex 8.29263 1.47118 15
      vertex 8.19579 1.48717 -3
      vertex 8.29263 1.47118 -3
    endloop
  endfacet
  facet normal 0.471376 -0.881932 0
    outer loop
      vertex 7.25 1.29904 -3
      vertex 7.33657 1.34531 15
      vertex 7.25 1.29904 15
    endloop
  endfacet
  facet normal 0.471376 -0.881932 0
    outer loop
      vertex 7.33657 1.34531 15
      vertex 7.25 1.29904 -3
      vertex 7.33657 1.34531 -3
    endloop
  endfacet
  facet normal -0.881928 0.471384 0
    outer loop
      vertex 9.29904 -0.75 -3
      vertex 9.34531 -0.663432 15
      vertex 9.34531 -0.663432 -3
    endloop
  endfacet
  facet normal -0.881928 0.471384 0
    outer loop
      vertex 9.34531 -0.663432 15
      vertex 9.29904 -0.75 -3
      vertex 9.29904 -0.75 15
    endloop
  endfacet
  facet normal -0.812865 0.582452 0
    outer loop
      vertex 9.19003 -0.913141 -3
      vertex 9.2472 -0.833355 15
      vertex 9.2472 -0.833355 -3
    endloop
  endfacet
  facet normal -0.812865 0.582452 0
    outer loop
      vertex 9.2472 -0.833355 15
      vertex 9.19003 -0.913141 -3
      vertex 9.19003 -0.913141 15
    endloop
  endfacet
  facet normal -0.227069 0.973879 0
    outer loop
      vertex 8.38823 -1.44889 -3
      vertex 8.29263 -1.47118 15
      vertex 8.38823 -1.44889 15
    endloop
  endfacet
  facet normal -0.227069 0.973879 0
    outer loop
      vertex 8.29263 -1.47118 15
      vertex 8.38823 -1.44889 -3
      vertex 8.29263 -1.47118 -3
    endloop
  endfacet
  facet normal 0.935891 -0.35229 0
    outer loop
      vertex 6.5796 0.482159 15
      vertex 6.61418 0.574024 -3
      vertex 6.61418 0.574024 15
    endloop
  endfacet
  facet normal 0.935891 -0.35229 0
    outer loop
      vertex 6.61418 0.574024 -3
      vertex 6.5796 0.482159 15
      vertex 6.5796 0.482159 -3
    endloop
  endfacet
  facet normal -0.956922 -0.290344 0
    outer loop
      vertex 9.44889 0.388228 -3
      vertex 9.42039 0.482159 15
      vertex 9.42039 0.482159 -3
    endloop
  endfacet
  facet normal -0.956922 -0.290344 0
    outer loop
      vertex 9.42039 0.482159 15
      vertex 9.44889 0.388228 -3
      vertex 9.44889 0.388228 15
    endloop
  endfacet
  facet normal -0.0980007 0.995186 0
    outer loop
      vertex 8.19579 -1.48717 -3
      vertex 8.0981 -1.49679 15
      vertex 8.19579 -1.48717 15
    endloop
  endfacet
  facet normal -0.0980007 0.995186 0
    outer loop
      vertex 8.0981 -1.49679 15
      vertex 8.19579 -1.48717 -3
      vertex 8.0981 -1.49679 -3
    endloop
  endfacet
  facet normal -0.471376 -0.881932 0
    outer loop
      vertex 8.66343 1.34531 -3
      vertex 8.75 1.29904 15
      vertex 8.66343 1.34531 15
    endloop
  endfacet
  facet normal -0.471376 -0.881932 -0
    outer loop
      vertex 8.75 1.29904 15
      vertex 8.66343 1.34531 -3
      vertex 8.75 1.29904 -3
    endloop
  endfacet
  facet normal 0.729864 0.683592 0
    outer loop
      vertex 6.93934 -1.06066 15
      vertex 6.87224 -0.989018 -3
      vertex 6.87224 -0.989018 15
    endloop
  endfacet
  facet normal 0.729864 0.683592 0
    outer loop
      vertex 6.87224 -0.989018 -3
      vertex 6.93934 -1.06066 15
      vertex 6.93934 -1.06066 -3
    endloop
  endfacet
  facet normal -0.634374 -0.773026 0
    outer loop
      vertex 8.91314 1.19003 -3
      vertex 8.98902 1.12776 15
      vertex 8.91314 1.19003 15
    endloop
  endfacet
  facet normal -0.634374 -0.773026 -0
    outer loop
      vertex 8.98902 1.12776 15
      vertex 8.91314 1.19003 -3
      vertex 8.98902 1.12776 -3
    endloop
  endfacet
  facet normal 0.162895 0.986643 -0
    outer loop
      vertex 7.80421 -1.48717 -3
      vertex 7.70736 -1.47118 15
      vertex 7.80421 -1.48717 15
    endloop
  endfacet
  facet normal 0.162895 0.986643 0
    outer loop
      vertex 7.70736 -1.47118 15
      vertex 7.80421 -1.48717 -3
      vertex 7.70736 -1.47118 -3
    endloop
  endfacet
  facet normal 0.227091 0.973874 -0
    outer loop
      vertex 7.70736 -1.47118 -3
      vertex 7.61177 -1.44889 15
      vertex 7.70736 -1.47118 15
    endloop
  endfacet
  facet normal 0.227091 0.973874 0
    outer loop
      vertex 7.61177 -1.44889 15
      vertex 7.70736 -1.47118 -3
      vertex 7.61177 -1.44889 -3
    endloop
  endfacet
  facet normal 0.995186 0.0980072 0
    outer loop
      vertex 6.51283 -0.195788 15
      vertex 6.50321 -0.0981045 -3
      vertex 6.50321 -0.0981045 15
    endloop
  endfacet
  facet normal 0.995186 0.0980072 0
    outer loop
      vertex 6.50321 -0.0981045 -3
      vertex 6.51283 -0.195788 15
      vertex 6.51283 -0.195788 -3
    endloop
  endfacet
  facet normal 0.352184 0.935931 -0
    outer loop
      vertex 7.51784 -1.42039 -3
      vertex 7.42597 -1.38582 15
      vertex 7.51784 -1.42039 15
    endloop
  endfacet
  facet normal 0.352184 0.935931 0
    outer loop
      vertex 7.42597 -1.38582 15
      vertex 7.51784 -1.42039 -3
      vertex 7.42597 -1.38582 -3
    endloop
  endfacet
  facet normal -0.528139 -0.849158 0
    outer loop
      vertex 8.75 1.29904 -3
      vertex 8.83335 1.2472 15
      vertex 8.75 1.29904 15
    endloop
  endfacet
  facet normal -0.528139 -0.849158 -0
    outer loop
      vertex 8.83335 1.2472 15
      vertex 8.75 1.29904 -3
      vertex 8.83335 1.2472 -3
    endloop
  endfacet
  facet normal -0.999465 0.0327027 0
    outer loop
      vertex 9.49679 -0.0981045 -3
      vertex 9.5 0 15
      vertex 9.5 0 -3
    endloop
  endfacet
  facet normal -0.999465 0.0327027 0
    outer loop
      vertex 9.5 0 15
      vertex 9.49679 -0.0981045 -3
      vertex 9.49679 -0.0981045 15
    endloop
  endfacet
  facet normal -0.227069 -0.973879 0
    outer loop
      vertex 8.29263 1.47118 -3
      vertex 8.38823 1.44889 15
      vertex 8.29263 1.47118 15
    endloop
  endfacet
  facet normal -0.227069 -0.973879 -0
    outer loop
      vertex 8.38823 1.44889 15
      vertex 8.29263 1.47118 -3
      vertex 8.38823 1.44889 -3
    endloop
  endfacet
  facet normal -0.290347 -0.956922 0
    outer loop
      vertex 8.38823 1.44889 -3
      vertex 8.48216 1.42039 15
      vertex 8.38823 1.44889 15
    endloop
  endfacet
  facet normal -0.290347 -0.956922 -0
    outer loop
      vertex 8.48216 1.42039 15
      vertex 8.38823 1.44889 -3
      vertex 8.48216 1.42039 -3
    endloop
  endfacet
  facet normal -0.582433 -0.812879 0
    outer loop
      vertex 8.83335 1.2472 -3
      vertex 8.91314 1.19003 15
      vertex 8.83335 1.2472 15
    endloop
  endfacet
  facet normal -0.582433 -0.812879 -0
    outer loop
      vertex 8.91314 1.19003 15
      vertex 8.83335 1.2472 -3
      vertex 8.91314 1.19003 -3
    endloop
  endfacet
  facet normal 0.773014 0.634389 0
    outer loop
      vertex 6.87224 -0.989018 15
      vertex 6.80997 -0.913141 -3
      vertex 6.80997 -0.913141 15
    endloop
  endfacet
  facet normal 0.773014 0.634389 0
    outer loop
      vertex 6.80997 -0.913141 -3
      vertex 6.87224 -0.989018 15
      vertex 6.87224 -0.989018 -3
    endloop
  endfacet
  facet normal -0.910865 -0.412705 0
    outer loop
      vertex 9.38582 0.574024 -3
      vertex 9.34531 0.663432 15
      vertex 9.34531 0.663432 -3
    endloop
  endfacet
  facet normal -0.910865 -0.412705 0
    outer loop
      vertex 9.34531 0.663432 15
      vertex 9.38582 0.574024 -3
      vertex 9.38582 0.574024 15
    endloop
  endfacet
  facet normal 0.973875 0.227084 0
    outer loop
      vertex 6.55111 -0.388228 15
      vertex 6.52882 -0.292635 -3
      vertex 6.52882 -0.292635 15
    endloop
  endfacet
  facet normal 0.973875 0.227084 0
    outer loop
      vertex 6.52882 -0.292635 -3
      vertex 6.55111 -0.388228 15
      vertex 6.55111 -0.388228 -3
    endloop
  endfacet
  facet normal -0.973875 0.227084 0
    outer loop
      vertex 9.44889 -0.388228 -3
      vertex 9.47118 -0.292635 15
      vertex 9.47118 -0.292635 -3
    endloop
  endfacet
  facet normal -0.973875 0.227084 0
    outer loop
      vertex 9.47118 -0.292635 15
      vertex 9.44889 -0.388228 -3
      vertex 9.44889 -0.388228 15
    endloop
  endfacet
  facet normal -0.412697 -0.910868 0
    outer loop
      vertex 8.57402 1.38582 -3
      vertex 8.66343 1.34531 15
      vertex 8.57402 1.38582 15
    endloop
  endfacet
  facet normal -0.412697 -0.910868 -0
    outer loop
      vertex 8.66343 1.34531 15
      vertex 8.57402 1.38582 -3
      vertex 8.66343 1.34531 -3
    endloop
  endfacet
  facet normal -0.634374 0.773026 0
    outer loop
      vertex 8.98902 -1.12776 -3
      vertex 8.91314 -1.19003 15
      vertex 8.98902 -1.12776 15
    endloop
  endfacet
  facet normal -0.634374 0.773026 0
    outer loop
      vertex 8.91314 -1.19003 15
      vertex 8.98902 -1.12776 -3
      vertex 8.91314 -1.19003 -3
    endloop
  endfacet
  facet normal 0.528093 -0.849187 0
    outer loop
      vertex 7.16664 1.2472 -3
      vertex 7.25 1.29904 15
      vertex 7.16664 1.2472 15
    endloop
  endfacet
  facet normal 0.528093 -0.849187 0
    outer loop
      vertex 7.25 1.29904 15
      vertex 7.16664 1.2472 -3
      vertex 7.25 1.29904 -3
    endloop
  endfacet
  facet normal 0.999465 0.0327027 0
    outer loop
      vertex 6.50321 -0.0981045 15
      vertex 6.5 0 -3
      vertex 6.5 0 15
    endloop
  endfacet
  facet normal 0.999465 0.0327027 0
    outer loop
      vertex 6.5 0 -3
      vertex 6.50321 -0.0981045 15
      vertex 6.50321 -0.0981045 -3
    endloop
  endfacet
  facet normal -0.471376 0.881932 0
    outer loop
      vertex 8.75 -1.29904 -3
      vertex 8.66343 -1.34531 15
      vertex 8.75 -1.29904 15
    endloop
  endfacet
  facet normal -0.471376 0.881932 0
    outer loop
      vertex 8.66343 -1.34531 15
      vertex 8.75 -1.29904 -3
      vertex 8.66343 -1.34531 -3
    endloop
  endfacet
  facet normal 0.0327009 -0.999465 0
    outer loop
      vertex 7.90189 1.49679 -3
      vertex 8 1.5 15
      vertex 7.90189 1.49679 15
    endloop
  endfacet
  facet normal 0.0327009 -0.999465 0
    outer loop
      vertex 8 1.5 15
      vertex 7.90189 1.49679 -3
      vertex 8 1.5 -3
    endloop
  endfacet
  facet normal 0.910865 0.412705 0
    outer loop
      vertex 6.65469 -0.663432 15
      vertex 6.61418 -0.574024 -3
      vertex 6.61418 -0.574024 15
    endloop
  endfacet
  facet normal 0.910865 0.412705 0
    outer loop
      vertex 6.61418 -0.574024 -3
      vertex 6.65469 -0.663432 15
      vertex 6.65469 -0.663432 -3
    endloop
  endfacet
  facet normal -0.812865 -0.582452 0
    outer loop
      vertex 9.2472 0.833355 -3
      vertex 9.19003 0.913141 15
      vertex 9.19003 0.913141 -3
    endloop
  endfacet
  facet normal -0.812865 -0.582452 0
    outer loop
      vertex 9.19003 0.913141 15
      vertex 9.2472 0.833355 -3
      vertex 9.2472 0.833355 15
    endloop
  endfacet
  facet normal -0.986643 0.1629 0
    outer loop
      vertex 9.47118 -0.292635 -3
      vertex 9.48717 -0.195788 15
      vertex 9.48717 -0.195788 -3
    endloop
  endfacet
  facet normal -0.986643 0.1629 0
    outer loop
      vertex 9.48717 -0.195788 15
      vertex 9.47118 -0.292635 -3
      vertex 9.47118 -0.292635 15
    endloop
  endfacet
  facet normal -0.528139 0.849158 0
    outer loop
      vertex 8.83335 -1.2472 -3
      vertex 8.75 -1.29904 15
      vertex 8.83335 -1.2472 15
    endloop
  endfacet
  facet normal -0.528139 0.849158 0
    outer loop
      vertex 8.75 -1.29904 15
      vertex 8.83335 -1.2472 -3
      vertex 8.75 -1.29904 -3
    endloop
  endfacet
  facet normal 0.683602 -0.729855 0
    outer loop
      vertex 6.93934 1.06066 -3
      vertex 7.01098 1.12776 15
      vertex 6.93934 1.06066 15
    endloop
  endfacet
  facet normal 0.683602 -0.729855 0
    outer loop
      vertex 7.01098 1.12776 15
      vertex 6.93934 1.06066 -3
      vertex 7.01098 1.12776 -3
    endloop
  endfacet
  facet normal 0.881928 -0.471384 0
    outer loop
      vertex 6.65469 0.663432 15
      vertex 6.70096 0.75 -3
      vertex 6.70096 0.75 15
    endloop
  endfacet
  facet normal 0.881928 -0.471384 0
    outer loop
      vertex 6.70096 0.75 -3
      vertex 6.65469 0.663432 15
      vertex 6.65469 0.663432 -3
    endloop
  endfacet
  facet normal 0.973875 -0.227084 0
    outer loop
      vertex 6.52882 0.292635 15
      vertex 6.55111 0.388228 -3
      vertex 6.55111 0.388228 15
    endloop
  endfacet
  facet normal 0.973875 -0.227084 0
    outer loop
      vertex 6.55111 0.388228 -3
      vertex 6.52882 0.292635 15
      vertex 6.52882 0.292635 -3
    endloop
  endfacet
  facet normal -0.290347 0.956922 0
    outer loop
      vertex 8.48216 -1.42039 -3
      vertex 8.38823 -1.44889 15
      vertex 8.48216 -1.42039 15
    endloop
  endfacet
  facet normal -0.290347 0.956922 0
    outer loop
      vertex 8.38823 -1.44889 15
      vertex 8.48216 -1.42039 -3
      vertex 8.38823 -1.44889 -3
    endloop
  endfacet
  facet normal 0.995186 -0.0980072 0
    outer loop
      vertex 6.50321 0.0981045 15
      vertex 6.51283 0.195788 -3
      vertex 6.51283 0.195788 15
    endloop
  endfacet
  facet normal 0.995186 -0.0980072 0
    outer loop
      vertex 6.51283 0.195788 -3
      vertex 6.50321 0.0981045 15
      vertex 6.50321 0.0981045 -3
    endloop
  endfacet
  facet normal -0.0980007 -0.995186 0
    outer loop
      vertex 8.0981 1.49679 -3
      vertex 8.19579 1.48717 15
      vertex 8.0981 1.49679 15
    endloop
  endfacet
  facet normal -0.0980007 -0.995186 -0
    outer loop
      vertex 8.19579 1.48717 15
      vertex 8.0981 1.49679 -3
      vertex 8.19579 1.48717 -3
    endloop
  endfacet
  facet normal 0.582481 -0.812844 0
    outer loop
      vertex 7.08686 1.19003 -3
      vertex 7.16664 1.2472 15
      vertex 7.08686 1.19003 15
    endloop
  endfacet
  facet normal 0.582481 -0.812844 0
    outer loop
      vertex 7.16664 1.2472 15
      vertex 7.08686 1.19003 -3
      vertex 7.16664 1.2472 -3
    endloop
  endfacet
  facet normal 0.528093 0.849187 -0
    outer loop
      vertex 7.25 -1.29904 -3
      vertex 7.16664 -1.2472 15
      vertex 7.25 -1.29904 15
    endloop
  endfacet
  facet normal 0.528093 0.849187 0
    outer loop
      vertex 7.16664 -1.2472 15
      vertex 7.25 -1.29904 -3
      vertex 7.16664 -1.2472 -3
    endloop
  endfacet
  facet normal 0.0327009 0.999465 -0
    outer loop
      vertex 8 -1.5 -3
      vertex 7.90189 -1.49679 15
      vertex 8 -1.5 15
    endloop
  endfacet
  facet normal 0.0327009 0.999465 0
    outer loop
      vertex 7.90189 -1.49679 15
      vertex 8 -1.5 -3
      vertex 7.90189 -1.49679 -3
    endloop
  endfacet
  facet normal -0.935925 0.352201 0
    outer loop
      vertex 9.38582 -0.574024 -3
      vertex 9.42039 -0.482159 15
      vertex 9.42039 -0.482159 -3
    endloop
  endfacet
  facet normal -0.935925 0.352201 0
    outer loop
      vertex 9.42039 -0.482159 15
      vertex 9.38582 -0.574024 -3
      vertex 9.38582 -0.574024 15
    endloop
  endfacet
  facet normal -0.582433 0.812879 0
    outer loop
      vertex 8.91314 -1.19003 -3
      vertex 8.83335 -1.2472 15
      vertex 8.91314 -1.19003 15
    endloop
  endfacet
  facet normal -0.582433 0.812879 0
    outer loop
      vertex 8.83335 -1.2472 15
      vertex 8.91314 -1.19003 -3
      vertex 8.83335 -1.2472 -3
    endloop
  endfacet
  facet normal 0.582481 0.812844 -0
    outer loop
      vertex 7.16664 -1.2472 -3
      vertex 7.08686 -1.19003 15
      vertex 7.16664 -1.2472 15
    endloop
  endfacet
  facet normal 0.582481 0.812844 0
    outer loop
      vertex 7.08686 -1.19003 15
      vertex 7.16664 -1.2472 -3
      vertex 7.08686 -1.19003 -3
    endloop
  endfacet
  facet normal 0.910865 -0.412705 0
    outer loop
      vertex 6.61418 0.574024 15
      vertex 6.65469 0.663432 -3
      vertex 6.65469 0.663432 15
    endloop
  endfacet
  facet normal 0.910865 -0.412705 0
    outer loop
      vertex 6.65469 0.663432 -3
      vertex 6.61418 0.574024 15
      vertex 6.61418 0.574024 -3
    endloop
  endfacet
  facet normal 0.986643 0.1629 0
    outer loop
      vertex 6.52882 -0.292635 15
      vertex 6.51283 -0.195788 -3
      vertex 6.51283 -0.195788 15
    endloop
  endfacet
  facet normal 0.986643 0.1629 0
    outer loop
      vertex 6.51283 -0.195788 -3
      vertex 6.52882 -0.292635 15
      vertex 6.52882 -0.292635 -3
    endloop
  endfacet
  facet normal -0.0327042 -0.999465 0
    outer loop
      vertex 8 1.5 -3
      vertex 8.0981 1.49679 15
      vertex 8 1.5 15
    endloop
  endfacet
  facet normal -0.0327042 -0.999465 -0
    outer loop
      vertex 8.0981 1.49679 15
      vertex 8 1.5 -3
      vertex 8.0981 1.49679 -3
    endloop
  endfacet
  facet normal 0.412736 0.910851 -0
    outer loop
      vertex 7.42597 -1.38582 -3
      vertex 7.33657 -1.34531 15
      vertex 7.42597 -1.38582 15
    endloop
  endfacet
  facet normal 0.412736 0.910851 0
    outer loop
      vertex 7.33657 -1.34531 15
      vertex 7.42597 -1.38582 -3
      vertex 7.33657 -1.34531 -3
    endloop
  endfacet
  facet normal -0.729864 0.683592 0
    outer loop
      vertex 9.06066 -1.06066 -3
      vertex 9.12776 -0.989018 15
      vertex 9.12776 -0.989018 -3
    endloop
  endfacet
  facet normal -0.729864 0.683592 0
    outer loop
      vertex 9.12776 -0.989018 15
      vertex 9.06066 -1.06066 -3
      vertex 9.06066 -1.06066 15
    endloop
  endfacet
  facet normal -0.683602 -0.729855 0
    outer loop
      vertex 8.98902 1.12776 -3
      vertex 9.06066 1.06066 15
      vertex 8.98902 1.12776 15
    endloop
  endfacet
  facet normal -0.683602 -0.729855 -0
    outer loop
      vertex 9.06066 1.06066 15
      vertex 8.98902 1.12776 -3
      vertex 9.06066 1.06066 -3
    endloop
  endfacet
  facet normal -0.729864 -0.683592 0
    outer loop
      vertex 9.12776 0.989018 -3
      vertex 9.06066 1.06066 15
      vertex 9.06066 1.06066 -3
    endloop
  endfacet
  facet normal -0.729864 -0.683592 0
    outer loop
      vertex 9.06066 1.06066 15
      vertex 9.12776 0.989018 -3
      vertex 9.12776 0.989018 15
    endloop
  endfacet
  facet normal -0.935925 -0.352201 0
    outer loop
      vertex 9.42039 0.482159 -3
      vertex 9.38582 0.574024 15
      vertex 9.38582 0.574024 -3
    endloop
  endfacet
  facet normal -0.935925 -0.352201 0
    outer loop
      vertex 9.38582 0.574024 15
      vertex 9.42039 0.482159 -3
      vertex 9.42039 0.482159 15
    endloop
  endfacet
  facet normal 0.935891 0.35229 0
    outer loop
      vertex 6.61418 -0.574024 15
      vertex 6.5796 -0.482159 -3
      vertex 6.5796 -0.482159 15
    endloop
  endfacet
  facet normal 0.935891 0.35229 0
    outer loop
      vertex 6.5796 -0.482159 -3
      vertex 6.61418 -0.574024 15
      vertex 6.61418 -0.574024 -3
    endloop
  endfacet
  facet normal -0.683602 0.729855 0
    outer loop
      vertex 9.06066 -1.06066 -3
      vertex 8.98902 -1.12776 15
      vertex 9.06066 -1.06066 15
    endloop
  endfacet
  facet normal -0.683602 0.729855 0
    outer loop
      vertex 8.98902 -1.12776 15
      vertex 9.06066 -1.06066 -3
      vertex 8.98902 -1.12776 -3
    endloop
  endfacet
  facet normal -0.773014 0.634389 0
    outer loop
      vertex 9.12776 -0.989018 -3
      vertex 9.19003 -0.913141 15
      vertex 9.19003 -0.913141 -3
    endloop
  endfacet
  facet normal -0.773014 0.634389 0
    outer loop
      vertex 9.19003 -0.913141 15
      vertex 9.12776 -0.989018 -3
      vertex 9.12776 -0.989018 15
    endloop
  endfacet
  facet normal 0.956951 -0.290251 0
    outer loop
      vertex 6.55111 0.388228 15
      vertex 6.5796 0.482159 -3
      vertex 6.5796 0.482159 15
    endloop
  endfacet
  facet normal 0.956951 -0.290251 0
    outer loop
      vertex 6.5796 0.482159 -3
      vertex 6.55111 0.388228 15
      vertex 6.55111 0.388228 -3
    endloop
  endfacet
  facet normal 0.0980107 0.995185 -0
    outer loop
      vertex 7.90189 -1.49679 -3
      vertex 7.80421 -1.48717 15
      vertex 7.90189 -1.49679 15
    endloop
  endfacet
  facet normal 0.0980107 0.995185 0
    outer loop
      vertex 7.80421 -1.48717 15
      vertex 7.90189 -1.49679 -3
      vertex 7.80421 -1.48717 -3
    endloop
  endfacet
  facet normal 0.849172 -0.528116 0
    outer loop
      vertex 6.70096 0.75 15
      vertex 6.7528 0.833355 -3
      vertex 6.7528 0.833355 15
    endloop
  endfacet
  facet normal 0.849172 -0.528116 0
    outer loop
      vertex 6.7528 0.833355 -3
      vertex 6.70096 0.75 15
      vertex 6.70096 0.75 -3
    endloop
  endfacet
  facet normal 0.849172 0.528116 0
    outer loop
      vertex 6.7528 -0.833355 15
      vertex 6.70096 -0.75 -3
      vertex 6.70096 -0.75 15
    endloop
  endfacet
  facet normal 0.849172 0.528116 0
    outer loop
      vertex 6.70096 -0.75 -3
      vertex 6.7528 -0.833355 15
      vertex 6.7528 -0.833355 -3
    endloop
  endfacet
  facet normal 0.290347 0.956922 -0
    outer loop
      vertex 7.61177 -1.44889 -3
      vertex 7.51784 -1.42039 15
      vertex 7.61177 -1.44889 15
    endloop
  endfacet
  facet normal 0.290347 0.956922 0
    outer loop
      vertex 7.51784 -1.42039 15
      vertex 7.61177 -1.44889 -3
      vertex 7.51784 -1.42039 -3
    endloop
  endfacet
  facet normal 0.634374 0.773026 -0
    outer loop
      vertex 7.08686 -1.19003 -3
      vertex 7.01098 -1.12776 15
      vertex 7.08686 -1.19003 15
    endloop
  endfacet
  facet normal 0.634374 0.773026 0
    outer loop
      vertex 7.01098 -1.12776 15
      vertex 7.08686 -1.19003 -3
      vertex 7.01098 -1.12776 -3
    endloop
  endfacet
endsolid OpenSCAD_Model
